sender,sender_type,receiver,receiver_type,date,amount,risk,risk_type
Perum Hartati (Persero) Tbk,corporation,Partai Indonesia Maju,political-party,2025-04-28,120515158,False,
PT Pratama (Persero) Tbk,corporation,"R.A. Rini Manullang, M.TI.",individual,2024-02-05,21048808441,True,self_funded
PD Pratama Samosir,corporation,Keisha Pertiwi,individual,2024-05-02,5528915,True,smurfing
PT Kusmawati Situmorang (Persero) Tbk,corporation,Dt. Darijan Novitasari,individual,2025-07-23,15420342055,True,self_funded
PT Sirait Budiman (Persero) Tbk,corporation,Bahuwarna Mulyani,individual,2025-05-31,1073679740,True,self_funded
UD Wijaya Astuti (Persero) Tbk,corporation,Darimin Mansur,individual,2025-12-02,10133711777,False,
CV Rahmawati,organization,Partai Kebangkitan Rakyat,political-party,2025-07-16,11872130,True,smurfing
Betania Mangunsong,individual,Hj. Shakila Saefullah,individual,2024-08-20,1134269592,False,
CV Rajasa,corporation,KH. Gara Hariyah,individual,2024-06-14,11144689613,False,
Pemkab Toba,organization,Paiman Lailasari,individual,2024-01-21,12122916700,True,illegal_source
PD Wibisono Hariyah Tbk,organization,Partai Indonesia Maju,political-party,2024-09-19,128559005,True,proxy
PD Winarno Santoso,corporation,Partai Nasional Demokrat,political-party,2024-05-01,269205488,False,
"R. Kawaca Setiawan, M.Kom.",individual,Partai Demokrat,political-party,2025-12-30,12363115,False,
CV Pranowo Hardiansyah (Persero) Tbk,corporation,Hari Anggriawan,individual,2024-12-16,20892585413,False,
PD Yolanda Narpati (Persero) Tbk,corporation,Prayogo Firmansyah,individual,2024-01-25,9428916923,True,self_funded
"Drs. Halima Halim, M.Farm",individual,Karen Sihombing,individual,2024-05-13,626531610,False,
UD Putra Uwais Tbk,corporation,Partai Indonesia Maju,political-party,2024-11-17,3231409,True,smurfing
"Shakila Prastuti, M.TI.",individual,"Salsabila Iswahyudi, M.TI.",individual,2024-04-05,873995151,False,
UD Fujiati Safitri (Persero) Tbk,corporation,Partai Amanat Rakyat,political-party,2024-03-29,358379255,False,
Maya Zulaika,individual,Hani Namaga,individual,2024-05-13,1650039532,False,
PD Wahyuni,organization,Mala Suryono,individual,2025-07-12,20781798360,False,
UD Hidayanto,corporation,Rahayu Suryatmi,individual,2025-12-22,1085475111,True,proxy
Adiarja Halimah,individual,Ella Nababan,individual,2025-01-24,231849574,True,self_funded
Mujur Pratiwi,individual,Partai Keadilan Indonesia,political-party,2025-02-25,101755914,False,
CV Latupono Wibisono,corporation,Rama Nababan,individual,2024-11-23,2325093979,True,self_funded
"R. Cengkir Suwarno, M.Kom.",individual,Partai Persatuan,political-party,2024-04-16,158641373,False,
"Daru Prasetya, S.Psi",individual,Partai Rakyat Sejahtera,political-party,2024-11-26,83695045,True,smurfing
R. Emil Maryadi,individual,Partai Persatuan,political-party,2025-11-09,154373982,False,
"Garan Agustina, S.E.",individual,Tgk. Faizah Pangestu,individual,2025-03-23,2008880293,False,
Perum Maryati Tbk,corporation,Aisyah Suryatmi,individual,2024-07-15,11414644250,False,
Kementerian Pendidikan Nasional,organization,Radika Oktaviani,individual,2025-09-20,3422523156,True,illegal_source
Perum Wulandari Tbk,corporation,Partai Demokrat,political-party,2024-09-13,249505151,True,proxy
PT Zulkarnain Tbk,corporation,"Cengkal Wibisono, S.Pt",individual,2024-11-11,24016416306,True,self_funded
Ratna Firgantoro,individual,"Dt. Galak Suartini, S.Gz",individual,2024-07-07,343092192,True,self_funded
Farhunnisa Laksita,individual,Partai Harapan Bangsa,political-party,2024-05-30,20652380,False,
CV Lailasari Sirait,organization,Partai Kebangkitan Rakyat,political-party,2025-01-31,937842035,True,proxy
dr. Hasta Padmasari,individual,Gilang Sinaga,individual,2024-04-07,2235097015,False,
Kementerian Pendidikan Nasional,organization,Rini Wacana,individual,2025-02-10,24333384310,True,illegal_source
Karsana Prastuti,individual,Lega Simanjuntak,individual,2025-09-08,1602690138,True,self_funded
"Tiara Widodo, M.Farm",individual,Partai Nasional Demokrat,political-party,2025-03-27,169811164,False,
Hani Rajata,individual,Partai Persatuan,political-party,2025-04-25,15251882,False,
Bagas Firmansyah,individual,Partai Keadilan Indonesia,political-party,2025-10-29,355158003,True,over_limit
PD Prasetyo Firgantoro,organization,Sadina Susanti,individual,2025-01-05,10016871352,False,
"Vivi Yulianti, S.E.I",individual,Partai Nasional Demokrat,political-party,2025-10-19,3232633,True,smurfing
"dr. Unggul Ramadan, M.Ak",individual,R.A. Zizi Nababan,individual,2025-06-03,2021919955,False,
Zelaya Habibi,individual,Partai Persatuan,political-party,2025-06-07,371500482,True,over_limit
CV Sinaga,corporation,Sarah Kuswandari,individual,2025-01-08,23435967526,True,self_funded
Perum Wahyuni Winarsih Tbk,corporation,Erik Uyainah,individual,2024-02-05,273973613,True,proxy
Zelda Zulkarnain,individual,Endah Kusumo,individual,2024-04-10,8081453,True,smurfing
UD Hutapea Thamrin (Persero) Tbk,organization,Partai Kebangkitan Rakyat,political-party,2025-12-11,1305333638,True,proxy
"T. Cahyadi Maulana, S.Kom",individual,Muhammad Mangunsong,individual,2024-04-20,1870091920,True,self_funded
UD Suryono,corporation,Rahmi Habibi,individual,2025-05-08,8585952471,False,
Drajat Purnawati,individual,Yani Suartini,individual,2025-11-09,2144532823,True,self_funded
Kamal Wijayanti,individual,Partai Amanat Rakyat,political-party,2024-08-28,67695517,False,
Perum Suryono,corporation,Atmaja Hariyah,individual,2025-04-15,1251091205,True,proxy
Yulia Usamah,individual,"Ir. Ellis Saputra, S.Farm",individual,2024-06-17,1501570740,False,
PT Rahmawati,corporation,Partai Rakyat Sejahtera,political-party,2025-11-10,1638914700,True,proxy
UD Prakasa (Persero) Tbk,corporation,Partai Keadilan Indonesia,political-party,2024-09-05,393561028,False,
UD Kuswoyo Handayani Tbk,organization,Partai Kebangkitan Rakyat,political-party,2025-05-10,313877444,True,proxy
PT Ardianto Wibowo Tbk,corporation,Partai Indonesia Maju,political-party,2024-11-06,1262840722,True,proxy
PD Mandasari Palastri (Persero) Tbk,corporation,Dr. Gilda Pratama,individual,2025-04-02,35880572,True,smurfing
Maida Handayani,individual,Partai Kebangkitan Rakyat,political-party,2024-08-11,29860156,False,
"Dr. Danu Nasyidah, S.T.",individual,Partai Nasional Demokrat,political-party,2024-10-12,49482728,False,
PT Wibisono Sirait Tbk,corporation,Partai Persatuan,political-party,2025-07-16,994622446,True,over_limit
PD Haryanto Namaga Tbk,organization,Partai Amanat Rakyat,political-party,2025-01-23,9906490,True,smurfing
Ir. Prayogo Simbolon,individual,Partai Persatuan,political-party,2024-02-11,17231345,False,
CV Wijaya (Persero) Tbk,organization,Partai Nasional Demokrat,political-party,2024-12-31,1657365397,True,proxy
Adhiarja Nugroho,individual,dr. Aurora Haryanto,individual,2025-08-31,1127646596,False,
drg. Yessi Pratama,individual,"Ganda Tarihoran, M.TI.",individual,2025-01-02,2056542388,False,
Perum Fujiati,corporation,Partai Demokrat,political-party,2025-03-10,1735208702,True,proxy
Dt. Langgeng Sihombing,individual,"Maida Pratama, S.IP",individual,2025-02-24,629681147,False,
CV Utami Maulana Tbk,corporation,Titi Hidayat,individual,2024-03-08,62860783,True,smurfing
PD Sihombing Winarno,corporation,R. Violet Hutagalung,individual,2024-03-16,142807516,True,self_funded
CV Nashiruddin,organization,"Hj. Belinda Hidayat, S.T.",individual,2024-12-17,1030186527,True,proxy
PD Dabukke (Persero) Tbk,organization,"Olga Wahyudin, S.Sos",individual,2024-12-15,1698857902,True,proxy
Perum Tampubolon (Persero) Tbk,organization,Partai Demokrat,political-party,2024-03-04,159423919,False,
"Harja Utama, M.Farm",individual,Partai Nasional Demokrat,political-party,2025-05-22,87519303,True,smurfing
"Jamalia Mandala, S.IP",individual,Unggul Marpaung,individual,2024-12-08,2235870225,False,
Perum Rahimah Saptono,corporation,Citra Firgantoro,individual,2024-10-25,2821498428,False,
CV Tarihoran,organization,Damu Budiyanto,individual,2024-10-08,51937678,True,proxy
Rina Melani,individual,Partai Kebangkitan Rakyat,political-party,2025-04-22,36061649,False,
Kani Mahendra,individual,"Marwata Prakasa, S.IP",individual,2024-08-09,11260759,True,smurfing
PD Firmansyah,corporation,Partai Indonesia Maju,political-party,2025-12-01,283204311,False,
PD Susanti Narpati,corporation,"Prayogo Pratiwi, M.Ak",individual,2024-02-18,15335887299,True,self_funded
"R. Cager Utami, S.Pt",individual,Kenari Budiman,individual,2025-01-16,1360878452,False,
CV Hidayanto Mangunsong,corporation,Partai Rakyat Sejahtera,political-party,2024-11-18,302334552,True,proxy
CV Mustofa Simanjuntak (Persero) Tbk,corporation,Ulva Firgantoro,individual,2025-09-06,164796982,True,proxy
CV Waluyo,corporation,Partai Amanat Rakyat,political-party,2024-09-13,1174597424,True,proxy
Kartika Hidayanto,individual,Ciaobella Prayoga,individual,2024-10-15,233474544,False,
Bahuwirya Megantara,individual,Jono Saefullah,individual,2025-02-04,1273035699,False,
Maras Budiman,individual,Partai Kebangkitan Rakyat,political-party,2025-06-17,141909594,False,
PT Mandasari,corporation,Partai Solidaritas Indonesia,political-party,2025-08-03,300172992,False,
Edi Pranowo,individual,"Tgk. Latif Nababan, S.T.",individual,2024-03-27,1872686931,False,
"R. Bala Saptono, M.Ak",individual,Partai Harapan Bangsa,political-party,2024-04-30,977136,True,smurfing
PT Maryati Najmudin,organization,Sutan Raharja Mahendra,individual,2024-07-05,294728169,True,proxy
PD Pranowo (Persero) Tbk,corporation,Gada Pradipta,individual,2025-05-30,7471256561,True,self_funded
drg. Kacung Yuniar,individual,dr. Winda Oktaviani,individual,2024-03-02,1588161759,False,
Putu Suwarno,individual,Partai Solidaritas Indonesia,political-party,2024-03-07,163350397,False,
Jatmiko Adriansyah,individual,Partai Solidaritas Indonesia,political-party,2024-12-06,29269762,False,
Perum Saefullah,corporation,Partai Persatuan,political-party,2024-08-31,651902844,False,
CV Purwanti Tbk,corporation,Mulya Rahmawati,individual,2025-09-24,54735580,True,smurfing
Perum Yuliarti Suwarno,organization,R.A. Vanya Wasita,individual,2025-10-29,2162927383,False,
Gilang Prakasa,individual,Anggabaya Pudjiastuti,individual,2025-07-28,1553066633,True,self_funded
"Tantri Nasyiah, S.Pt",individual,Partai Harapan Bangsa,political-party,2025-10-02,129896184,False,
Amalia Narpati,individual,Partai Indonesia Maju,political-party,2025-09-09,72997226,False,
PD Wijaya Januar (Persero) Tbk,organization,Partai Rakyat Sejahtera,political-party,2025-07-24,1297715012,True,proxy
CV Simbolon,corporation,Vivi Setiawan,individual,2024-06-20,87431430,True,smurfing
PD Suartini (Persero) Tbk,organization,"Cemeti Pudjiastuti, S.IP",individual,2024-10-10,3054394542,False,
PD Wibisono,corporation,Radika Sihombing,individual,2024-07-31,10054823074,False,
PT Lestari Puspita (Persero) Tbk,organization,Partai Kebangkitan Rakyat,political-party,2025-07-05,501871580,True,proxy
Harjasa Wastuti,individual,Partai Demokrat,political-party,2024-10-22,8354741,False,
dr. Edi Saputra,individual,Partai Kebangkitan Rakyat,political-party,2024-04-25,126205262,False,
PT Kuswoyo,corporation,Hesti Mansur,individual,2024-09-16,1045941933,True,self_funded
"Tira Permata, S.IP",individual,Partai Keadilan Indonesia,political-party,2025-04-07,38894777,True,smurfing
UD Saragih Lazuardi,corporation,Yunita Sinaga,individual,2025-12-24,3527993881,False,
Nrima Namaga,individual,Malik Mayasari,individual,2024-04-28,1409533256,True,self_funded
Perum Ramadan Prayoga,corporation,Partai Demokrat,political-party,2025-07-30,670049959,False,
Harja Samosir,individual,"Shakila Sihombing, S.E.I",individual,2024-05-18,78832482,True,smurfing
PD Usamah Wijaya Tbk,organization,drg. Ega Kuswoyo,individual,2024-06-19,1042595808,True,proxy
PD Palastri Handayani Tbk,corporation,"Drs. Emil Kusmawati, M.M.",individual,2025-10-06,11097878316,True,self_funded
"Karma Sihotang, S.Psi",individual,Partai Keadilan Indonesia,political-party,2025-08-02,105004528,False,
Jati Suryono,individual,"Arta Budiyanto, S.H.",individual,2025-04-22,378445589,True,self_funded
Cinta Siregar,individual,Unggul Pudjiastuti,individual,2024-05-01,1536867773,False,
Hj. Ella Prasasta,individual,Juli Rahimah,individual,2025-07-22,162974962,False,
CV Palastri Kurniawan,organization,Partai Harapan Bangsa,political-party,2025-07-26,1899833604,True,proxy
UD Prasasta Handayani (Persero) Tbk,corporation,"H. Banara Susanti, S.Pd",individual,2025-08-10,12169909058,True,self_funded
PD Mahendra (Persero) Tbk,corporation,"Ir. Febi Utama, S.I.Kom",individual,2025-07-14,1009102555,True,proxy
CV Samosir Prasetyo Tbk,corporation,"Langgeng Suwarno, M.TI.",individual,2025-11-10,7508706540,True,self_funded
Halima Budiyanto,individual,Heru Permadi,individual,2025-06-20,1167016653,False,
PD Wibisono,organization,Partai Persatuan,political-party,2025-07-08,94725914,True,smurfing
Daniswara Saragih,individual,Partai Harapan Bangsa,political-party,2024-03-10,21077630,False,
PD Nuraini Adriansyah,organization,Yusuf Damanik,individual,2024-09-11,893599273,True,proxy
Raisa Salahudin,individual,dr. Ophelia Melani,individual,2025-02-17,91213294,True,smurfing
PD Yulianti Jailani (Persero) Tbk,corporation,Yunita Suwarno,individual,2024-02-15,18876091958,False,
Mala Zulaika,individual,Septi Prastuti,individual,2024-07-16,1948968254,False,
"Lukita Tamba, M.Farm",individual,"KH. Ikin Halimah, S.Gz",individual,2024-06-29,1106851059,False,
PD Mansur,corporation,Partai Harapan Bangsa,political-party,2025-09-14,1120160707,True,over_limit
UD Haryanto,corporation,Gilda Mandasari,individual,2025-11-16,10183203665,False,
UD Permata (Persero) Tbk,corporation,Candrakanta Prayoga,individual,2025-02-05,47389953,True,smurfing
"H. Catur Sihombing, S.Pd",individual,"Kasiyah Waluyo, M.Ak",individual,2024-12-25,1717771381,False,
PT Sihombing Rahimah,organization,Partai Amanat Rakyat,political-party,2025-09-17,1527643407,True,over_limit
Perum Simbolon Sitorus (Persero) Tbk,corporation,Partai Amanat Rakyat,political-party,2025-09-06,476667133,False,
Perum Sihombing Nainggolan (Persero) Tbk,corporation,Partai Rakyat Sejahtera,political-party,2025-10-30,199488538,False,
CV Prasetyo,corporation,Gandi Damanik,individual,2025-04-01,40907489638,True,over_limit
dr. Ophelia Melani,individual,"Puti Ratna Usada, S.Pd",individual,2025-08-15,515094442,False,
PT Widiastuti Purnawati,corporation,Anastasia Kusmawati,individual,2025-04-28,17462508160,False,
CV Suryatmi (Persero) Tbk,corporation,Partai Solidaritas Indonesia,political-party,2024-06-17,86309589,False,
Perum Suryatmi Saputra,organization,Partai Solidaritas Indonesia,political-party,2024-08-09,92040594,True,smurfing
Perum Hasanah Nugroho,organization,Kasiyah Mansur,individual,2024-12-21,90893225,True,smurfing
UD Mayasari (Persero) Tbk,corporation,Artanto Oktaviani,individual,2025-05-11,20154917819,True,self_funded
Dacin Zulkarnain,individual,Partai Solidaritas Indonesia,political-party,2025-09-16,80006917,False,
Candrakanta Irawan,individual,Partai Kebangkitan Rakyat,political-party,2025-08-06,105240699,False,
"R. Jumadi Jailani, S.E.",individual,Caket Lailasari,individual,2024-10-28,902391368,True,self_funded
Mila Purnawati,individual,Partai Kebangkitan Rakyat,political-party,2024-04-29,145636677,False,
CV Hakim (Persero) Tbk,organization,Partai Keadilan Indonesia,political-party,2025-03-05,289788744,False,
PT Sihotang Pratiwi,organization,"Dt. Aditya Hariyah, S.IP",individual,2024-06-13,5452126320,False,
"KH. Setya Suartini, M.M.",individual,Partai Kebangkitan Rakyat,political-party,2024-03-18,111868935,False,
Wisnu Namaga,individual,Partai Rakyat Sejahtera,political-party,2025-08-09,332940287,True,over_limit
CV Tampubolon Tbk,corporation,Partai Keadilan Indonesia,political-party,2025-07-28,169303406,False,
PD Mandasari,corporation,"R. Galih Anggraini, S.Gz",individual,2024-09-26,13974050963,True,self_funded
PT Laksita,corporation,"Puti Vanya Nasyidah, S.E.I",individual,2024-04-09,32434717081,True,over_limit
Perum Rahmawati Puspita,corporation,Kamila Kuswoyo,individual,2024-10-05,19085548568,True,self_funded
UD Nasyiah,organization,Partai Amanat Rakyat,political-party,2025-10-29,429711883,False,
PT Manullang,corporation,"Ir. Gadang Suartini, S.Gz",individual,2024-06-16,16733676,True,smurfing
PD Prabowo Habibi (Persero) Tbk,corporation,Partai Kebangkitan Rakyat,political-party,2025-11-05,1423408593,True,proxy
PD Andriani (Persero) Tbk,organization,Gawati Saputra,individual,2024-12-04,45103696163,True,over_limit
Sutan Caket Saragih,individual,Mustika Halimah,individual,2024-05-15,1746902951,False,
Hesti Budiman,individual,"dr. Silvia Nainggolan, M.Farm",individual,2024-01-21,1536623608,False,
R. Olivia Hidayat,individual,Partai Indonesia Maju,political-party,2025-02-16,160589255,False,
Perum Usamah (Persero) Tbk,organization,Partai Indonesia Maju,political-party,2025-12-18,1959774366,True,proxy
Perum Nurdiyanti,corporation,Karma Ardianto,individual,2024-10-18,86150545,True,smurfing
UD Prasasta (Persero) Tbk,corporation,Heru Sihombing,individual,2024-05-05,20678681106,False,
CV Saptono Hutagalung,corporation,Sutan Cahyono Zulaika,individual,2025-07-25,15624229263,False,
Ajeng Winarno,individual,Drs. Oni Mansur,individual,2024-10-30,45469072,False,
Pemerintah Kabupaten Banyumas,organization,Gada Maheswara,individual,2024-02-07,30630097033,True,illegal_source
Pemerintah Kota Surabaya,organization,Galak Purwanti,individual,2024-10-19,10648275220,True,illegal_source
CV Namaga Suryatmi,organization,Zamira Pangestu,individual,2024-08-04,764398584,True,proxy
UD Andriani Samosir (Persero) Tbk,corporation,Nabila Prakasa,individual,2024-09-28,6408923182,False,
Gina Jailani,individual,dr. Yono Purwanti,individual,2025-08-24,2144756230,True,self_funded
Belinda Simanjuntak,individual,Karimah Sudiati,individual,2024-12-01,1663290728,False,
Bakiadi Wahyuni,individual,Ulya Sihotang,individual,2025-06-22,673305561,False,
PD Rajasa,organization,Partai Nasional Demokrat,political-party,2025-05-18,471746515,True,proxy
"R. Oliva Utama, M.Pd",individual,Partai Keadilan Indonesia,political-party,2025-10-30,30168945,False,
Emong Sihombing,individual,Hafshah Mustofa,individual,2025-04-12,2465530278,True,self_funded
Lasmono Wastuti,individual,Partai Nasional Demokrat,political-party,2024-06-10,45979338,False,
PD Oktaviani (Persero) Tbk,corporation,Partai Keadilan Indonesia,political-party,2024-02-19,360842194,False,
UD Ramadan,organization,Najam Utami,individual,2025-01-20,25740102,True,smurfing
Hamima Lailasari,individual,Pandu Hidayat,individual,2025-01-24,1150312067,False,
PD Zulkarnain Nainggolan (Persero) Tbk,organization,R.A. Dina Suryatmi,individual,2025-04-26,1257406385,True,proxy
Perum Marbun Uwais (Persero) Tbk,corporation,Partai Amanat Rakyat,political-party,2024-07-17,62979734,True,smurfing
"Fitria Halim, S.T.",individual,Partai Nasional Demokrat,political-party,2025-07-16,58932130,False,
CV Nashiruddin Kusumo (Persero) Tbk,organization,Partai Kebangkitan Rakyat,political-party,2024-10-27,1566570147,True,proxy
Silvia Uyainah,individual,Cut Carla Suryono,individual,2024-10-05,1839001707,True,self_funded
PD Gunawan Sihombing,organization,Partai Harapan Bangsa,political-party,2024-05-21,643992390,True,proxy
PD Anggriawan,organization,"Sutan Jayeng Pertiwi, S.Kom",individual,2024-01-22,17584864817,False,
Zulaikha Wahyudin,individual,Kunthara Situmorang,individual,2025-05-01,1415827365,True,self_funded
CV Suwarno Winarsih (Persero) Tbk,organization,Partai Rakyat Sejahtera,political-party,2024-04-14,64032728,True,smurfing
UD Haryanti,organization,Partai Amanat Rakyat,political-party,2024-05-07,1663146271,True,proxy
UD Prastuti (Persero) Tbk,corporation,Partai Keadilan Indonesia,political-party,2024-10-19,87934465,True,smurfing
Perum Simbolon (Persero) Tbk,corporation,Lanang Winarsih,individual,2024-08-25,2228554044,True,self_funded
T. Edward Widodo,individual,Partai Harapan Bangsa,political-party,2024-01-02,150022863,False,
Adikara Napitupulu,individual,Panca Wasita,individual,2024-04-10,1725407089,False,
PT Pertamina (Persero),corporation,"Tgk. Gara Yuliarti, S.E.I",individual,2024-07-02,18206040910,True,illegal_source
PD Padmasari (Persero) Tbk,corporation,Timbul Yolanda,individual,2024-03-10,21881011705,True,self_funded
UD Mustofa Wastuti,corporation,"Gading Usada, S.T.",individual,2025-11-24,8553176696,False,
BUMN Mina Permai,corporation,Partai Kebangkitan Rakyat,political-party,2024-07-06,62882727,True,illegal_source
Ratna Hutasoit,individual,Muni Waluyo,individual,2025-08-24,226189423,False,
Perum Pranowo Purwanti,corporation,Salimah Kuswandari,individual,2025-02-12,95461340,True,smurfing
Laswi Suwarno,individual,Mulya Suryatmi,individual,2025-04-18,906114430,False,
Pemerintah Desa Sukamulya,organization,Vivi Laksita,individual,2024-05-29,7974726782,True,illegal_source
Perum Uwais,corporation,Partai Persatuan,political-party,2025-03-14,543168492,True,proxy
Candra Riyanti,individual,Partai Rakyat Sejahtera,political-party,2025-09-01,133851154,False,
UD Gunawan Narpati,organization,Partai Solidaritas Indonesia,political-party,2025-01-12,532767844,False,
Gilda Permata,individual,Partai Persatuan,political-party,2025-05-11,166490023,False,
Putu Putra,individual,Upik Salahudin,individual,2025-03-05,1463276382,False,
"Sutan Bakijan Januar, M.Farm",individual,Partai Nasional Demokrat,political-party,2025-09-04,51851500,False,
PD Kusumo Suryono,corporation,Partai Solidaritas Indonesia,political-party,2024-12-13,529773118,False,
Puji Fujiati,individual,Yosef Winarsih,individual,2024-12-21,1394756031,False,
"Ir. Cindy Pudjiastuti, M.Farm",individual,"Drs. Nadine Sitorus, S.I.Kom",individual,2025-01-17,343509034,False,
Perum Simanjuntak Hakim,organization,Partai Harapan Bangsa,political-party,2024-03-27,1724810810,True,proxy
"Makara Suryatmi, S.Farm",individual,Tira Prayoga,individual,2025-06-05,2038842942,False,
CV Prabowo,corporation,Partai Kebangkitan Rakyat,political-party,2024-04-01,73908864,False,
Indra Utama,individual,Partai Amanat Rakyat,political-party,2024-12-06,96862953,False,
Perum Astuti Fujiati,corporation,dr. Puji Prakasa,individual,2024-05-14,61191948,True,smurfing
Perkasa Permata,individual,Partai Solidaritas Indonesia,political-party,2024-06-18,81921787,False,
Dadap Marbun,individual,"Cici Haryanto, S.I.Kom",individual,2025-06-20,1549993625,True,self_funded
Prabawa Pradipta,individual,Warsita Astuti,individual,2025-08-07,581709791,False,
"Mala Kusmawati, S.H.",individual,"Sutan Kenari Situmorang, S.Pt",individual,2024-09-05,359162149,False,
PT Saragih Sitompul (Persero) Tbk,corporation,"R. Raden Latupono, S.Gz",individual,2024-12-13,687785996,True,proxy
UD Sitorus,organization,Partai Rakyat Sejahtera,political-party,2024-12-11,108303256,False,
CV Yuliarti,corporation,Puti Zaenab Setiawan,individual,2025-10-28,14393828,True,smurfing
BUMN Mina Permai,corporation,R. Shania Hartati,individual,2024-10-15,11772509120,True,illegal_source
Ir. Dasa Yolanda,individual,"Siti Dongoran, S.I.Kom",individual,2024-10-26,2085849951,False,
"Dina Firmansyah, S.I.Kom",individual,Partai Rakyat Sejahtera,political-party,2025-11-30,18965784,False,
Perum Lailasari Habibi Tbk,corporation,"Laila Wibowo, S.Ked",individual,2024-07-01,611297472,True,self_funded
Perum Mandala (Persero) Tbk,corporation,Harsana Najmudin,individual,2024-11-19,12183490443,False,
Perum Rahimah Handayani,organization,Partai Rakyat Sejahtera,political-party,2025-12-26,50394304,True,smurfing
PT Novitasari Rajasa (Persero) Tbk,corporation,Partai Solidaritas Indonesia,political-party,2025-11-13,1503948304,True,proxy
"drg. Jefri Winarno, M.Pd",individual,Partai Demokrat,political-party,2025-06-09,173350642,False,
UD Saptono (Persero) Tbk,corporation,Partai Harapan Bangsa,political-party,2025-12-17,484589296,False,
Galiono Wibisono,individual,Sutan Kadir Hartati,individual,2025-08-29,1474806551,False,
UD Simanjuntak,organization,Zelaya Manullang,individual,2025-10-04,602389862,True,proxy
PD Sudiati (Persero) Tbk,organization,Partai Amanat Rakyat,political-party,2024-10-26,1353308678,True,over_limit
UD Puspasari Tbk,corporation,Asmuni Pranowo,individual,2024-09-04,10916820587,True,self_funded
Clara Hutapea,individual,Elma Suwarno,individual,2024-02-29,18168557,True,smurfing
Perum Haryanto Tbk,organization,Partai Kebangkitan Rakyat,political-party,2024-11-22,7956748,True,smurfing
Mahfud Wastuti,individual,"Gilda Pratama, M.Farm",individual,2024-12-02,1394730548,False,
PD Nainggolan Palastri,organization,Partai Indonesia Maju,political-party,2024-07-13,1168394813,True,proxy
PD Waskita (Persero) Tbk,organization,Tgk. Wani Rajasa,individual,2024-03-23,201124174,True,proxy
PT Hidayanto Tbk,corporation,Prasetyo Farida,individual,2024-03-25,4788023607,True,self_funded
"Kayun Simanjuntak, S.Psi",individual,Partai Demokrat,political-party,2025-02-14,32301454,False,
Puti Mutia Agustina,individual,Partai Persatuan,political-party,2025-11-19,270716128,True,over_limit
Bagas Santoso,individual,"Sutan Gambira Samosir, S.I.Kom",individual,2024-10-28,1796699109,False,
Johan Palastri,individual,Partai Nasional Demokrat,political-party,2025-11-12,120526641,False,
dr. Wasis Setiawan,individual,Najwa Widiastuti,individual,2025-12-20,1250487121,True,self_funded
Melinda Anggraini,individual,"T. Cakrabirawa Mayasari, S.IP",individual,2024-04-25,1150934577,False,
UD Oktaviani (Persero) Tbk,corporation,"Mulyono Puspasari, S.Psi",individual,2024-03-16,18517878555,True,self_funded
PT Prasetyo Agustina Tbk,corporation,Partai Amanat Rakyat,political-party,2025-06-21,289237524,False,
Luthfi Rajata,individual,Drs. Himawan Mahendra,individual,2025-12-11,1454376456,True,self_funded
Perum Farida (Persero) Tbk,corporation,Wahyu Oktaviani,individual,2025-08-03,1614395583,True,proxy
PD Jailani Fujiati,corporation,Balamantri Utama,individual,2025-02-04,12472360463,True,self_funded
"Dr. Luhung Hutasoit, M.Farm",individual,Partai Indonesia Maju,political-party,2025-06-04,9426482,False,
"Yani Suryatmi, S.Ked",individual,Partai Rakyat Sejahtera,political-party,2024-09-21,139894894,False,
PT Manullang Suryono Tbk,corporation,Dartono Usamah,individual,2025-08-22,401326182,True,proxy
PT Hastuti (Persero) Tbk,organization,Harsanto Wijayanti,individual,2024-07-29,2480325,True,smurfing
Baktianto Sitompul,individual,Partai Amanat Rakyat,political-party,2025-07-20,164989037,False,
CV Pratama (Persero) Tbk,corporation,Vera Budiyanto,individual,2024-10-23,21232919091,False,
Dr. Karimah Thamrin,individual,Yuliana Nugroho,individual,2025-08-01,2029131177,True,self_funded
CV Rahimah,corporation,Heryanto Zulaika,individual,2025-11-17,18742315075,True,self_funded
PT Kuswandari Salahudin (Persero) Tbk,organization,Mahdi Salahudin,individual,2025-10-15,51975382,True,smurfing
PT Kuswandari,corporation,Darimin Napitupulu,individual,2024-10-09,17249402840,True,self_funded
UD Sinaga,organization,drg. Ghani Pranowo,individual,2024-01-15,21453701499,False,
CV Putra Pratama Tbk,corporation,Partai Keadilan Indonesia,political-party,2024-02-04,649475478,False,
UD Oktaviani Mansur,corporation,Ilyas Laksita,individual,2025-06-25,16536516732,False,
Saadat Wibisono,individual,"Drs. Lili Nasyiah, M.Kom.",individual,2025-03-20,86082792,True,smurfing
"Winda Winarsih, S.I.Kom",individual,Devi Hidayat,individual,2024-10-06,2179918918,False,
H. Adinata Sinaga,individual,Partai Keadilan Indonesia,political-party,2025-10-26,53143902,False,
CV Pranowo (Persero) Tbk,organization,Partai Harapan Bangsa,political-party,2024-01-15,31105021,True,smurfing
Panca Wijaya,individual,Partai Nasional Demokrat,political-party,2025-11-23,41529432,False,
Citra Kusumo,individual,Partai Indonesia Maju,political-party,2025-02-08,51758302,False,
Jessica Anggriawan,individual,Citra Santoso,individual,2024-12-06,1648291068,False,
Maimunah Wulandari,individual,Kajen Kusmawati,individual,2025-09-08,4625926147,True,over_limit
"Setya Usada, M.Ak",individual,Kenzie Widiastuti,individual,2024-02-01,54470162,False,
"R. Respati Fujiati, S.I.Kom",individual,Partai Indonesia Maju,political-party,2025-10-30,47817183,False,
Perum Wahyuni Hardiansyah (Persero) Tbk,corporation,Partai Solidaritas Indonesia,political-party,2024-07-01,485727804,False,
"Olivia Rahayu, M.Farm",individual,Partai Demokrat,political-party,2024-04-20,137125748,False,
UD Fujiati,corporation,Elisa Budiman,individual,2025-09-29,5161525062,True,self_funded
UD Kurniawan Hartati,corporation,Diana Uyainah,individual,2025-03-21,296628163,True,proxy
PT Wulandari Irawan Tbk,corporation,dr. Tami Zulaika,individual,2025-04-15,739797209,True,proxy
Drs. Titin Setiawan,individual,"Ir. Widya Hutagalung, S.T.",individual,2025-04-10,1790788514,True,self_funded
Bella Budiyanto,individual,Cinthia Fujiati,individual,2024-10-30,1876870979,False,
UD Samosir Wastuti,corporation,Kania Budiyanto,individual,2025-12-05,13418878162,False,
Puji Pertiwi,individual,Ajeng Budiman,individual,2024-10-20,1970080949,False,
UD Puspita,organization,"R.A. Sakura Yuliarti, S.Kom",individual,2025-06-23,1667830684,True,proxy
Nadine Hutasoit,individual,Jessica Nababan,individual,2024-04-27,1778896202,False,
Ophelia Mustofa,individual,Partai Harapan Bangsa,political-party,2025-11-15,179910950,False,
Anita Hutasoit,individual,"Kenes Hassanah, M.Kom.",individual,2025-07-06,247770272,False,
R.A. Titin Marpaung,individual,Partai Rakyat Sejahtera,political-party,2025-08-06,97524204,False,
"Ir. Vicky Novitasari, S.T.",individual,Cornelia Prakasa,individual,2025-04-10,52076577,True,smurfing
PD Suartini Mandasari Tbk,corporation,Eka Iswahyudi,individual,2024-12-22,2438461318,False,
Baktianto Saefullah,individual,Partai Harapan Bangsa,political-party,2025-09-29,129275159,False,
PD Nugroho Tbk,organization,"Septi Prasasta, S.Ked",individual,2024-04-02,11055308,True,smurfing
Perum Putra (Persero) Tbk,corporation,Partai Rakyat Sejahtera,political-party,2024-03-22,134856783,False,
PT Yolanda Adriansyah (Persero) Tbk,organization,"Salwa Purnawati, M.Ak",individual,2024-09-25,1689895128,True,proxy
PD Mahendra Oktaviani,organization,Partai Amanat Rakyat,political-party,2025-02-18,1507960083,True,over_limit
CV Putra (Persero) Tbk,organization,Raden Budiman,individual,2025-02-25,10828438063,False,
Raisa Damanik,individual,"KH. Rama Maryadi, S.H.",individual,2024-07-08,853272268,False,
Gamani Mandasari,individual,Partai Solidaritas Indonesia,political-party,2024-01-30,91496017,False,
UD Mansur Ramadan (Persero) Tbk,organization,Partai Harapan Bangsa,political-party,2025-01-11,34142297,True,smurfing
Perum Ramadan (Persero) Tbk,organization,Partai Kebangkitan Rakyat,political-party,2024-12-28,82526343,False,
"Puti Fathonah Kuswoyo, S.Sos",individual,Partai Nasional Demokrat,political-party,2025-12-01,88247849,False,
CV Rahayu Yulianti Tbk,organization,Aurora Wijayanti,individual,2024-08-23,11500727829,False,
UD Iswahyudi Hartati,corporation,Fitria Nashiruddin,individual,2025-02-28,7517272042,False,
UD Kurniawan (Persero) Tbk,corporation,Partai Kebangkitan Rakyat,political-party,2025-09-02,618011038,False,
UD Farida Sitorus Tbk,organization,"Hj. Rina Mansur, S.Pd",individual,2024-09-06,16934878,True,smurfing
Yoga Siregar,individual,"drg. Banara Megantara, S.I.Kom",individual,2024-10-29,96652860,False,
Ian Palastri,individual,Ir. Mulyanto Tamba,individual,2024-01-20,370052246,True,self_funded
"H. Limar Wacana, S.Pd",individual,Partai Indonesia Maju,political-party,2024-12-03,17014314,False,
"dr. Ika Hassanah, S.I.Kom",individual,Partai Amanat Rakyat,political-party,2025-01-30,108463112,False,
Genta Prasetyo,individual,Partai Harapan Bangsa,political-party,2024-11-25,115060003,False,
Ganjaran Santoso,individual,Partai Solidaritas Indonesia,political-party,2025-07-30,150882684,False,
Asirwanda Hutasoit,individual,R.A. Hesti Uwais,individual,2025-08-15,543267473,True,self_funded
Tasdik Putra,individual,R. Darmana Gunarto,individual,2024-03-12,1773014531,False,
Dr. Candra Rajasa,individual,"Sutan Jaga Tampubolon, M.Ak",individual,2024-11-09,204183567,False,
"Zelda Agustina, S.Farm",individual,Partai Nasional Demokrat,political-party,2025-01-30,166207916,False,
Hj. Winda Wibowo,individual,"Tgk. Darijan Mandasari, S.Pt",individual,2024-10-07,1498545914,False,
Perum Yuniar Pradana Tbk,corporation,"Nyoman Halim, S.Kom",individual,2024-03-16,399872412,True,self_funded
Perum Winarsih,corporation,Partai Persatuan,political-party,2025-01-23,220349305,False,
CV Mardhiyah Latupono (Persero) Tbk,corporation,Ade Najmudin,individual,2024-06-18,20922113190,False,
Tira Damanik,individual,Dr. Restu Pratama,individual,2024-07-18,2496612681,True,self_funded
CV Samosir,corporation,Shania Narpati,individual,2024-02-15,15435186,True,smurfing
CV Hakim Sitorus,corporation,"Tgk. Prayogo Prakasa, S.T.",individual,2024-01-05,16485603639,True,self_funded
Perum Siregar (Persero) Tbk,corporation,Alambana Namaga,individual,2025-04-05,48755798,True,smurfing
CV Halim,organization,"Anggabaya Suartini, S.E.",individual,2025-01-25,1476514513,True,proxy
UD Rahimah Tbk,corporation,Prasetya Situmorang,individual,2025-06-13,12732290670,False,
UD Waskita Iswahyudi,corporation,Shakila Nugroho,individual,2024-10-24,4980551187,True,self_funded
PT Usada (Persero) Tbk,corporation,Pardi Saefullah,individual,2025-02-26,1119874898,True,self_funded
PT Kusumo,organization,Partai Nasional Demokrat,political-party,2024-09-01,291705924,False,
Darijan Pratama,individual,Diah Palastri,individual,2024-11-19,1685353310,False,
CV Gunawan Gunarto (Persero) Tbk,corporation,Diah Hutapea,individual,2024-07-18,9682502757,True,self_funded
PT Pratama Wibisono Tbk,corporation,Partai Keadilan Indonesia,political-party,2024-11-18,318281164,False,
UD Habibi Novitasari (Persero) Tbk,corporation,Mahfud Gunawan,individual,2024-09-25,10912080597,False,
"Darmaji Winarsih, S.E.I",individual,"Drs. Maria Pangestu, S.Ked",individual,2024-03-28,1044555040,True,self_funded
UD Melani,organization,Lili Saputra,individual,2025-11-19,171765839,False,
"R. Kamaria Kusumo, M.Farm",individual,Partai Indonesia Maju,political-party,2024-03-18,11727470,False,
"dr. Gatra Usamah, S.H.",individual,Parman Nuraini,individual,2024-11-23,90330207,True,smurfing
PT Safitri Aryani (Persero) Tbk,corporation,"Labuh Padmasari, M.Kom.",individual,2024-03-25,10753210717,True,self_funded
PT Nababan,corporation,Dt. Mursinin Halimah,individual,2025-04-12,10385431810,False,
Aisyah Mandala,individual,Partai Kebangkitan Rakyat,political-party,2024-07-24,41371359,False,
Hasim Zulaika,individual,Ami Palastri,individual,2024-03-29,2193890811,False,
CV Utami Tbk,corporation,Partai Persatuan,political-party,2024-02-19,480242042,False,
Perum Yulianti Prasetyo,corporation,Dr. Elisa Nurdiyanti,individual,2024-07-01,15648417129,True,self_funded
Pemkot Bogor,organization,"Drs. Nabila Ramadan, S.Gz",individual,2025-08-08,13289252798,True,illegal_source
UD Natsir (Persero) Tbk,corporation,Safina Sihotang,individual,2024-01-10,1460240,True,smurfing
CV Purwanti Wasita (Persero) Tbk,corporation,Partai Demokrat,political-party,2024-06-07,294901464,False,
PD Pranowo Tbk,corporation,Daliman Palastri,individual,2025-10-19,12359140862,True,self_funded
Galang Anggriawan,individual,Chelsea Pradipta,individual,2024-05-01,748681660,False,
CV Wijaya,corporation,Kartika Wacana,individual,2025-02-18,15681750464,True,self_funded
Aditya Prabowo,individual,Partai Keadilan Indonesia,political-party,2024-03-01,77199677,False,
PT Puspasari Laksmiwati (Persero) Tbk,organization,Vivi Waluyo,individual,2025-06-24,1686452958,True,proxy
PT Maheswara Budiyanto,organization,Partai Rakyat Sejahtera,political-party,2025-04-23,177253250,True,proxy
"Laras Mansur, S.Pt",individual,Partai Kebangkitan Rakyat,political-party,2025-06-05,36614698,False,
R. Lasmono Rajasa,individual,"Dr. Lili Nugroho, S.IP",individual,2025-09-28,205940187,True,self_funded
R.A. Dewi Suryatmi,individual,Cemani Pertiwi,individual,2024-08-05,133535208,False,
"Victoria Mandala, S.E.I",individual,Hana Riyanti,individual,2024-04-29,2209481659,False,
Perum Tarihoran,organization,Partai Keadilan Indonesia,political-party,2024-08-01,645394715,False,
Lala Hastuti,individual,Partai Amanat Rakyat,political-party,2025-12-25,20231075,False,
Rahmi Putra,individual,"Gaduh Kuswandari, S.Sos",individual,2025-06-25,1323930987,False,
PD Megantara Rahayu,corporation,Humaira Usada,individual,2025-09-04,23226281140,True,self_funded
PD Riyanti,organization,"R. Ana Maulana, S.I.Kom",individual,2024-04-19,608767421,True,proxy
PT Pertiwi Tbk,corporation,Zamira Situmorang,individual,2024-05-25,818964421,True,proxy
Ridwan Uyainah,individual,Rangga Marbun,individual,2024-07-28,555043418,False,
UD Prasetyo Saptono Tbk,organization,Parman Astuti,individual,2024-02-03,1395949308,True,proxy
Oskar Hutagalung,individual,Partai Persatuan,political-party,2025-07-16,20408050,True,smurfing
CV Mustofa Suartini,organization,Partai Keadilan Indonesia,political-party,2025-03-13,141807934,True,proxy
Drs. Janet Haryanti,individual,Partai Kebangkitan Rakyat,political-party,2025-09-22,128450648,False,
"Uli Situmorang, S.Sos",individual,Malik Permadi,individual,2025-10-25,233226692,False,
UD Yulianti Firmansyah (Persero) Tbk,corporation,"Icha Saefullah, S.Ked",individual,2025-09-03,1799398669,True,proxy
PD Salahudin Hutapea,organization,Zulaikha Firmansyah,individual,2025-01-24,36547592,True,smurfing
Sadina Maulana,individual,Partai Solidaritas Indonesia,political-party,2025-05-19,15547075,True,smurfing
dr. Asirwada Yuniar,individual,Kemba Hutapea,individual,2025-11-29,399147507,False,
Jagaraga Budiyanto,individual,Hadi Winarno,individual,2024-11-15,692019448,False,
PT Laksita Yolanda Tbk,organization,Vera Habibi,individual,2024-08-23,336676035,True,proxy
CV Uyainah (Persero) Tbk,organization,"Wawan Mansur, M.Pd",individual,2025-07-28,985286074,True,proxy
Perum Permata Hassanah (Persero) Tbk,corporation,Partai Indonesia Maju,political-party,2024-06-08,21453669,True,smurfing
Rachel Uyainah,individual,"Cut Paramita Maryadi, S.Farm",individual,2025-02-26,460583897,False,
PD Sitorus Tbk,corporation,Kania Budiyanto,individual,2024-10-25,19030598242,False,
"Bakda Nugroho, S.E.I",individual,Wasis Natsir,individual,2025-08-30,835074403,True,self_funded
Perum Kuswandari Prabowo,corporation,"Ir. Cahyanto Pranowo, M.Farm",individual,2025-10-30,16893091715,True,self_funded
PD Saputra,corporation,dr. Aris Aryani,individual,2024-12-13,20607943157,True,self_funded
PD Tarihoran Budiman (Persero) Tbk,organization,Partai Rakyat Sejahtera,political-party,2025-02-06,639951769,False,
PT Maryadi,corporation,Partai Keadilan Indonesia,political-party,2025-09-30,622204025,False,
UD Maulana Tbk,organization,Adika Simanjuntak,individual,2025-06-18,612571964,True,proxy
CV Sihombing Megantara,corporation,"dr. Hadi Pratiwi, M.Pd",individual,2025-12-29,900796329,True,proxy
UD Napitupulu Usamah,corporation,Partai Indonesia Maju,political-party,2025-11-17,82038191,False,
Bakiman Rahimah,individual,Syahrini Mandala,individual,2024-04-28,1334850095,False,
Cengkir Lailasari,individual,Partai Solidaritas Indonesia,political-party,2024-07-04,72080186,False,
PT Utami Iswahyudi (Persero) Tbk,corporation,Partai Amanat Rakyat,political-party,2025-11-17,1239828058,True,proxy
CV Handayani Laksita,organization,Ayu Hartati,individual,2025-03-30,55522169,True,smurfing
UD Uyainah Puspita (Persero) Tbk,organization,Partai Harapan Bangsa,political-party,2025-06-15,1356109589,True,over_limit
PD Santoso Permata,organization,"Cut Michelle Safitri, M.M.",individual,2025-01-21,675221472,True,proxy
Tgk. Shakila Purwanti,individual,Irfan Ardianto,individual,2025-06-12,14353797,False,
Cut Umi Winarsih,individual,Partai Demokrat,political-party,2024-04-10,100680413,False,
UD Prasetyo,organization,Partai Harapan Bangsa,political-party,2024-11-02,307355605,False,
Lala Mahendra,individual,"Karta Namaga, S.Kom",individual,2024-11-13,199553361,True,self_funded
Harto Prasasta,individual,Partai Indonesia Maju,political-party,2024-01-07,79180410,True,smurfing
PT Purnawati Ramadan (Persero) Tbk,corporation,"Puti Sari Namaga, S.Kom",individual,2025-04-17,23985035919,True,self_funded
Marsudi Hidayat,individual,Partai Rakyat Sejahtera,political-party,2024-08-10,32347391,False,
PT Siregar Mayasari,corporation,"Hj. Dalima Rahimah, S.Psi",individual,2025-02-23,30179180,True,proxy
PT Pertamina (Persero),corporation,Partai Kebangkitan Rakyat,political-party,2025-11-09,493453314,True,illegal_source
Hilda Andriani,individual,"Rangga Astuti, S.Gz",individual,2025-05-31,1631373679,False,
PT Wijaya (Persero) Tbk,corporation,Harto Widodo,individual,2024-07-04,4365357653,True,self_funded
PT Mansur Kuswoyo (Persero) Tbk,corporation,R. Nabila Lailasari,individual,2025-03-05,54859531,True,proxy
Clara Nuraini,individual,Partai Amanat Rakyat,political-party,2025-05-19,167085338,False,
"Oni Melani, M.Pd",individual,"Raditya Wijaya, S.Pd",individual,2024-10-21,1454370789,False,
CV Prasetyo Permadi,organization,"dr. Maya Susanti, S.Pd",individual,2025-12-03,17182156062,False,
PT Pertamina (Persero),corporation,Wawan Utami,individual,2025-01-18,31150398733,True,illegal_source
Perum Rahayu Situmorang,corporation,Embuh Thamrin,individual,2024-10-24,20823409527,True,self_funded
CV Saputra,corporation,"Opan Usamah, S.Kom",individual,2024-05-24,4444358671,False,
PD Maulana Suartini,corporation,Baktianto Andriani,individual,2025-09-15,2250140917,False,
PT Permadi,corporation,Partai Harapan Bangsa,political-party,2025-07-14,326566924,False,
Patricia Wahyudin,individual,Partai Rakyat Sejahtera,political-party,2025-06-27,58107259,True,smurfing
Zulaikha Saefullah,individual,Jamalia Maryadi,individual,2025-06-02,1326846561,True,self_funded
Putri Hidayat,individual,Iriana Maryadi,individual,2024-07-22,72855057,False,
Perum Prayoga Prayoga,corporation,Uchita Pertiwi,individual,2025-11-08,11339028823,False,
Perum Hidayat (Persero) Tbk,corporation,Partai Solidaritas Indonesia,political-party,2025-11-25,597867786,False,
CV Wacana,corporation,Partai Solidaritas Indonesia,political-party,2025-02-04,297756134,False,
PT Suryono,organization,Partai Harapan Bangsa,political-party,2025-01-19,58356492,True,smurfing
UD Maulana,corporation,"Cut Zalindra Mangunsong, M.Pd",individual,2024-11-05,9413902326,False,
PT Firmansyah Januar,organization,Partai Rakyat Sejahtera,political-party,2024-05-04,27304223,False,
PT Halimah,corporation,Omar Mahendra,individual,2024-05-11,1367063020,True,proxy
Perum Utami,corporation,"Uchita Siregar, S.Farm",individual,2024-12-16,22729791694,True,self_funded
Pemerintah Kota Surabaya,organization,Partai Keadilan Indonesia,political-party,2024-11-29,732044902,True,illegal_source
Perum Natsir Prasetya (Persero) Tbk,corporation,Maria Wasita,individual,2024-01-19,5596772045,True,self_funded
PT Yuliarti,corporation,Partai Rakyat Sejahtera,political-party,2025-06-23,699239308,False,
Drs. Wasis Rahimah,individual,Asmianto Dabukke,individual,2024-10-13,1227902722,True,self_funded
CV Maryadi Tbk,corporation,"Lalita Manullang, M.TI.",individual,2024-06-28,17624763928,False,
CV Prasetyo Farida,corporation,Partai Harapan Bangsa,political-party,2025-05-18,766901771,True,proxy
Perum Ardianto Namaga (Persero) Tbk,corporation,"Dr. Kasiyah Safitri, S.Psi",individual,2025-01-17,12901790,True,smurfing
Danang Haryanti,individual,Zalindra Napitupulu,individual,2024-09-10,208758317,False,
UD Saptono Siregar,corporation,Karna Sitorus,individual,2025-05-23,6282167058,False,
"Drs. Rahmi Widodo, S.Psi",individual,Maras Oktaviani,individual,2024-07-19,787164346,False,
UD Nababan Tbk,corporation,Yani Hardiansyah,individual,2024-11-26,2189000887,False,
PT Rahimah Safitri,corporation,Vanesa Kuswoyo,individual,2025-04-30,26269888,True,smurfing
Perum Usamah Santoso,corporation,"Heryanto Waluyo, M.M.",individual,2024-02-28,48428289,True,smurfing
PD Utami Waskita,corporation,Gabriella Winarno,individual,2025-07-11,17016235465,False,
Capa Wijayanti,individual,H. Pangeran Dongoran,individual,2024-03-02,1593959930,False,
Nasim Nasyiah,individual,Partai Solidaritas Indonesia,political-party,2025-11-30,113121713,False,
CV Kurniawan,organization,Ihsan Hastuti,individual,2024-08-31,40919343,True,smurfing
Among Nababan,individual,"Drs. Paulin Wibowo, S.E.",individual,2025-09-28,1105303279,True,self_funded
PT Puspita (Persero) Tbk,corporation,Partai Amanat Rakyat,political-party,2025-05-01,25453177,True,smurfing
UD Napitupulu,organization,Partai Solidaritas Indonesia,political-party,2025-10-29,360288451,False,
PD Prabowo Nainggolan,corporation,"Jaswadi Kuswandari, M.Kom.",individual,2024-06-15,199288437,True,proxy
"Cayadi Megantara, S.Pd",individual,Partai Indonesia Maju,political-party,2025-11-01,158785607,False,
Kayla Kusmawati,individual,Partai Solidaritas Indonesia,political-party,2024-07-27,72410173,True,smurfing
CV Saputra Tbk,corporation,Puput Hutapea,individual,2024-04-17,47727083496,True,over_limit
UD Megantara Megantara (Persero) Tbk,corporation,Latif Winarno,individual,2024-08-02,445526953,True,proxy
Rangga Winarno,individual,Partai Amanat Rakyat,political-party,2024-02-07,148375837,False,
PT Telekomunikasi Indonesia (Persero),corporation,"Hartaka Mustofa, M.Ak",individual,2025-07-04,7833059580,True,illegal_source
UD Hidayat Tbk,organization,Partai Harapan Bangsa,political-party,2024-09-29,1571760810,True,over_limit
PD Pertiwi (Persero) Tbk,corporation,Partai Indonesia Maju,political-party,2024-08-08,612927709,False,
PT Wijaya (Persero) Tbk,corporation,"Harja Laksita, S.I.Kom",individual,2024-02-04,3418271097,False,
PT Sitorus,corporation,Lala Purnawati,individual,2025-04-23,57867357,True,smurfing
Perum Thamrin,organization,Partai Demokrat,political-party,2025-07-17,492035884,False,
Cengkal Jailani,individual,Partai Harapan Bangsa,political-party,2025-07-02,9346136,False,
"Darimin Laksmiwati, M.TI.",individual,Puput Wacana,individual,2024-09-01,137711973,False,
Tantri Saefullah,individual,Partai Harapan Bangsa,political-party,2025-12-10,51467068,False,
PT Jailani Tbk,organization,Partai Keadilan Indonesia,political-party,2024-11-14,17597001,True,smurfing
PD Mandala,corporation,Lala Kuswandari,individual,2024-04-27,1915573884,True,proxy
PT PLN (Persero),corporation,Partai Harapan Bangsa,political-party,2024-06-07,373902544,True,illegal_source
CV Suryono,corporation,Partai Kebangkitan Rakyat,political-party,2025-10-03,526915351,True,proxy
Pemerintah Provinsi Bali,organization,Tgk. Daryani Winarno,individual,2024-03-04,10551388372,True,illegal_source
"Dodo Situmorang, S.Pd",individual,Partai Solidaritas Indonesia,political-party,2025-04-16,86900646,False,
Rafid Kusumo,individual,Partai Keadilan Indonesia,political-party,2025-01-20,138946428,False,
PD Januar,corporation,Partai Kebangkitan Rakyat,political-party,2025-06-20,69382584,True,smurfing
PT Sihombing,corporation,"Lalita Irawan, S.Kom",individual,2024-07-12,9172519626,False,
Ana Sitompul,individual,Harjasa Mandala,individual,2024-09-01,1881959974,False,
PD Purwanti,organization,Hendri Maheswara,individual,2024-02-20,7067753790,False,
Perum Yuniar Pradana Tbk,corporation,"Ghaliyati Hutapea, S.I.Kom",individual,2025-03-23,24532775285,True,self_funded
Aisyah Prakasa,individual,Yani Tampubolon,individual,2024-08-05,96048443,False,
CV Wahyuni Hutasoit,corporation,Partai Amanat Rakyat,political-party,2025-07-31,1139445942,True,proxy
Bakiman Pratama,individual,Partai Nasional Demokrat,political-party,2024-06-29,261878960,True,over_limit
PD Hakim Maheswara Tbk,corporation,Partai Solidaritas Indonesia,political-party,2024-11-10,14150649,True,proxy
Perum Hassanah Purwanti,corporation,"Dr. Kamaria Uyainah, M.M.",individual,2024-02-08,11240856536,True,self_funded
Perum Hardiansyah,corporation,"Balangga Yolanda, S.Ked",individual,2024-02-07,51350832,True,smurfing
Jaiman Usamah,individual,Partai Harapan Bangsa,political-party,2024-04-26,129311583,False,
CV Usada Winarsih (Persero) Tbk,organization,Kunthara Situmorang,individual,2025-09-25,21307315431,False,
PD Sihotang Nugroho,organization,Jamalia Siregar,individual,2025-07-24,18412936,True,smurfing
Pemerintah Desa Cibeber,organization,Dr. Lurhur Manullang,individual,2024-10-09,3418453950,True,illegal_source
Perum Nasyidah Lailasari (Persero) Tbk,organization,Partai Persatuan,political-party,2024-10-25,1760072746,True,proxy
Rahmat Putra,individual,"Dt. Kairav Tampubolon, M.Pd",individual,2024-08-06,41386868,True,smurfing
PD Wijayanti Andriani Tbk,corporation,Bella Dabukke,individual,2025-01-14,1052217569,False,
PT Purwanti,corporation,Dt. Cakrawala Tamba,individual,2025-01-16,18696564248,False,
UD Haryanti (Persero) Tbk,organization,Partai Solidaritas Indonesia,political-party,2025-06-07,400474241,False,
Luhung Wasita,individual,Banawa Uwais,individual,2025-03-20,17625638,True,smurfing
Ir. Nilam Anggraini,individual,Juli Prasetyo,individual,2024-07-27,1956685401,False,
Murti Budiyanto,individual,"Lukita Napitupulu, S.Pt",individual,2024-06-21,268736964,False,
UD Yuniar Mangunsong,organization,Partai Solidaritas Indonesia,political-party,2025-04-01,1328657799,True,proxy
Perum Maheswara Astuti (Persero) Tbk,organization,"Ajimin Nashiruddin, S.E.I",individual,2025-09-27,1801571703,True,proxy
PT Rahimah Kusumo (Persero) Tbk,corporation,Partai Keadilan Indonesia,political-party,2024-12-09,427431351,False,
Artawan Saragih,individual,Partai Rakyat Sejahtera,political-party,2025-11-04,101518810,False,
PT Adriansyah Nurdiyanti Tbk,corporation,"Zalindra Nurdiyanti, M.Ak",individual,2024-08-27,21709218202,False,
UD Hardiansyah (Persero) Tbk,corporation,"Safina Prakasa, S.IP",individual,2025-02-26,18254894411,False,
PD Permadi,corporation,Partai Persatuan,political-party,2024-07-16,384571473,False,
Citra Pratama,individual,Partai Amanat Rakyat,political-party,2025-02-07,60256419,True,smurfing
Kementerian Pendidikan Nasional,organization,Partai Rakyat Sejahtera,political-party,2025-02-05,489776140,True,illegal_source
CV Wijaya Sirait Tbk,corporation,Partai Demokrat,political-party,2024-05-17,435708274,False,
PD Dongoran Tarihoran,corporation,Harjo Hasanah,individual,2025-06-07,9199669260,False,
Drs. Eko Januar,individual,Partai Harapan Bangsa,political-party,2025-10-08,228318469,True,over_limit
PD Hardiansyah Usada,corporation,Partai Solidaritas Indonesia,political-party,2025-09-22,71984923,True,smurfing
Perum Simbolon Tbk,organization,Ina Mustofa,individual,2024-06-13,106601760,True,proxy
Perum Sitompul Tbk,corporation,Mahfud Mangunsong,individual,2025-10-12,498183108,True,proxy
"KH. Candra Kusmawati, S.Farm",individual,"Sarah Maulana, S.Sos",individual,2025-03-12,1022020678,False,
Dr. Zahra Sihombing,individual,Partai Kebangkitan Rakyat,political-party,2024-12-19,172213951,False,
Dalima Halimah,individual,Partai Demokrat,political-party,2024-10-23,28038056,False,
PT Napitupulu Tbk,corporation,drg. Balijan Simbolon,individual,2025-05-02,14639735681,True,self_funded
PT Rajata,corporation,Partai Rakyat Sejahtera,political-party,2024-12-28,648697445,False,
Ika Safitri,individual,Partai Demokrat,political-party,2025-02-24,117043050,False,
"Sutan Kenes Pudjiastuti, S.Pt",individual,R.M. Jaiman Prayoga,individual,2024-01-02,1176110893,True,self_funded
UD Mansur Tbk,corporation,Eva Purnawati,individual,2024-11-01,13731528281,False,
Drs. Paris Rajata,individual,Partai Demokrat,political-party,2024-07-26,61663735,False,
Karma Wulandari,individual,Partai Kebangkitan Rakyat,political-party,2025-08-13,10723912,False,
PT Yulianti,organization,Partai Rakyat Sejahtera,political-party,2025-03-21,41794319,True,smurfing
"Hj. Ani Lailasari, S.T.",individual,Kenzie Damanik,individual,2024-11-07,19589319,True,self_funded
Kemba Sirait,individual,Puji Hutasoit,individual,2025-10-25,1368261270,True,self_funded
"Puti Yuliana Januar, S.Gz",individual,Bakijan Marpaung,individual,2025-09-25,1649469001,True,self_funded
PT Hutasoit,organization,"Drs. Prabawa Mayasari, M.Kom.",individual,2025-08-12,1836810433,True,proxy
"Ir. Hesti Permata, M.TI.",individual,Salwa Anggraini,individual,2024-05-31,1427524378,False,
Kementerian Keuangan,organization,Elisa Pangestu,individual,2025-09-14,10815254658,True,illegal_source
Ir. Hana Tamba,individual,Cinthia Pranowo,individual,2025-07-15,1577466353,True,self_funded
CV Yuniar (Persero) Tbk,corporation,Partai Indonesia Maju,political-party,2025-01-20,10071066,True,proxy
Jaga Maheswara,individual,Partai Solidaritas Indonesia,political-party,2025-03-31,143011106,False,
PD Rajata Siregar,corporation,Partai Kebangkitan Rakyat,political-party,2025-09-01,20063545,True,smurfing
Perum Wastuti Pranowo,organization,Partai Amanat Rakyat,political-party,2024-08-01,556732951,False,
Puput Mardhiyah,individual,Kuncara Sihombing,individual,2024-05-17,1405029125,True,self_funded
Belinda Halim,individual,"Drs. Bella Anggraini, M.Farm",individual,2025-07-27,1105415520,False,
Perum Sihotang (Persero) Tbk,corporation,Ami Sinaga,individual,2025-05-16,7163309818,False,
PT Winarsih,organization,Prakosa Ardianto,individual,2024-11-16,23698034,True,smurfing
PT Susanti Napitupulu Tbk,corporation,Partai Nasional Demokrat,political-party,2025-04-04,58707740,True,smurfing
PT Wijaya Usamah (Persero) Tbk,corporation,"Paramita Widiastuti, M.Kom.",individual,2025-09-17,3846426358,False,
Anita Hutasoit,individual,"Calista Maryati, S.Psi",individual,2025-04-27,2192922557,False,
Dr. Tari Pratama,individual,Hj. Yuliana Nasyidah,individual,2025-05-14,148996345,True,self_funded
Wage Marbun,individual,Taufan Rahayu,individual,2024-12-29,1841747053,False,
Vega Utama,individual,Johan Wulandari,individual,2024-05-25,336715109,False,
PD Nainggolan Putra,corporation,Ami Wijayanti,individual,2024-05-23,356476372,False,
PD Winarsih,corporation,Vivi Irawan,individual,2025-04-07,18957969793,False,
"Ir. Warji Usada, S.Sos",individual,Praba Salahudin,individual,2024-12-13,1844910128,True,self_funded
Jaga Simanjuntak,individual,Partai Kebangkitan Rakyat,political-party,2024-03-11,164437893,False,
"Mahesa Astuti, S.Gz",individual,Partai Persatuan,political-party,2025-12-25,68573669,False,
CV Haryanti Prasetya (Persero) Tbk,corporation,Partai Nasional Demokrat,political-party,2025-05-26,32736321,True,smurfing
PT Handayani Pranowo Tbk,corporation,Partai Harapan Bangsa,political-party,2024-02-08,384266565,True,proxy
CV Andriani,corporation,Partai Indonesia Maju,political-party,2025-07-24,316158868,False,
UD Kuswandari Mansur (Persero) Tbk,corporation,Partai Indonesia Maju,political-party,2025-07-16,689688328,True,proxy
CV Mandasari Wacana,corporation,Bahuraksa Laksmiwati,individual,2024-12-23,18907399740,True,self_funded
Perum Suwarno,organization,Cut Silvia Suryono,individual,2025-09-05,16304660441,False,
T. Jais Simanjuntak,individual,Kuncara Siregar,individual,2024-11-16,973662474,False,
PD Dongoran,organization,Partai Solidaritas Indonesia,political-party,2024-05-28,148316137,False,
PD Laksmiwati,corporation,R. Cawuk Nuraini,individual,2025-01-31,7016618651,False,
PT Palastri,corporation,Partai Keadilan Indonesia,political-party,2024-05-07,160578532,False,
CV Simanjuntak (Persero) Tbk,corporation,"Uchita Laksmiwati, M.TI.",individual,2025-12-16,23439912946,True,self_funded
CV Putra Tbk,organization,Partai Solidaritas Indonesia,political-party,2024-05-03,483893484,False,
"R.M. Raharja Haryanto, M.TI.",individual,Partai Amanat Rakyat,political-party,2025-12-10,15977648,False,
PT Setiawan Fujiati Tbk,organization,Atmaja Irawan,individual,2024-07-23,642388756,True,proxy
Daruna Kusmawati,individual,Partai Harapan Bangsa,political-party,2025-04-18,91894340,False,
Perum Uwais Suwarno Tbk,organization,Partai Harapan Bangsa,political-party,2024-05-16,244730090,False,
UD Budiman (Persero) Tbk,organization,Partai Nasional Demokrat,political-party,2025-11-27,305755406,True,proxy
PT Wibowo Waskita Tbk,corporation,Ir. Paris Wasita,individual,2024-08-08,10014596351,True,self_funded
Vanesa Prasasta,individual,Partai Keadilan Indonesia,political-party,2024-09-03,163642061,False,
PD Winarno Nainggolan,corporation,Partai Persatuan,political-party,2025-01-13,1384488122,True,proxy
Perum Wibowo Hartati,organization,Ifa Rahmawati,individual,2024-11-29,47687182322,True,over_limit
"Sutan Gambira Yulianti, S.Pt",individual,Lalita Melani,individual,2024-02-19,1232139366,True,self_funded
"Utama Rahimah, S.Pd",individual,Partai Persatuan,political-party,2024-06-01,82482083,False,
Perum Budiman Narpati,corporation,Kunthara Winarno,individual,2024-09-05,16843698948,False,
"drg. Hasim Sihombing, S.Gz",individual,Ir. Tari Zulaika,individual,2024-10-20,840942103,True,self_funded
Mutia Yuniar,individual,Partai Harapan Bangsa,political-party,2024-07-03,59351311,False,
PD Nasyidah Pudjiastuti,corporation,Keisha Nababan,individual,2025-10-06,17305060835,False,
Keisha Prasasta,individual,Partai Nasional Demokrat,political-party,2024-09-08,179256822,False,
Carub Utama,individual,Partai Nasional Demokrat,political-party,2024-05-06,154842379,False,
Jelita Narpati,individual,Partai Nasional Demokrat,political-party,2025-12-20,97044511,False,
Farhunnisa Halim,individual,Hafshah Nurdiyanti,individual,2024-12-22,1112483452,False,
PD Saputra Wahyudin (Persero) Tbk,corporation,Partai Harapan Bangsa,political-party,2024-10-14,575143113,False,
PD Rahmawati Prasetya,corporation,Partai Solidaritas Indonesia,political-party,2025-11-05,728372841,True,proxy
Safina Prasasta,individual,"R. Rika Yulianti, S.Gz",individual,2025-02-04,469258026,False,
PT Sitompul Yuliarti (Persero) Tbk,organization,Ayu Januar,individual,2024-04-10,654082168,True,proxy
Cut Lidya Gunawan,individual,Jarwadi Mayasari,individual,2024-01-27,18865212,True,smurfing
"Fathonah Firgantoro, S.E.I",individual,Puti Julia Purwanti,individual,2024-10-13,2153102500,True,self_funded
Sutan Prasetyo Winarsih,individual,Alambana Dabukke,individual,2025-03-26,1781000932,False,
"Tgk. Eli Lailasari, S.Pd",individual,Partai Harapan Bangsa,political-party,2025-04-22,66350449,False,
PD Pratama Tbk,corporation,Ir. Daniswara Lazuardi,individual,2024-10-02,13826260580,True,self_funded
Perum Yulianti Firgantoro (Persero) Tbk,organization,Umar Pangestu,individual,2024-12-17,33350636,True,smurfing
UD Putra Pradipta Tbk,corporation,Partai Demokrat,political-party,2025-05-27,4079482,True,smurfing
drg. Manah Aryani,individual,Partai Indonesia Maju,political-party,2025-07-04,137322234,False,
Wirda Gunarto,individual,Partai Nasional Demokrat,political-party,2025-09-23,149780068,False,
"R. Diana Agustina, M.Ak",individual,"Hj. Carla Wahyudin, S.Sos",individual,2025-03-13,1638116429,False,
Perum Habibi Wasita (Persero) Tbk,corporation,"T. Kariman Nurdiyanti, S.Sos",individual,2025-04-04,18750190583,True,self_funded
Erik Damanik,individual,"Suci Pratama, S.Pt",individual,2025-03-18,388866785,False,
CV Suryatmi,corporation,Clara Sihombing,individual,2024-09-16,4878384021,False,
PT Saefullah,organization,Partai Harapan Bangsa,political-party,2024-07-09,1413916359,True,over_limit
CV Nasyidah,corporation,"Olga Lestari, S.Pt",individual,2025-09-09,28870515,True,smurfing
UD Yolanda,organization,Talia Prakasa,individual,2024-02-18,82700712,True,smurfing
BUMN Mina Permai,corporation,Partai Harapan Bangsa,political-party,2024-01-22,395919964,True,illegal_source
UD Sitompul Sinaga (Persero) Tbk,corporation,Joko Utama,individual,2024-02-18,3426926343,False,
CV Suryono Yulianti,organization,Warji Usamah,individual,2024-02-02,14575278037,False,
Perum Wahyudin Tbk,corporation,Partai Nasional Demokrat,political-party,2025-11-03,349161695,True,proxy
UD Waluyo Thamrin,corporation,Partai Solidaritas Indonesia,political-party,2024-03-24,1874910365,True,proxy
Pemerintah Provinsi Bali,organization,Partai Indonesia Maju,political-party,2025-07-04,647170797,True,illegal_source
Perum Marbun Sirait,organization,Partai Amanat Rakyat,political-party,2024-05-03,1343457670,True,proxy
Jumari Utami,individual,Elon Putra,individual,2024-10-28,1589735153,False,
Vicky Kurniawan,individual,Partai Solidaritas Indonesia,political-party,2025-05-22,49945566,False,
CV Thamrin,corporation,Partai Keadilan Indonesia,political-party,2024-05-28,127331342,False,
Pia Narpati,individual,Cut Tiara Sitompul,individual,2024-05-18,1542129921,False,
PT Nainggolan (Persero) Tbk,organization,Karman Sihombing,individual,2024-02-17,1158064514,True,proxy
PD Puspasari Tbk,corporation,Partai Keadilan Indonesia,political-party,2024-11-26,1220694053,True,over_limit
PD Nasyiah Haryanto,corporation,Wira Uwais,individual,2024-09-09,21403654522,True,self_funded
"Ir. Warsita Haryanto, S.Kom",individual,Partai Persatuan,political-party,2025-11-23,77567534,True,smurfing
Umi Wibisono,individual,Puti Rahayu Situmorang,individual,2024-05-31,952442512,False,
CV Siregar (Persero) Tbk,corporation,Cahyono Hariyah,individual,2025-04-08,9870919648,True,self_funded
"T. Mulyanto Dabukke, S.Sos",individual,"Tgk. Carub Aryani, S.Sos",individual,2024-08-15,1577055594,True,self_funded
PD Simbolon Wijayanti,organization,Partai Keadilan Indonesia,political-party,2025-01-01,92152865,False,
UD Marpaung Habibi,organization,Karen Andriani,individual,2025-05-09,4918071,True,smurfing
Wage Yulianti,individual,KH. Eka Manullang,individual,2024-08-07,2440335692,True,self_funded
UD Megantara Melani,corporation,Partai Persatuan,political-party,2024-10-28,78356978,True,smurfing
Mustofa Suryatmi,individual,Lanjar Lazuardi,individual,2025-04-12,1875649612,False,
Eli Puspita,individual,Ir. Taswir Handayani,individual,2025-02-09,783921409,True,self_funded
Nugraha Maryadi,individual,Partai Amanat Rakyat,political-party,2024-01-08,55589508,True,smurfing
CV Rajasa Hariyah Tbk,corporation,Partai Kebangkitan Rakyat,political-party,2025-11-19,72739010,False,
Perum Siregar Adriansyah Tbk,corporation,Partai Amanat Rakyat,political-party,2024-05-30,377009325,True,proxy
CV Gunarto (Persero) Tbk,organization,Partai Demokrat,political-party,2024-07-05,894513973,True,proxy
PT Palastri,corporation,Emong Nasyidah,individual,2025-10-09,12428826529,True,self_funded
Dagel Andriani,individual,Partai Demokrat,political-party,2024-08-28,99083710,False,
PD Rahmawati Tbk,organization,Ira Nainggolan,individual,2024-02-01,1452946377,True,proxy
Perum Kuswandari Wijayanti,corporation,Indah Sinaga,individual,2025-08-23,1844253837,True,proxy
Marwata Prastuti,individual,Partai Nasional Demokrat,political-party,2025-05-11,64244184,False,
PT Widodo,corporation,Darimin Saefullah,individual,2024-03-28,268135326,True,proxy
Ayu Purnawati,individual,Devi Santoso,individual,2025-07-12,2119692375,False,
Bajragin Nurdiyanti,individual,Satya Kurniawan,individual,2025-07-08,773542842,False,
PD Narpati Damanik Tbk,corporation,Partai Amanat Rakyat,political-party,2025-12-24,1241897083,True,proxy
PT Wijaya Tbk,organization,Partai Kebangkitan Rakyat,political-party,2025-11-11,659474137,False,
Perum Jailani Suryatmi (Persero) Tbk,corporation,Partai Rakyat Sejahtera,political-party,2024-02-19,529982169,False,
UD Pudjiastuti (Persero) Tbk,organization,Partai Kebangkitan Rakyat,political-party,2024-04-14,53467283,True,smurfing
PT Pertamina (Persero),corporation,Partai Kebangkitan Rakyat,political-party,2025-08-08,702535393,True,illegal_source
Wasis Purnawati,individual,Partai Persatuan,political-party,2024-08-13,24279388,False,
Jagapati Halim,individual,Umay Wahyudin,individual,2025-12-21,1349725922,False,
KH. Kariman Salahudin,individual,Hj. Raisa Haryanti,individual,2025-03-28,2228700479,True,self_funded
CV Rahmawati,organization,"Dinda Kusumo, M.TI.",individual,2025-10-30,85012122,True,smurfing
"Tgk. Ina Mayasari, M.Kom.",individual,Partai Harapan Bangsa,political-party,2024-12-05,123659363,False,
Ade Lailasari,individual,Drs. Anastasia Rajasa,individual,2025-07-27,1915535549,False,
PT Haryanto,organization,Partai Persatuan,political-party,2024-10-18,555358982,True,proxy
Dodo Firgantoro,individual,Puti Puti Thamrin,individual,2025-01-30,2216743732,True,self_funded
CV Permata Tbk,corporation,Widya Laksita,individual,2025-09-16,19261321696,True,self_funded
Pemerintah Provinsi Bali,organization,Partai Indonesia Maju,political-party,2025-11-11,590042114,True,illegal_source
Perum Dabukke,organization,Partai Harapan Bangsa,political-party,2025-06-02,693665875,False,
PD Suryatmi Hakim Tbk,corporation,"dr. Yani Januar, S.Ked",individual,2024-12-20,68917806,True,smurfing
CV Nasyidah Narpati Tbk,organization,Latika Firmansyah,individual,2025-05-28,1415078845,True,proxy
Gilda Marbun,individual,Cindy Usamah,individual,2025-12-04,1727420468,False,
Prabu Saputra,individual,Ismail Samosir,individual,2024-04-29,1307239798,False,
PD Budiman (Persero) Tbk,corporation,"H. Drajat Winarno, M.M.",individual,2024-07-10,5044567,True,smurfing
"Citra Suryono, S.E.",individual,Saadat Kuswandari,individual,2025-06-03,1576939760,False,
Rachel Hastuti,individual,"H. Adinata Gunarto, S.Ked",individual,2024-02-24,219867749,False,
"Sarah Lestari, S.Kom",individual,Partai Kebangkitan Rakyat,political-party,2024-09-06,51914776,True,smurfing
Julia Namaga,individual,Partai Kebangkitan Rakyat,political-party,2024-12-27,360420923,True,over_limit
CV Wacana Pratiwi,corporation,Partai Nasional Demokrat,political-party,2024-10-19,72705778,False,
Perum Suryono Wahyudin,corporation,"drg. Hendra Siregar, S.E.",individual,2024-03-20,79427015,True,smurfing
PD Hutasoit Usada (Persero) Tbk,corporation,"R.M. Hardi Namaga, S.E.",individual,2025-08-30,35537169,True,smurfing
Maryadi Salahudin,individual,Partai Keadilan Indonesia,political-party,2024-03-20,71378031,False,
UD Laksita,organization,"Ir. Patricia Irawan, S.E.",individual,2024-06-03,48685602,True,smurfing
KH. Lukman Namaga,individual,Partai Persatuan,political-party,2024-11-18,85176591,False,
CV Najmudin Wijaya (Persero) Tbk,organization,Partai Harapan Bangsa,political-party,2024-03-05,64065424,True,smurfing
Perum Sirait,corporation,Partai Nasional Demokrat,political-party,2025-12-24,84433300,True,smurfing
PD Safitri Winarsih,corporation,Ibrahim Siregar,individual,2024-01-24,18559081278,False,
Amelia Zulaika,individual,Martaka Samosir,individual,2024-07-11,2006430502,False,
Indra Palastri,individual,"R. Murti Hartati, M.Ak",individual,2024-04-14,815419965,False,
CV Adriansyah Aryani (Persero) Tbk,organization,Partai Amanat Rakyat,political-party,2025-03-15,599297872,False,
Salwa Namaga,individual,Partai Solidaritas Indonesia,political-party,2025-09-06,115952567,False,
CV Marpaung Rahmawati Tbk,organization,Partai Solidaritas Indonesia,political-party,2024-01-02,226189815,False,
PD Nainggolan,corporation,Hj. Silvia Sitompul,individual,2025-05-12,21678151745,False,
Perum Maheswara Hutasoit (Persero) Tbk,organization,Harja Sihotang,individual,2025-11-22,1196185,True,smurfing
"Drs. Farhunnisa Putra, S.Kom",individual,Zizi Hartati,individual,2025-06-08,2416887,True,self_funded
PT Sudiati Latupono (Persero) Tbk,corporation,Partai Solidaritas Indonesia,political-party,2024-11-04,384061392,True,proxy
Omar Rahmawati,individual,Qori Hariyah,individual,2025-06-20,758020837,True,self_funded
PT Wijaya (Persero) Tbk,organization,Partai Kebangkitan Rakyat,political-party,2024-09-16,98407325,True,smurfing
Yani Gunawan,individual,Partai Kebangkitan Rakyat,political-party,2025-07-20,238397849,True,over_limit
"KH. Reza Rajata, S.Gz",individual,"Kezia Pradana, S.Psi",individual,2024-03-08,950357565,False,
Cindy Andriani,individual,Nabila Hakim,individual,2025-11-27,2096803320,False,
Julia Januar,individual,Daruna Rahayu,individual,2024-10-16,2216340272,True,self_funded
PD Suwarno,corporation,Partai Rakyat Sejahtera,political-party,2025-01-15,274406245,False,
Dacin Zulaika,individual,Partai Keadilan Indonesia,political-party,2025-08-01,99580682,False,
CV Sihombing (Persero) Tbk,organization,"Karma Prasetya, S.Farm",individual,2024-08-21,67280043,True,smurfing
CV Hassanah Novitasari,corporation,R. Puji Wahyuni,individual,2025-06-06,11556473710,False,
CV Damanik,organization,Partai Harapan Bangsa,political-party,2025-04-23,47983497,True,smurfing
H. Hartaka Nasyiah,individual,Partai Solidaritas Indonesia,political-party,2025-06-17,129057039,False,
PD Natsir Hidayanto,corporation,Teddy Sihotang,individual,2024-03-18,19816840230,True,self_funded
PT Farida,corporation,Partai Persatuan,political-party,2025-09-12,14940579,True,smurfing
CV Hariyah Pradana,corporation,R. Tirtayasa Sitompul,individual,2025-12-30,5412407119,False,
R.A. Melinda Hidayat,individual,Partai Nasional Demokrat,political-party,2025-09-23,164489165,False,
UD Melani,organization,Harjo Maulana,individual,2025-04-29,1054308106,True,proxy
PT Pratama,corporation,Partai Indonesia Maju,political-party,2025-04-10,572679340,False,
Perum Pradana Simbolon (Persero) Tbk,corporation,Sarah Pradana,individual,2024-09-14,14233662403,True,self_funded
PT Pradana Purwanti,corporation,T. Ajiman Jailani,individual,2025-07-26,4714744602,False,
Sakura Mandala,individual,Partai Harapan Bangsa,political-party,2024-03-09,45927931,True,smurfing
CV Mansur,organization,Shakila Waskita,individual,2025-06-01,95299733,False,
Maimunah Oktaviani,individual,Tgk. Cahya Padmasari,individual,2024-07-25,1751982133,False,
Siska Setiawan,individual,Partai Indonesia Maju,political-party,2025-10-14,53376284,False,
Amelia Latupono,individual,Partai Harapan Bangsa,political-party,2024-05-26,113613626,False,
Jayeng Farida,individual,Zizi Saptono,individual,2025-09-22,1173850923,True,self_funded
"R.A. Aurora Waskita, S.Pt",individual,Darmanto Suryatmi,individual,2024-01-14,741796804,False,
Perum Nuraini,corporation,Partai Rakyat Sejahtera,political-party,2024-09-26,470232529,False,
"Irwan Melani, M.Ak",individual,Partai Harapan Bangsa,political-party,2025-03-06,32796174,False,
T. Lukman Utami,individual,Partai Persatuan,political-party,2025-03-09,85872778,True,smurfing
Wadi Prasetya,individual,"Dalimin Maheswara, M.Kom.",individual,2025-08-16,1915088800,False,
PT Oktaviani,corporation,"Caraka Fujiati, M.Pd",individual,2025-04-08,17937282700,False,
Perum Usamah,corporation,Partai Harapan Bangsa,political-party,2024-01-25,74577524,True,smurfing
Jati Pradana,individual,Partai Amanat Rakyat,political-party,2025-07-07,107829342,False,
PT Mulyani (Persero) Tbk,organization,Salsabila Laksita,individual,2024-06-15,30009923905,True,over_limit
Lidya Putra,individual,Partai Solidaritas Indonesia,political-party,2024-04-06,136350138,False,
Syahrini Prasetya,individual,Partai Persatuan,political-party,2024-05-26,46695280,False,
Perum Wibisono (Persero) Tbk,corporation,"Kemba Permadi, S.Ked",individual,2025-10-27,5212001672,True,self_funded
dr. Raden Wijayanti,individual,Citra Laksmiwati,individual,2024-01-07,48086796,False,
UD Waskita Saragih Tbk,corporation,"Dt. Pangeran Wastuti, S.Psi",individual,2025-02-25,9386661720,False,
Hasta Ramadan,individual,Partai Keadilan Indonesia,political-party,2025-03-26,151499661,False,
UD Wibowo Tbk,corporation,Partai Nasional Demokrat,political-party,2024-08-07,343386505,False,
PD Nainggolan Pratama (Persero) Tbk,organization,"R. Rahmi Suartini, S.Gz",individual,2024-06-20,2022049628,False,
PD Kuswandari,corporation,Partai Solidaritas Indonesia,political-party,2025-02-12,185370067,False,
PD Pranowo Sitorus,organization,Amalia Prabowo,individual,2025-12-28,52888965,True,smurfing
Kartika Purwanti,individual,R.A. Titi Palastri,individual,2024-08-31,858088052,False,
UD Laksmiwati Lestari (Persero) Tbk,corporation,Sutan Jayeng Sirait,individual,2025-10-12,15581168917,True,self_funded
Cahyanto Saptono,individual,Gatra Lailasari,individual,2025-01-05,913344820,False,
Perum Puspasari Pradipta (Persero) Tbk,corporation,Ellis Jailani,individual,2025-10-10,17978208556,True,self_funded
PD Nasyidah Hidayanto (Persero) Tbk,organization,"Kuncara Farida, S.E.I",individual,2024-06-20,853431691,True,proxy
PT Dongoran Tamba (Persero) Tbk,corporation,Drs. Sabrina Hartati,individual,2025-01-13,19637639576,True,self_funded
PD Wibisono Hidayanto Tbk,organization,Partai Solidaritas Indonesia,political-party,2024-08-24,32073572,False,
PD Maheswara,organization,Hafshah Anggriawan,individual,2024-01-23,2503599802,False,
CV Rajasa Prayoga (Persero) Tbk,corporation,Bambang Iswahyudi,individual,2025-05-15,59339791,True,smurfing
Elvin Najmudin,individual,Partai Solidaritas Indonesia,political-party,2024-02-02,6051893,False,
PD Yuniar,corporation,Jelita Riyanti,individual,2025-07-29,19725211689,True,self_funded
CV Mayasari,organization,"Dr. Ratna Simanjuntak, S.Gz",individual,2025-03-05,639321509,True,proxy
Perum Suryono,organization,Talia Kusmawati,individual,2025-06-21,60542443,True,smurfing
UD Hutasoit Tbk,corporation,Cecep Mansur,individual,2025-04-29,960058366,True,proxy
CV Siregar,corporation,Kartika Damanik,individual,2025-02-19,4311327303,True,self_funded
"Hj. Hesti Halimah, S.I.Kom",individual,Partai Persatuan,political-party,2025-04-29,139240514,False,
PT Natsir (Persero) Tbk,corporation,"dr. Daruna Siregar, S.Ked",individual,2025-03-23,15957005066,False,
"Padma Puspita, M.Farm",individual,"Ratih Prasetya, M.M.",individual,2024-10-17,95930186,True,smurfing
PD Laksmiwati Prabowo Tbk,organization,Catur Wibowo,individual,2024-01-02,49198165385,True,over_limit
PD Gunawan Namaga,corporation,Partai Keadilan Indonesia,political-party,2024-10-19,1459371555,True,proxy
UD Utama,corporation,Kamaria Andriani,individual,2024-07-10,99194632,True,smurfing
Perum Oktaviani Kuswandari,corporation,Partai Solidaritas Indonesia,political-party,2025-07-28,689226938,True,proxy
Tari Mayasari,individual,Partai Solidaritas Indonesia,political-party,2024-04-26,77054650,False,
PD Marpaung (Persero) Tbk,corporation,Puti Aryani,individual,2024-11-19,177097713,True,proxy
UD Hakim,organization,Partai Keadilan Indonesia,political-party,2024-12-04,62580019,True,proxy
Tgk. Kardi Mandala,individual,"Rahmi Saefullah, S.Psi",individual,2025-01-27,508957805,False,
Febi Mardhiyah,individual,Atma Setiawan,individual,2024-12-01,286119259,False,
PD Mandala Waskita (Persero) Tbk,organization,"Tgk. Luis Hariyah, S.Ked",individual,2025-10-30,28474838,True,smurfing
Gamanto Hidayat,individual,Partai Rakyat Sejahtera,political-party,2024-03-12,111311668,False,
Zaenab Handayani,individual,Partai Rakyat Sejahtera,political-party,2024-03-12,16491765,False,
UD Nababan,corporation,"T. Heru Namaga, S.E.I",individual,2024-07-05,1313999157,True,proxy
Ir. Amalia Irawan,individual,Saka Novitasari,individual,2024-11-01,1853917849,False,
PT Jailani (Persero) Tbk,organization,Partai Harapan Bangsa,political-party,2025-01-20,1627160998,True,proxy
"Jaga Halimah, S.IP",individual,Partai Demokrat,political-party,2025-10-05,80752207,False,
UD Hariyah (Persero) Tbk,organization,Partai Rakyat Sejahtera,political-party,2024-11-24,18407432,True,smurfing
"Violet Latupono, M.TI.",individual,Partai Solidaritas Indonesia,political-party,2024-12-28,165216567,False,
PT Budiman Marpaung,corporation,Partai Solidaritas Indonesia,political-party,2025-05-11,1740800854,True,proxy
PT Manullang Iswahyudi,corporation,Partai Kebangkitan Rakyat,political-party,2025-04-23,1800739751,True,proxy
PD Yulianti Widiastuti,organization,"T. Prayoga Nurdiyanti, S.IP",individual,2024-04-26,33061431,True,proxy
PD Wasita (Persero) Tbk,corporation,Partai Persatuan,political-party,2025-05-06,654276721,False,
CV Pratiwi Pratiwi,corporation,"Teddy Maulana, M.Kom.",individual,2025-12-30,72882653,True,smurfing
Aurora Astuti,individual,Partai Persatuan,political-party,2025-03-18,167129145,False,
"Bakiadi Padmasari, M.Farm",individual,Yulia Hutagalung,individual,2024-01-17,26288894,True,smurfing
"Kamaria Wastuti, M.Pd",individual,"Tgk. Taufik Uwais, S.Kom",individual,2024-12-27,34223754,False,
UD Waskita,organization,Partai Harapan Bangsa,political-party,2024-05-07,1733615492,True,proxy
Ifa Utami,individual,Kawaca Maulana,individual,2024-07-05,1197247199,True,self_funded
dr. Artawan Mandala,individual,Partai Harapan Bangsa,political-party,2025-04-14,153369601,False,
Endra Hutapea,individual,Titin Mahendra,individual,2024-08-27,168618002,True,self_funded
PT Wacana,corporation,Partai Harapan Bangsa,political-party,2025-07-05,130986943,False,
Clara Mandasari,individual,Partai Amanat Rakyat,political-party,2025-11-12,81119151,True,smurfing
Mala Lestari,individual,Darimin Nainggolan,individual,2025-10-22,2035754476,True,self_funded
CV Farida Januar Tbk,corporation,Partai Indonesia Maju,political-party,2025-08-07,327583378,False,
PT Prakasa Marpaung,organization,Partai Persatuan,political-party,2024-11-04,1274914144,True,proxy
PD Yuniar (Persero) Tbk,corporation,R.M. Bakiono Pradana,individual,2024-12-21,1000632356,True,proxy
"Hj. Putri Suartini, S.T.",individual,Partai Rakyat Sejahtera,political-party,2024-06-22,65337204,False,
Jaka Laksita,individual,"Drs. Among Pranowo, S.Sos",individual,2024-11-25,1824627097,False,
Perum Tamba (Persero) Tbk,organization,Partai Solidaritas Indonesia,political-party,2024-07-02,1340189332,True,proxy
"dr. Maida Zulkarnain, S.I.Kom",individual,Partai Nasional Demokrat,political-party,2024-04-16,44911068,False,
"Drs. Farhunnisa Wibowo, M.Ak",individual,Vicky Tarihoran,individual,2025-04-01,1542826983,False,
PD Sudiati,corporation,Indra Mayasari,individual,2024-05-27,5726200852,False,
PD Padmasari Tamba Tbk,corporation,"Jamal Laksita, S.Ked",individual,2024-09-06,19013155793,False,
Drs. Fitriani Maheswara,individual,Partai Kebangkitan Rakyat,political-party,2025-11-14,59728420,False,
UD Januar,corporation,Partai Keadilan Indonesia,political-party,2025-04-14,358388316,False,
Perum Farida (Persero) Tbk,corporation,Hartaka Zulkarnain,individual,2025-04-28,3862180974,False,
UD Napitupulu (Persero) Tbk,corporation,Kartika Najmudin,individual,2024-11-01,68789391,True,smurfing
"Cut Zaenab Rahmawati, S.IP",individual,Atma Mulyani,individual,2024-09-01,1393298966,False,
Oman Maheswara,individual,"Drs. Mala Wijayanti, S.Farm",individual,2024-12-30,1972716476,False,
Maryadi Wacana,individual,Partai Kebangkitan Rakyat,political-party,2024-08-28,28091278,False,
PT Iswahyudi Riyanti Tbk,organization,Partai Rakyat Sejahtera,political-party,2025-10-31,499358495,False,
Perum Jailani (Persero) Tbk,organization,Partai Keadilan Indonesia,political-party,2025-09-10,1436376374,True,proxy
PD Pudjiastuti Yolanda,organization,Partai Nasional Demokrat,political-party,2025-06-15,74056702,True,smurfing
Galak Mahendra,individual,Mumpuni Puspita,individual,2025-06-23,2265446277,True,self_funded
"KH. Agus Widiastuti, S.Pd",individual,Julia Utami,individual,2025-06-21,1007154653,False,
UD Prabowo (Persero) Tbk,corporation,Partai Rakyat Sejahtera,political-party,2024-07-24,483894073,False,
Tgk. Eli Haryanto,individual,"Cut Ifa Siregar, M.M.",individual,2025-07-19,96463825,True,smurfing
Pemerintah Kota Surabaya,organization,Maras Laksmiwati,individual,2025-11-09,11018746594,True,illegal_source
UD Fujiati Tbk,corporation,Partai Amanat Rakyat,political-party,2024-11-09,645167084,False,
PT Tampubolon Yuniar (Persero) Tbk,corporation,Ir. Kezia Widiastuti,individual,2025-05-05,11416613347,False,
Humaira Lestari,individual,Partai Demokrat,political-party,2024-06-05,136891585,False,
UD Megantara,corporation,Partai Amanat Rakyat,political-party,2024-07-23,32960864,True,proxy
CV Damanik Prakasa Tbk,corporation,Ibrani Lailasari,individual,2024-02-16,1992842606,True,self_funded
Sadina Prasasta,individual,"Warsa Hutasoit, M.Farm",individual,2025-01-31,484795166,True,self_funded
"Hj. Ade Gunarto, S.Sos",individual,Kairav Mardhiyah,individual,2025-12-12,1891654631,True,self_funded
R. Elvina Situmorang,individual,Partai Solidaritas Indonesia,political-party,2025-09-24,42800335,False,
PT Iswahyudi,organization,"Amelia Maryati, S.I.Kom",individual,2025-09-13,19490368199,False,
Perum Anggriawan (Persero) Tbk,corporation,"Timbul Nasyiah, S.T.",individual,2025-08-19,28989243617,True,over_limit
"Gamanto Mangunsong, S.Pd",individual,Partai Harapan Bangsa,political-party,2025-04-28,67366787,True,smurfing
Tasnim Pertiwi,individual,Partai Solidaritas Indonesia,political-party,2025-09-19,75278602,True,smurfing
PD Saptono,corporation,Partai Rakyat Sejahtera,political-party,2025-08-17,630217047,True,proxy
Irma Pranowo,individual,"Ir. Mulya Sinaga, M.M.",individual,2024-09-06,1781765522,False,
UD Kuswandari Kuswoyo,corporation,Ganjaran Sihotang,individual,2025-02-06,10336460400,False,
PT PLN (Persero),corporation,Partai Keadilan Indonesia,political-party,2024-09-19,36850338,True,illegal_source
Raihan Nuraini,individual,Partai Kebangkitan Rakyat,political-party,2024-09-05,102232267,False,
PD Susanti Suwarno,organization,Cengkir Usamah,individual,2024-11-10,13870917273,False,
Hana Saragih,individual,Rahayu Hardiansyah,individual,2024-08-06,801803053,False,
Halima Sihombing,individual,"Lintang Mayasari, S.IP",individual,2025-07-22,11297576,True,smurfing
UD Wibowo Uwais,organization,Partai Persatuan,political-party,2024-05-24,20552517,True,smurfing
Ella Permata,individual,Novi Wacana,individual,2024-01-29,2009798620,False,
Tantri Wasita,individual,"Dr. Keisha Rajata, M.M.",individual,2025-03-07,233187235,False,
Padmi Saragih,individual,Sarah Pudjiastuti,individual,2025-04-06,756389292,True,self_funded
Perum Rahayu (Persero) Tbk,corporation,Zulfa Hariyah,individual,2024-12-03,14675006087,False,
Victoria Yuliarti,individual,Partai Amanat Rakyat,political-party,2025-09-06,89714018,False,
Jane Haryanto,individual,Partai Keadilan Indonesia,political-party,2024-05-01,70083227,False,
"R.M. Adika Utami, S.I.Kom",individual,Partai Harapan Bangsa,political-party,2025-12-06,151336243,False,
CV Latupono,corporation,Partai Harapan Bangsa,political-party,2025-05-23,563086731,True,proxy
R.M. Raditya Kuswandari,individual,Partai Rakyat Sejahtera,political-party,2024-09-10,40677812,False,
PT Oktaviani,corporation,Partai Keadilan Indonesia,political-party,2025-01-17,256773990,False,
Perum Suryatmi Manullang Tbk,corporation,dr. Artawan Narpati,individual,2025-12-09,69348878,True,smurfing
PD Nuraini Pradipta,organization,Tgk. Maryadi Hakim,individual,2025-03-27,19302913469,False,
CV Nasyiah Putra,organization,Partai Rakyat Sejahtera,political-party,2025-10-25,47385938,False,
CV Nurdiyanti Suwarno,corporation,Darman Uwais,individual,2025-03-13,806328729,True,proxy
UD Kusumo (Persero) Tbk,corporation,KH. Bahuwarna Hassanah,individual,2025-12-05,22140210959,True,self_funded
"T. Gadang Sihombing, S.E.I",individual,Partai Solidaritas Indonesia,political-party,2024-01-12,3079129,False,
Cayadi Oktaviani,individual,Partai Keadilan Indonesia,political-party,2024-09-05,158342464,False,
Tantri Ramadan,individual,Partai Indonesia Maju,political-party,2024-07-10,135117739,False,
PT Prasasta Hutapea,corporation,"Darmaji Wulandari, S.E.",individual,2025-09-24,5933304939,False,
PT Hutagalung Tbk,corporation,Raisa Wibisono,individual,2024-03-04,13218759318,False,
PT Mansur Sudiati (Persero) Tbk,corporation,Partai Harapan Bangsa,political-party,2025-02-12,393649029,False,
"Cut Wirda Waskita, S.Psi",individual,KH. Joko Sihombing,individual,2024-08-09,566459454,False,
PD Iswahyudi Ramadan,corporation,Talia Yulianti,individual,2025-12-05,35720264,True,smurfing
"R. Utama Mayasari, S.T.",individual,Partai Keadilan Indonesia,political-party,2024-10-01,108858365,False,
Eluh Saputra,individual,"Icha Iswahyudi, S.Pd",individual,2025-12-04,1569130902,False,
PD Uwais,organization,Hilda Pranowo,individual,2024-09-10,1957336039,True,proxy
Bakiman Mandala,individual,Partai Demokrat,political-party,2025-04-07,17591201,False,
Ilyas Ramadan,individual,"Salimah Pratama, M.M.",individual,2024-07-12,354966698,False,
"Hafshah Wibisono, M.Ak",individual,Partai Rakyat Sejahtera,political-party,2025-07-04,42923629,False,
Perum Siregar Tbk,organization,"Febi Mahendra, S.Psi",individual,2025-08-30,511621864,True,proxy
PT Rajasa Halim,corporation,Gara Waluyo,individual,2025-09-08,15202596140,False,
UD Tampubolon,organization,Hj. Hesti Siregar,individual,2024-04-10,499397287,True,proxy
CV Pranowo Pertiwi Tbk,organization,Tgk. Garda Safitri,individual,2025-11-29,1883739255,True,proxy
Victoria Pratiwi,individual,Partai Demokrat,political-party,2024-08-22,158684237,False,
"Eko Salahudin, S.H.",individual,Partai Solidaritas Indonesia,political-party,2024-03-15,35125260,True,smurfing
UD Yulianti,organization,Galur Mulyani,individual,2024-03-04,9122776,True,smurfing
Dewi Halimah,individual,Samiah Waluyo,individual,2025-11-22,1090485802,False,
UD Kuswoyo,organization,"Drs. Indah Nababan, M.Ak",individual,2025-07-26,928100426,True,proxy
Padma Rajasa,individual,Partai Rakyat Sejahtera,political-party,2025-05-10,146125480,False,
UD Simbolon Padmasari,corporation,Partai Harapan Bangsa,political-party,2025-07-10,637135064,False,
Perum Wastuti Suryatmi (Persero) Tbk,corporation,Partai Indonesia Maju,political-party,2024-11-20,7334070,True,smurfing
UD Puspasari,corporation,Partai Solidaritas Indonesia,political-party,2025-03-27,635729840,False,
UD Uyainah Pradana Tbk,corporation,Partai Harapan Bangsa,political-party,2024-09-06,637131145,False,
Dodo Mustofa,individual,Karen Uwais,individual,2024-12-08,904212632,True,self_funded
PT Wulandari,organization,Caturangga Setiawan,individual,2025-11-29,716433347,True,proxy
PD Aryani Pradipta Tbk,organization,Bakiadi Sitorus,individual,2024-04-28,17591478325,False,
PT Halim Mahendra,organization,Partai Indonesia Maju,political-party,2024-08-30,1206021,True,smurfing
Perum Wasita Thamrin (Persero) Tbk,corporation,Rahayu Setiawan,individual,2024-09-05,1054674357,True,proxy
"Dian Haryanto, S.Pd",individual,Galuh Hariyah,individual,2025-05-29,779265775,True,self_funded
Rendy Nasyiah,individual,Partai Demokrat,political-party,2025-12-11,73191157,False,
PT Pertamina (Persero),corporation,"Tgk. Nasab Hutasoit, M.TI.",individual,2025-05-16,26673938595,True,illegal_source
PD Maryati Zulaika Tbk,corporation,Ilyas Maulana,individual,2025-08-21,17906509,True,smurfing
Laksana Lazuardi,individual,Zulaikha Narpati,individual,2024-11-16,1071272099,False,
PD Wibisono,corporation,Partai Demokrat,political-party,2024-09-07,687942204,False,
Perum Pudjiastuti Januar,organization,Candrakanta Anggriawan,individual,2025-08-12,19687733716,False,
UD Astuti Kuswandari,organization,Partai Harapan Bangsa,political-party,2024-08-23,129748311,True,proxy
"Dariati Wijaya, S.Kom",individual,Partai Indonesia Maju,political-party,2024-03-01,72842026,False,
Dina Latupono,individual,Ir. Tami Laksita,individual,2025-01-31,1582566442,False,
PD Yuniar,organization,Partai Indonesia Maju,political-party,2025-06-03,59880261,True,smurfing
Galang Samosir,individual,Melinda Anggraini,individual,2025-12-18,1622348714,False,
Jumari Kuswoyo,individual,Icha Wahyuni,individual,2025-05-29,417034700,False,
PD Rahimah,corporation,Partai Nasional Demokrat,political-party,2025-06-05,71694627,True,smurfing
Kementerian Keuangan,organization,Partai Indonesia Maju,political-party,2024-10-16,726015103,True,illegal_source
CV Marbun Setiawan Tbk,corporation,"Kartika Lazuardi, S.Ked",individual,2024-08-26,7123894316,True,self_funded
Harsaya Maulana,individual,Partai Kebangkitan Rakyat,political-party,2025-07-06,89218677,False,
"Hj. Kasiyah Saputra, M.Kom.",individual,Partai Persatuan,political-party,2025-02-14,32698962,False,
Perum Melani Mansur,organization,Partai Harapan Bangsa,political-party,2025-11-02,1563720447,True,over_limit
Pemkab Toba,organization,Partai Solidaritas Indonesia,political-party,2025-11-16,148816650,True,illegal_source
PT Adriansyah,corporation,"Rahmat Zulkarnain, S.Farm",individual,2025-02-24,9114931426,True,self_funded
PT Hutasoit Tbk,corporation,Partai Kebangkitan Rakyat,political-party,2025-12-02,173612536,False,
UD Dongoran Nasyidah (Persero) Tbk,organization,Partai Solidaritas Indonesia,political-party,2025-08-18,529083370,True,proxy
T. Kamidin Suwarno,individual,Partai Harapan Bangsa,political-party,2024-07-06,150477572,False,
BUMD Energi Nusantara,organization,Partai Harapan Bangsa,political-party,2024-09-18,251494942,True,illegal_source
UD Rahimah (Persero) Tbk,corporation,"Sutan Lamar Najmudin, M.M.",individual,2024-03-04,5350424876,False,
"Harsaya Yulianti, M.M.",individual,Cengkir Prasetya,individual,2025-03-01,603510957,False,
"R. Hana Prakasa, S.I.Kom",individual,dr. Bakda Lestari,individual,2024-11-14,2100498234,True,self_funded
CV Mustofa Wibowo (Persero) Tbk,corporation,Dr. Rafi Winarsih,individual,2025-09-18,42408129582,True,over_limit
PT Kereta Api Indonesia (Persero),corporation,Harto Saragih,individual,2025-08-02,15118497210,True,illegal_source
PD Jailani Marbun (Persero) Tbk,organization,dr. Johan Sirait,individual,2025-05-25,68664263,True,smurfing
R. Sarah Zulaika,individual,Luthfi Pradana,individual,2024-02-08,1722891037,True,self_funded
UD Anggriawan,organization,Gatot Dabukke,individual,2025-03-06,25741086,True,smurfing
PT Hardiansyah Tbk,organization,Dr. Candrakanta Hakim,individual,2025-01-29,30222594407,True,over_limit
Perum Nasyidah Tbk,organization,Partai Persatuan,political-party,2025-03-31,17181995,True,smurfing
Hesti Sihombing,individual,Partai Harapan Bangsa,political-party,2024-02-02,24436854,False,
PT Maryadi,corporation,"Koko Marbun, M.Farm",individual,2025-08-04,981735564,True,proxy
Titin Lazuardi,individual,Darimin Mulyani,individual,2024-12-13,202229810,False,
Among Ardianto,individual,Elvin Salahudin,individual,2024-02-08,1251959102,True,self_funded
PT Mandala,organization,"Marsudi Narpati, S.Psi",individual,2024-10-04,6107297,True,smurfing
UD Purnawati Tbk,corporation,Tina Situmorang,individual,2024-03-10,80087364,True,smurfing
"Vanesa Rajasa, S.Gz",individual,Samiah Saputra,individual,2025-04-25,1901301108,False,
Zaenab Nuraini,individual,Partai Nasional Demokrat,political-party,2024-08-10,169060590,False,
PT Prasetya Prabowo Tbk,corporation,"Puput Maryati, S.I.Kom",individual,2025-11-16,19071564538,False,
Adinata Gunarto,individual,Ani Damanik,individual,2024-08-15,1144998915,False,
UD Puspasari Manullang Tbk,organization,Partai Indonesia Maju,political-party,2024-06-07,604107854,True,proxy
Wani Wacana,individual,"Rachel Siregar, S.Gz",individual,2025-07-11,1752776114,False,
UD Latupono Waskita (Persero) Tbk,corporation,Partai Keadilan Indonesia,political-party,2024-09-09,1212622968,True,over_limit
UD Mandasari Hartati (Persero) Tbk,corporation,Zelaya Susanti,individual,2025-12-22,19515185964,False,
"Galih Suryono, S.Kom",individual,Partai Amanat Rakyat,political-party,2024-12-03,30943971,True,smurfing
CV Maryati Tbk,organization,R.M. Tomi Zulaika,individual,2025-07-31,1090372067,False,
PT Siregar,organization,Novi Susanti,individual,2025-04-11,1141386014,True,proxy
UD Sihotang Rahmawati Tbk,organization,"Ir. Ihsan Oktaviani, S.T.",individual,2024-09-22,25449208,True,smurfing
PD Wijayanti,organization,Partai Keadilan Indonesia,political-party,2025-04-22,70763489,True,smurfing
Citra Suryono,individual,Partai Rakyat Sejahtera,political-party,2025-04-14,172287618,False,
"Sutan Luhung Prabowo, S.I.Kom",individual,Partai Harapan Bangsa,political-party,2024-01-29,93827645,False,
PT Nashiruddin Prasasta Tbk,corporation,"Dr. Wani Irawan, M.Pd",individual,2024-07-25,9303375785,True,self_funded
Perum Hariyah,corporation,Bambang Iswahyudi,individual,2024-05-21,1383789958,True,proxy
UD Hartati Mansur Tbk,organization,Partai Harapan Bangsa,political-party,2025-08-01,574010218,True,proxy
Hartaka Prabowo,individual,Partai Persatuan,political-party,2024-01-11,107626789,False,
PT Kusumo Setiawan (Persero) Tbk,corporation,"Raden Gunawan, S.I.Kom",individual,2025-09-25,11611368560,True,self_funded
Raina Sudiati,individual,Partai Nasional Demokrat,political-party,2024-04-23,11540604,False,
UD Zulaika (Persero) Tbk,organization,Partai Harapan Bangsa,political-party,2025-08-11,31827077,False,
Lala Manullang,individual,Labuh Narpati,individual,2025-04-09,1346400523,False,
Pemerintah Desa Sukamulya,organization,Partai Solidaritas Indonesia,political-party,2024-11-14,743889311,True,illegal_source
"R.M. Anggabaya Nainggolan, S.Pt",individual,Partai Kebangkitan Rakyat,political-party,2024-11-04,155546585,False,
"H. Dartono Saefullah, M.Farm",individual,Partai Indonesia Maju,political-party,2024-03-27,150930071,False,
PT Siregar,organization,Partai Nasional Demokrat,political-party,2025-05-08,405242029,False,
PT Suwarno,organization,Partai Demokrat,political-party,2025-05-16,36196511,True,smurfing
"Irma Zulaika, S.E.I",individual,Titi Kurniawan,individual,2025-02-14,1904621005,False,
PT Mandala Waluyo,corporation,"Hj. Padma Suryono, M.TI.",individual,2024-10-12,1954008803,True,self_funded
UD Prayoga,corporation,"R. Luthfi Mahendra, M.M.",individual,2025-04-16,20948430065,True,self_funded
PT Santoso Halim Tbk,corporation,Puspa Wasita,individual,2024-02-20,89359311,True,smurfing
CV Jailani Saragih Tbk,corporation,Partai Harapan Bangsa,political-party,2024-03-04,1191171040,True,proxy
PT Widodo Utami,organization,Tari Pradipta,individual,2024-11-29,96776630,True,smurfing
"dr. Slamet Damanik, S.E.",individual,Kenes Anggriawan,individual,2025-05-31,1760664928,True,self_funded
PT Hartati Oktaviani (Persero) Tbk,corporation,Tasdik Narpati,individual,2024-06-26,5719084371,True,self_funded
Pemkot Bogor,organization,Partai Rakyat Sejahtera,political-party,2024-04-07,679566821,True,illegal_source
Nurul Namaga,individual,drg. Paiman Marbun,individual,2025-11-22,225659495,False,
PT Habibi Anggraini,corporation,Partai Demokrat,political-party,2024-08-30,611344374,False,
Dr. Danu Jailani,individual,Galang Haryanto,individual,2024-08-27,1275979875,True,self_funded
Empluk Irawan,individual,dr. Cawisadi Suryatmi,individual,2024-05-31,1686313967,False,
Pemkot Bogor,organization,Partai Persatuan,political-party,2025-04-25,158091343,True,illegal_source
"Salsabila Budiyanto, S.Sos",individual,Partai Kebangkitan Rakyat,political-party,2025-03-28,38143447,True,smurfing
Fitriani Rajata,individual,Partai Keadilan Indonesia,political-party,2024-04-08,170771694,False,
UD Dongoran,corporation,Partai Harapan Bangsa,political-party,2024-11-07,68928105,True,smurfing
Tami Simanjuntak,individual,R. Ismail Yuliarti,individual,2025-04-20,1511695899,False,
"Kartika Samosir, S.Ked",individual,Partai Kebangkitan Rakyat,political-party,2025-05-16,6790725,True,smurfing
Vivi Hartati,individual,Partai Rakyat Sejahtera,political-party,2025-05-02,60703365,False,
PT PLN (Persero),corporation,Garda Hidayat,individual,2024-09-24,12461130433,True,illegal_source
Pemerintah Kota Surabaya,organization,KH. Pangestu Wastuti,individual,2024-05-04,4443198483,True,illegal_source
Perum Siregar Yolanda (Persero) Tbk,organization,Asmuni Laksmiwati,individual,2024-07-31,84681920,True,smurfing
Perum Hastuti Iswahyudi (Persero) Tbk,corporation,Partai Keadilan Indonesia,political-party,2025-09-10,893187241,True,proxy
Nasab Waluyo,individual,H. Dirja Jailani,individual,2024-09-11,53279229,True,smurfing
Perum Pradana,corporation,"Cemani Siregar, S.E.I",individual,2025-09-04,6423698667,False,
PT Hassanah Situmorang Tbk,corporation,Prasetyo Maryadi,individual,2025-06-17,14630613691,False,
Dr. Elisa Utami,individual,Partai Indonesia Maju,political-party,2024-06-27,31607554,False,
Gadang Hardiansyah,individual,"KH. Bakidin Maryadi, M.Pd",individual,2024-07-08,473708012,False,
Atmaja Wulandari,individual,Suci Saputra,individual,2025-10-26,1113454403,False,
Tugiman Sitompul,individual,Partai Keadilan Indonesia,political-party,2025-06-13,6394320,False,
Perum Prasetya Anggriawan,corporation,Partai Nasional Demokrat,political-party,2024-06-11,250514047,False,
CV Saefullah Widodo Tbk,corporation,"Tgk. Respati Widodo, S.Ked",individual,2024-08-16,1009072531,False,
UD Suryono Marpaung Tbk,corporation,Partai Keadilan Indonesia,political-party,2025-05-02,161945020,False,
PD Anggriawan Prasetya,corporation,"Ayu Setiawan, S.I.Kom",individual,2024-05-28,16759141,True,smurfing
PT Firgantoro Damanik,organization,Partai Persatuan,political-party,2025-08-09,1853945779,True,proxy
Perum Setiawan Ardianto,organization,Partai Indonesia Maju,political-party,2025-03-22,390267532,False,
Pemkot Bogor,organization,Asmianto Uwais,individual,2025-10-07,1232646974,True,illegal_source
PD Wacana (Persero) Tbk,organization,Wasis Rajasa,individual,2025-07-14,1941280347,True,proxy
Hilda Irawan,individual,Partai Harapan Bangsa,political-party,2025-01-26,113917609,False,
CV Nababan Tbk,corporation,"Elvin Lestari, S.Kom",individual,2025-11-21,23195960072,True,self_funded
CV Wijaya (Persero) Tbk,corporation,Wulan Damanik,individual,2024-11-17,941756151,True,proxy
"Ir. Cinta Habibi, M.TI.",individual,"Cut Ida Kusumo, M.Kom.",individual,2025-11-17,648345506,False,
Kalim Tarihoran,individual,Dasa Waluyo,individual,2025-09-11,1849538448,True,self_funded
UD Marpaung Wibowo,organization,Partai Keadilan Indonesia,political-party,2025-10-13,74195865,False,
PD Ardianto Farida,corporation,Partai Keadilan Indonesia,political-party,2024-08-17,588638853,False,
Yuliana Maheswara,individual,Partai Nasional Demokrat,political-party,2024-06-25,100526250,False,
UD Hutasoit Natsir,corporation,Aurora Saefullah,individual,2025-04-17,315457989,True,proxy
Vanya Kurniawan,individual,Partai Solidaritas Indonesia,political-party,2025-07-15,143829897,False,
PT Padmasari Dongoran,organization,Partai Harapan Bangsa,political-party,2025-05-03,1429468240,True,proxy
PT Samosir (Persero) Tbk,corporation,Qori Suartini,individual,2025-04-02,8048710141,True,self_funded
Humaira Hakim,individual,Partai Harapan Bangsa,political-party,2024-10-11,33048028,False,
Perum Hassanah Tbk,organization,"Drs. Ikin Permata, M.Farm",individual,2025-08-22,2481089265,False,
CV Irawan,organization,Candra Wibowo,individual,2024-04-28,15090401363,False,
Hana Wijaya,individual,"Dr. Farah Rahimah, S.H.",individual,2024-02-28,481512933,False,
Perum Marpaung Nasyiah,organization,Partai Indonesia Maju,political-party,2024-08-09,23604224,True,smurfing
PT Latupono Waskita (Persero) Tbk,corporation,Partai Amanat Rakyat,political-party,2025-08-03,1497476621,True,proxy
PT Pangestu,corporation,Rudi Yuniar,individual,2025-02-08,10036292441,True,self_funded
CV Maryati,corporation,Irnanto Haryanto,individual,2025-11-19,527362379,False,
PT Uwais Permadi,corporation,H. Jais Maryati,individual,2024-05-18,1043078591,True,proxy
PD Safitri,organization,"Dr. Amelia Tamba, S.Ked",individual,2025-04-23,35616169,True,smurfing
Damu Yolanda,individual,Partai Persatuan,political-party,2024-10-09,152200492,False,
"dr. Asirwada Prakasa, S.Gz",individual,Ajeng Suartini,individual,2025-08-29,365386533,True,self_funded
Bakda Sitompul,individual,Panca Kuswoyo,individual,2024-02-04,2479601340,True,self_funded
drg. Yani Prakasa,individual,Gasti Megantara,individual,2024-03-23,97054011,True,smurfing
UD Suryono Laksita (Persero) Tbk,corporation,"dr. Dirja Safitri, S.E.I",individual,2025-07-20,48750618,True,smurfing
Lintang Halimah,individual,Partai Kebangkitan Rakyat,political-party,2025-10-14,28586660,False,
Widya Wahyuni,individual,Queen Sudiati,individual,2025-01-14,814939845,False,
Kiandra Maheswara,individual,Partai Solidaritas Indonesia,political-party,2025-10-08,143919294,False,
Adiarja Fujiati,individual,Cayadi Winarno,individual,2024-02-12,1335006132,False,
Perum Mayasari,organization,Laras Wacana,individual,2024-11-21,714845755,True,proxy
drg. Jaka Budiman,individual,Partai Kebangkitan Rakyat,political-party,2024-06-28,55620698,False,
"Drs. Koko Pradana, S.Gz",individual,Partai Persatuan,political-party,2025-03-29,55813084,True,smurfing
Koko Budiyanto,individual,Sutan Rafi Siregar,individual,2024-05-07,2439460157,True,self_funded
CV Namaga,corporation,Partai Persatuan,political-party,2024-11-28,1661489635,True,proxy
"Siti Nuraini, S.Pt",individual,Partai Demokrat,political-party,2025-01-10,68419324,True,smurfing
Gasti Ramadan,individual,Partai Demokrat,political-party,2024-08-24,74235734,False,
"R. Ajiono Winarno, M.Kom.",individual,Darmaji Prabowo,individual,2025-12-15,600308736,False,
PD Mangunsong (Persero) Tbk,corporation,Partai Demokrat,political-party,2024-04-29,88976429,True,smurfing
Puti Gunarto,individual,Dr. Paramita Permadi,individual,2024-01-23,721319237,True,self_funded
Perum Anggriawan Sudiati,corporation,T. Yahya Wibowo,individual,2025-02-14,14381574192,False,
"Dt. Gamblang Hutapea, S.E.I",individual,Emas Wijaya,individual,2024-02-25,85188596,True,smurfing
CV Dabukke,organization,Partai Solidaritas Indonesia,political-party,2024-10-21,350328691,False,
PD Yolanda Aryani (Persero) Tbk,corporation,Partai Demokrat,political-party,2025-10-04,606959362,False,
Perum Tamba Wibisono (Persero) Tbk,corporation,"Cut Dewi Hariyah, S.I.Kom",individual,2025-12-28,42107400,True,smurfing
PT PLN (Persero),corporation,Partai Kebangkitan Rakyat,political-party,2024-06-12,348476286,True,illegal_source
Marsito Susanti,individual,"Fitriani Napitupulu, M.M.",individual,2024-08-04,391166100,False,
PD Adriansyah Halimah Tbk,corporation,Partai Amanat Rakyat,political-party,2024-01-23,579826110,False,
Perum Manullang,corporation,drg. Violet Yulianti,individual,2025-04-18,19618394221,False,
Bahuraksa Hutapea,individual,Lurhur Kurniawan,individual,2024-09-16,1656539644,False,
PT Agustina Wahyuni,organization,Endra Santoso,individual,2024-12-25,1273609692,True,proxy
PT Waluyo Lailasari,corporation,Partai Solidaritas Indonesia,political-party,2025-06-18,693051325,False,
PD Uwais (Persero) Tbk,corporation,Betania Hakim,individual,2024-09-17,20123043799,True,self_funded
PD Lailasari (Persero) Tbk,organization,Partai Harapan Bangsa,political-party,2025-10-16,1061334529,True,proxy
Ridwan Situmorang,individual,Gantar Prasetyo,individual,2025-07-20,1107582500,False,
dr. Ophelia Lailasari,individual,Umay Prakasa,individual,2025-06-19,1617501627,False,
Perum Mandasari,organization,Partai Amanat Rakyat,political-party,2024-12-10,227528867,False,
Aisyah Melani,individual,"Gina Farida, M.Pd",individual,2024-03-09,1657529028,True,self_funded
Perum Namaga,organization,"Ade Wacana, M.M.",individual,2025-10-09,1192911978,True,proxy
PD Hutasoit,corporation,Partai Rakyat Sejahtera,political-party,2024-09-25,1877166307,True,proxy
PT Rahimah Tbk,organization,Partai Solidaritas Indonesia,political-party,2024-07-14,49424043,True,proxy
UD Nainggolan Damanik,organization,Partai Demokrat,political-party,2025-11-24,422441248,False,
Hasna Mardhiyah,individual,"Indra Saefullah, S.Gz",individual,2024-02-19,42030100,True,smurfing
Perum Anggraini (Persero) Tbk,corporation,Partai Rakyat Sejahtera,political-party,2025-08-11,33063697,False,
Tirta Rahimah,individual,Halima Habibi,individual,2024-07-10,759216974,False,
Uli Mahendra,individual,Partai Harapan Bangsa,political-party,2024-05-09,72995900,False,
Karimah Palastri,individual,Partai Rakyat Sejahtera,political-party,2024-05-13,92341741,True,smurfing
Cut Lintang Pertiwi,individual,Bakda Suartini,individual,2025-10-08,36514174,True,self_funded
Sutan Rama Zulaika,individual,Laras Siregar,individual,2025-03-18,365701630,True,self_funded
PD Aryani Farida Tbk,corporation,Partai Demokrat,political-party,2024-12-03,60951101,False,
PD Lazuardi Pradipta (Persero) Tbk,corporation,Partai Demokrat,political-party,2024-03-23,47354164,True,smurfing
PT Permata Gunawan,corporation,"Atma Setiawan, S.Pd",individual,2025-07-12,1543079254,True,proxy
"Ghaliyati Sitompul, S.Kom",individual,"R. Dacin Lazuardi, M.TI.",individual,2024-07-30,807422267,False,
CV Adriansyah Padmasari,corporation,Vivi Suryatmi,individual,2025-10-28,15106680674,False,
PD Safitri (Persero) Tbk,corporation,H. Tri Kusumo,individual,2025-03-28,1112609773,True,proxy
UD Zulaika Tbk,corporation,Partai Harapan Bangsa,political-party,2024-05-28,33935117,True,smurfing
Cornelia Wacana,individual,Partai Demokrat,political-party,2025-06-07,43376804,True,smurfing
PD Rahmawati (Persero) Tbk,corporation,Tami Fujiati,individual,2025-07-20,78429157,True,smurfing
Hilda Anggriawan,individual,Kusuma Santoso,individual,2025-03-18,1807218902,True,self_funded
CV Purwanti Tampubolon,corporation,"Drs. Keisha Sitompul, S.H.",individual,2025-10-11,5807734118,False,
"dr. Opung Dongoran, S.E.I",individual,Partai Harapan Bangsa,political-party,2025-02-16,176978349,False,
Perum Kuswoyo Saptono Tbk,corporation,Partai Nasional Demokrat,political-party,2025-12-11,387848557,False,
Prabawa Thamrin,individual,Partai Kebangkitan Rakyat,political-party,2025-03-12,44668527,True,smurfing
CV Mardhiyah Utama (Persero) Tbk,corporation,Partai Nasional Demokrat,political-party,2024-05-12,581400142,False,
PT Pertiwi Thamrin,organization,Partai Demokrat,political-party,2024-01-14,165506174,True,proxy
Perum Kusmawati Kuswandari,organization,Partai Solidaritas Indonesia,political-party,2025-01-06,148174748,False,
PD Budiyanto Ardianto Tbk,organization,Agus Nuraini,individual,2025-07-14,78582601,True,smurfing
Prasetyo Situmorang,individual,Partai Keadilan Indonesia,political-party,2024-04-04,150111390,False,
BUMD Energi Nusantara,organization,Partai Indonesia Maju,political-party,2024-10-07,381191292,True,illegal_source
PT Prasasta Prasetyo,organization,Nyoman Rajata,individual,2025-08-01,7357971395,False,
Pardi Mandasari,individual,"Cinthia Rahmawati, M.M.",individual,2025-08-14,1906788054,True,self_funded
Hj. Eli Saptono,individual,Emin Pradipta,individual,2024-10-05,219368999,False,
Perum Tarihoran (Persero) Tbk,organization,"Betania Gunawan, S.H.",individual,2025-08-23,45660386148,True,over_limit
PT Prasasta Anggriawan,corporation,Gada Setiawan,individual,2025-03-16,14785818710,True,self_funded
PD Siregar Najmudin (Persero) Tbk,corporation,Lalita Suryatmi,individual,2024-11-07,15232841083,False,
CV Widodo,corporation,KH. Lutfan Irawan,individual,2025-01-18,3205837080,True,self_funded
Perum Riyanti Tbk,corporation,Gamblang Padmasari,individual,2024-09-19,3087662077,True,self_funded
"Kamal Nababan, S.Sos",individual,Lalita Prasasta,individual,2024-04-24,3208093952,True,over_limit
Hartana Jailani,individual,"Sabri Andriani, S.Psi",individual,2024-01-09,1598987684,False,
PD Padmasari Pranowo (Persero) Tbk,corporation,"dr. Clara Utami, S.Psi",individual,2025-08-01,19601782179,True,self_funded
Nadine Permata,individual,"dr. Siska Haryanto, S.E.I",individual,2024-12-28,1104756376,False,
Perum Lazuardi Tbk,corporation,Endah Budiman,individual,2025-04-02,4431740701,True,self_funded
Tiara Prasetya,individual,"Ibun Agustina, S.Farm",individual,2024-03-09,984090301,True,self_funded
PD Hasanah,corporation,Dirja Handayani,individual,2024-07-13,19492090303,True,self_funded
Kementerian Keuangan,organization,Kayla Wasita,individual,2025-08-24,4865736151,True,illegal_source
Perum Hassanah Uyainah Tbk,corporation,Partai Indonesia Maju,political-party,2025-08-07,427873130,False,
Gamanto Widiastuti,individual,Rahmi Anggriawan,individual,2024-08-27,462303226,False,
CV Irawan,organization,"R.A. Ade Hardiansyah, M.Pd",individual,2025-02-01,17832094634,False,
PT Andriani Kusumo (Persero) Tbk,organization,R. Kamal Ardianto,individual,2024-07-16,1989882937,True,proxy
Rahayu Fujiati,individual,Halima Handayani,individual,2025-04-06,560251681,False,
Perum Prayoga Tbk,corporation,Shania Purwanti,individual,2025-01-25,624693939,True,proxy
Rudi Wacana,individual,Partai Demokrat,political-party,2025-04-14,18008246,True,smurfing
Mahfud Wijaya,individual,"Dt. Darimin Mustofa, S.I.Kom",individual,2024-02-15,389979398,False,
PD Wijaya Salahudin,organization,"Hj. Zizi Manullang, S.Ked",individual,2025-03-01,12426450,True,smurfing
CV Nashiruddin (Persero) Tbk,organization,Partai Demokrat,political-party,2024-05-04,9482414,True,smurfing
CV Sitorus Yuliarti,organization,"Humaira Pradana, M.Kom.",individual,2025-06-21,6369541140,False,
CV Hastuti (Persero) Tbk,corporation,Maryanto Rahmawati,individual,2025-03-19,3085737660,False,
CV Siregar Najmudin (Persero) Tbk,organization,Partai Rakyat Sejahtera,political-party,2024-08-29,1202315787,True,proxy
PT Widodo Lestari,corporation,Danuja Mustofa,individual,2025-10-23,18603562503,False,
Perum Saputra Marbun Tbk,organization,Dr. Cakrawangsa Hariyah,individual,2025-07-18,826484670,True,proxy
Emin Sudiati,individual,Akarsana Pratama,individual,2025-12-21,1728868764,True,self_funded
PD Lestari Tbk,organization,T. Mujur Laksita,individual,2024-07-15,809985607,True,proxy
PD Nababan Gunawan,corporation,Tgk. Yessi Santoso,individual,2024-04-29,18976477812,True,self_funded
Usyi Fujiati,individual,Sidiq Pradana,individual,2024-05-17,1106897600,True,self_funded
PT Astuti Suryatmi,corporation,Kasiyah Wibowo,individual,2025-04-21,7125446560,False,
Drs. Hilda Uwais,individual,"Jefri Riyanti, S.Pd",individual,2024-12-13,1235509518,False,
UD Usamah,corporation,dr. Puji Suryono,individual,2025-05-20,23440276121,True,self_funded
UD Samosir (Persero) Tbk,corporation,Hj. Ina Kusmawati,individual,2025-07-07,861553398,True,proxy
Nalar Simbolon,individual,Violet Iswahyudi,individual,2025-09-18,1802240190,True,self_funded
Perum Mandala Putra,corporation,Partai Indonesia Maju,political-party,2025-10-02,1952072589,True,proxy
"Puti Titin Jailani, S.IP",individual,"Wadi Marpaung, M.TI.",individual,2025-08-14,1839104172,False,
Ilsa Rahimah,individual,Dr. Karimah Namaga,individual,2025-06-28,533627425,False,
PD Suryatmi Tbk,corporation,Restu Manullang,individual,2025-05-11,18935685274,True,self_funded
CV Kusumo Gunarto,organization,Sabrina Nurdiyanti,individual,2025-02-11,3938989800,False,
UD Riyanti,corporation,Aurora Saptono,individual,2024-11-15,6911864580,False,
UD Lailasari (Persero) Tbk,corporation,Dewi Susanti,individual,2024-03-16,203280151,True,proxy
PD Hutasoit (Persero) Tbk,corporation,R. Soleh Setiawan,individual,2024-07-14,76999019,True,smurfing
PD Pradana,corporation,Partai Indonesia Maju,political-party,2025-06-27,1312655650,True,proxy
PT Nugroho,corporation,"Prayitna Marbun, S.Psi",individual,2025-08-09,6267913764,False,
PD Kuswoyo Tbk,corporation,dr. Prayogo Puspasari,individual,2025-07-13,1778870716,True,proxy
CV Suryatmi Tbk,organization,Partai Persatuan,political-party,2025-04-23,75214438,False,
PT Yulianti,corporation,Partai Amanat Rakyat,political-party,2025-10-02,711691427,True,proxy
CV Napitupulu Zulaika,corporation,Laswi Utami,individual,2025-02-21,18361640448,False,
PD Astuti Tbk,corporation,Nasrullah Habibi,individual,2024-03-15,19217617134,True,self_funded
Novi Laksita,individual,Erik Anggraini,individual,2025-09-07,985725538,False,
Perum Hidayanto Tbk,corporation,Harimurti Pudjiastuti,individual,2024-11-01,1638837773,True,proxy
"Elon Puspita, S.Ked",individual,drg. Ade Lazuardi,individual,2025-01-01,414299294,False,
"dr. Ajimat Padmasari, S.IP",individual,Banawi Damanik,individual,2025-11-19,379322876,False,
PD Dongoran Mahendra,corporation,"Hj. Sakura Winarno, S.Pt",individual,2024-04-04,6998235901,False,
Aditya Saptono,individual,Arta Halim,individual,2025-09-05,22207887,True,smurfing
PT Puspasari Situmorang,corporation,"Emil Wahyudin, M.Kom.",individual,2025-10-09,487971109,True,self_funded
"Dinda Tarihoran, S.Psi",individual,drg. Ozy Wibowo,individual,2025-01-15,1752923062,False,
Perum Saefullah (Persero) Tbk,organization,Partai Kebangkitan Rakyat,political-party,2025-08-14,1359079545,True,proxy
UD Mayasari Marbun,corporation,Baktianto Maulana,individual,2025-08-01,41028875,True,proxy
Karya Safitri,individual,Partai Kebangkitan Rakyat,political-party,2025-03-24,165173045,False,
PD Nugroho Tbk,corporation,Partai Rakyat Sejahtera,political-party,2025-05-01,264130530,False,
UD Pangestu Tbk,corporation,Ibrani Uwais,individual,2025-03-14,9293229273,True,self_funded
PT Pradana Farida,corporation,Nova Wacana,individual,2024-12-28,1592712480,True,proxy
Salwa Prabowo,individual,Rendy Waskita,individual,2024-12-31,960974214,True,self_funded
CV Suwarno,corporation,Partai Kebangkitan Rakyat,political-party,2024-01-26,1466489583,True,proxy
Halima Tarihoran,individual,Eman Kusumo,individual,2024-07-05,1467356150,False,
Perum Pratiwi Farida (Persero) Tbk,corporation,Karen Safitri,individual,2024-12-30,17883318469,False,
"Ir. Safina Purwanti, S.Pt",individual,Partai Persatuan,political-party,2025-10-08,172116449,False,
Cahya Saptono,individual,Partai Keadilan Indonesia,political-party,2025-12-01,154197178,False,
UD Wibisono Sitompul (Persero) Tbk,corporation,Daruna Salahudin,individual,2025-09-26,20505701568,False,
PT Rajata,organization,Partai Amanat Rakyat,political-party,2025-06-23,652368660,False,
Kunthara Mandala,individual,Syahrini Budiyanto,individual,2025-09-21,2142650528,True,self_funded
Perum Mayasari Kuswoyo (Persero) Tbk,corporation,Tirta Prasasta,individual,2025-10-06,745697900,True,self_funded
CV Yolanda,corporation,"Karman Haryanti, M.Pd",individual,2024-04-25,36037054,True,smurfing
Halima Tamba,individual,Partai Solidaritas Indonesia,political-party,2024-11-24,94970894,False,
PT Wahyudin Andriani (Persero) Tbk,organization,Partai Demokrat,political-party,2024-06-19,713618591,False,
Harja Riyanti,individual,"Hendri Prasasta, M.M.",individual,2025-12-10,347717741,False,
PT Najmudin Rahimah,corporation,"Elvina Ardianto, M.Pd",individual,2024-12-13,34037905,True,smurfing
Yessi Damanik,individual,Amelia Saputra,individual,2025-12-29,1994767057,False,
UD Palastri,corporation,Hj. Ami Nugroho,individual,2025-12-22,9255475,True,smurfing
PD Gunarto Gunarto,organization,Prabu Pradipta,individual,2024-04-28,577205590,True,proxy
UD Simanjuntak Dabukke,corporation,Lamar Pranowo,individual,2024-10-14,8007036213,False,
Kementerian Pendidikan Nasional,organization,Jessica Nashiruddin,individual,2025-01-20,17599488268,True,illegal_source
UD Permata Yuniar,corporation,Lalita Samosir,individual,2024-12-29,265200746,True,self_funded
UD Purnawati Mahendra (Persero) Tbk,corporation,"dr. Queen Sihombing, M.Pd",individual,2025-05-07,18552598416,False,
Eva Novitasari,individual,Nilam Nasyiah,individual,2024-10-10,100492880,False,
KH. Jarwa Prakasa,individual,Partai Demokrat,political-party,2025-03-28,90475878,False,
Perum Prayoga,corporation,Partai Indonesia Maju,political-party,2025-12-13,1336684802,True,over_limit
PT Marpaung (Persero) Tbk,organization,Clara Widodo,individual,2025-06-26,3355852,True,smurfing
PT Prasetyo Marpaung (Persero) Tbk,organization,Partai Solidaritas Indonesia,political-party,2025-05-24,585097597,False,
H. Lanang Mayasari,individual,Partai Harapan Bangsa,political-party,2024-09-13,105910160,False,
Perum Fujiati Anggraini (Persero) Tbk,corporation,Partai Harapan Bangsa,political-party,2024-06-05,34684522,True,smurfing
"Gina Yolanda, S.IP",individual,Partai Keadilan Indonesia,political-party,2025-02-18,140731611,False,
UD Mandasari Suwarno (Persero) Tbk,organization,Partai Solidaritas Indonesia,political-party,2025-02-13,471129053,True,proxy
Cayadi Mardhiyah,individual,Partai Keadilan Indonesia,political-party,2024-01-25,76620356,True,smurfing
Maria Anggriawan,individual,Partai Kebangkitan Rakyat,political-party,2025-09-07,146552140,False,
CV Nurdiyanti,corporation,Partai Rakyat Sejahtera,political-party,2025-08-04,1954714234,True,proxy
"Parman Hassanah, S.Pt",individual,Partai Amanat Rakyat,political-party,2025-08-08,35852360,False,
"dr. Nyana Mardhiyah, S.Pt",individual,Partai Kebangkitan Rakyat,political-party,2025-05-10,94219794,False,
Raina Handayani,individual,Emil Megantara,individual,2024-07-16,2030836734,False,
PT Handayani Hastuti,corporation,Cut Kartika Sihotang,individual,2024-04-24,23445518741,True,self_funded
PT Hardiansyah,corporation,Drs. Kadir Siregar,individual,2025-01-07,4545485840,True,self_funded
CV Wibowo Rahimah (Persero) Tbk,corporation,"Dt. Bakidin Hakim, S.Gz",individual,2025-07-15,3466261473,True,self_funded
Lulut Saptono,individual,Endah Pangestu,individual,2025-08-19,539473460,True,self_funded
Jamal Anggraini,individual,Ajiman Anggriawan,individual,2024-05-11,872893699,False,
Hendra Pratiwi,individual,Partai Nasional Demokrat,political-party,2025-05-31,92100212,False,
Perum Narpati Kurniawan (Persero) Tbk,corporation,Amelia Manullang,individual,2025-05-28,365458652,True,proxy
UD Prasasta Wijaya Tbk,corporation,Partai Indonesia Maju,political-party,2025-07-10,159537360,True,proxy
UD Wulandari Sihombing (Persero) Tbk,organization,T. Cemani Sihombing,individual,2024-10-04,1709543998,True,proxy
Mahfud Prastuti,individual,Partai Nasional Demokrat,political-party,2024-10-24,74853858,False,
Erik Prasetyo,individual,Endah Susanti,individual,2024-08-26,1259740358,False,
PD Nababan,corporation,R. Rahmi Sirait,individual,2025-12-29,1269038929,True,proxy
CV Kuswoyo Wibisono (Persero) Tbk,organization,Vanesa Mansur,individual,2024-11-06,277191353,True,proxy
Perum Wacana Tarihoran (Persero) Tbk,organization,Partai Demokrat,political-party,2024-04-17,1337184367,True,over_limit
PD Mahendra Utami,organization,Partai Indonesia Maju,political-party,2024-10-01,478034207,True,proxy
CV Winarno Mustofa Tbk,corporation,Partai Rakyat Sejahtera,political-party,2025-04-12,287032223,False,
CV Dongoran (Persero) Tbk,corporation,Farhunnisa Latupono,individual,2025-10-15,12948807230,False,
CV Hidayanto Mangunsong (Persero) Tbk,corporation,Partai Harapan Bangsa,political-party,2024-01-04,369974609,False,
PD Situmorang Tbk,corporation,Rahmi Pranowo,individual,2024-04-08,4837789067,True,self_funded
R. Rangga Nainggolan,individual,Ayu Rahayu,individual,2024-09-28,1865057069,False,
Uli Handayani,individual,Partai Rakyat Sejahtera,political-party,2025-08-24,49646329,True,smurfing
Kenari Adriansyah,individual,Ibrani Maryati,individual,2025-04-06,2223631511,False,
Perum Pratama (Persero) Tbk,organization,Partai Nasional Demokrat,political-party,2024-09-21,1960437049,True,proxy
Perum Saputra (Persero) Tbk,corporation,Partai Keadilan Indonesia,political-party,2025-11-27,22763145,True,smurfing
UD Damanik Halimah (Persero) Tbk,corporation,Partai Indonesia Maju,political-party,2024-09-02,11246050,True,smurfing
"Tgk. Edi Firgantoro, S.IP",individual,Partai Harapan Bangsa,political-party,2024-08-18,67633695,False,
PD Mardhiyah,organization,drg. Safina Mandala,individual,2024-03-12,256322245,False,
UD Kuswoyo Tbk,corporation,Olivia Budiman,individual,2025-04-16,826091174,True,proxy
PD Damanik Sitompul (Persero) Tbk,corporation,Partai Demokrat,political-party,2025-07-28,53054584,True,smurfing
PD Siregar Hutasoit Tbk,organization,Partai Nasional Demokrat,political-party,2025-10-18,70132668,True,smurfing
"T. Enteng Kusumo, S.Gz",individual,Latika Prastuti,individual,2025-12-04,15049491,False,
Kamaria Nababan,individual,Drs. Raina Haryanto,individual,2025-11-27,1867217302,True,self_funded
Ratih Irawan,individual,Heru Hutasoit,individual,2024-11-13,271549364,False,
Hasna Pudjiastuti,individual,Partai Keadilan Indonesia,political-party,2024-07-28,115900792,False,
CV Hassanah Utami Tbk,corporation,R.M. Legawa Handayani,individual,2025-08-12,532977361,True,proxy
CV Uwais Kuswoyo,organization,Partai Amanat Rakyat,political-party,2024-01-29,939991621,True,proxy
Patricia Siregar,individual,Saadat Haryanti,individual,2025-08-13,85632310,True,smurfing
Dr. Ida Sirait,individual,Partai Persatuan,political-party,2024-06-18,34982696,False,
Galih Anggraini,individual,Partai Persatuan,political-party,2024-04-03,76835005,False,
R. Bala Zulaika,individual,Partai Demokrat,political-party,2024-05-28,3048596,False,
PD Salahudin Tbk,organization,Partai Solidaritas Indonesia,political-party,2025-08-30,55068746,True,smurfing
PT Tamba Halim Tbk,organization,"Ir. Nugraha Rahayu, S.IP",individual,2025-10-20,1970669955,True,proxy
PD Fujiati Kuswoyo,corporation,Karsa Handayani,individual,2025-06-23,437420959,True,proxy
Tgk. Kenzie Yolanda,individual,Partai Kebangkitan Rakyat,political-party,2024-02-01,59380902,False,
Perum Suartini Padmasari Tbk,corporation,Partai Solidaritas Indonesia,political-party,2025-04-12,487237433,False,
Kamila Simbolon,individual,"Kajen Laksita, M.M.",individual,2025-11-21,70346640,True,smurfing
PD Utama Mardhiyah Tbk,organization,Partai Harapan Bangsa,political-party,2024-04-16,7990654,False,
"Puti Qori Mardhiyah, S.E.",individual,Vanesa Marpaung,individual,2024-08-06,1115992100,False,
CV Handayani,organization,Partai Indonesia Maju,political-party,2025-01-15,688497535,False,
Dalimin Yuliarti,individual,Yessi Mahendra,individual,2024-03-12,86530394,True,smurfing
PD Riyanti Tbk,corporation,Ophelia Suartini,individual,2024-11-30,40294163089,True,over_limit
CV Suryatmi Handayani Tbk,organization,Hana Sudiati,individual,2024-06-15,42075166,True,proxy
Perum Prasasta Simbolon Tbk,organization,Partai Keadilan Indonesia,political-party,2024-08-05,3392037,True,smurfing
"Kartika Andriani, S.I.Kom",individual,Partai Amanat Rakyat,political-party,2025-03-05,91673735,False,
UD Manullang,corporation,Partai Demokrat,political-party,2025-04-28,503796419,False,
Ulva Prayoga,individual,Elvin Pangestu,individual,2025-11-12,694112698,True,self_funded
UD Hartati Thamrin,corporation,Partai Indonesia Maju,political-party,2025-03-17,84525260,False,
Perum Zulaika Simanjuntak,organization,Partai Rakyat Sejahtera,political-party,2024-11-13,587491592,True,proxy
Vicky Hartati,individual,Partai Nasional Demokrat,political-party,2024-01-31,126843982,False,
PD Hutagalung,corporation,Partai Nasional Demokrat,political-party,2025-05-31,539520529,False,
PD Thamrin Sudiati,organization,Partai Solidaritas Indonesia,political-party,2025-12-30,9027064,True,smurfing
Iriana Pranowo,individual,Partai Solidaritas Indonesia,political-party,2025-07-25,3466633,False,
BUMD Energi Nusantara,organization,Cahyo Firgantoro,individual,2024-08-10,7918851400,True,illegal_source
PD Latupono,organization,"Sutan Kenzie Rajata, S.Pd",individual,2025-04-23,984206717,True,proxy
Bahuwarna Widiastuti,individual,"H. Jayadi Simanjuntak, S.Gz",individual,2024-07-16,1019395019,False,
"Natalia Yulianti, S.Farm",individual,Partai Persatuan,political-party,2024-07-21,74904256,False,
UD Mulyani Iswahyudi,organization,Emil Nashiruddin,individual,2025-07-30,7168306893,False,
Perkasa Safitri,individual,Mursita Hutapea,individual,2024-07-30,3917668642,True,over_limit
Perum Tarihoran,corporation,Partai Indonesia Maju,political-party,2025-02-23,740431364,True,proxy
CV Salahudin,corporation,Partai Nasional Demokrat,political-party,2025-03-23,612699716,False,
R.M. Martana Wibowo,individual,Rahmi Nainggolan,individual,2025-05-26,409853134,False,
UD Adriansyah,corporation,Partai Kebangkitan Rakyat,political-party,2024-12-31,532239890,False,
UD Wahyudin,corporation,Gara Hastuti,individual,2025-12-07,1855193730,True,proxy
Caraka Waskita,individual,Partai Solidaritas Indonesia,political-party,2024-08-09,147934723,False,
PT Sihotang,corporation,Edi Simanjuntak,individual,2025-07-27,4577762764,True,self_funded
PD Megantara Lestari (Persero) Tbk,corporation,Laswi Suryono,individual,2024-10-10,3927468757,False,
Perum Salahudin Tbk,corporation,Partai Demokrat,political-party,2025-05-30,27135432,True,smurfing
Murti Pradana,individual,"Tgk. Hendri Thamrin, M.TI.",individual,2025-02-20,27360050,True,smurfing
PT Sitorus Narpati,corporation,Partai Harapan Bangsa,political-party,2024-05-23,62444100,True,proxy
"Ganep Rahimah, S.Farm",individual,Partai Keadilan Indonesia,political-party,2025-03-07,86359858,False,
"Okto Sirait, M.Ak",individual,Martana Rahmawati,individual,2024-11-28,2474127472,True,self_funded
PD Hakim Sitompul (Persero) Tbk,organization,Partai Persatuan,political-party,2024-07-28,146033975,False,
Perum Oktaviani Rahayu Tbk,organization,Ghani Prasetya,individual,2025-04-15,50415970,True,smurfing
"Murti Latupono, M.Kom.",individual,Partai Rakyat Sejahtera,political-party,2024-11-22,53388660,False,
PD Habibi Samosir,corporation,Dr. Lalita Oktaviani,individual,2025-12-27,1429634916,False,
Asirwada Usamah,individual,Ulva Putra,individual,2024-11-02,1289481959,False,
Adiarja Nasyiah,individual,Ganjaran Pratiwi,individual,2025-08-02,199816189,True,self_funded
Perum Nurdiyanti,corporation,"H. Cager Sudiati, S.Psi",individual,2025-09-03,7335443504,True,self_funded
CV Kusmawati Prabowo Tbk,corporation,Partai Demokrat,political-party,2024-03-01,43120538,True,smurfing
R. Kasiran Pertiwi,individual,Luwes Hasanah,individual,2025-05-14,289116772,False,
PD Hidayat Maheswara Tbk,corporation,"drg. Galih Anggriawan, M.M.",individual,2025-10-26,6033073579,True,self_funded
PT Wasita (Persero) Tbk,organization,Yance Agustina,individual,2025-12-22,924368670,True,proxy
UD Firmansyah,organization,Partai Kebangkitan Rakyat,political-party,2025-11-28,415487527,True,proxy
Perum Purnawati Hidayat,corporation,Partai Demokrat,political-party,2024-03-17,54567167,True,smurfing
PD Prabowo Nasyidah,corporation,Partai Amanat Rakyat,political-party,2024-06-21,663143783,False,
PT Nugroho (Persero) Tbk,corporation,Hj. Uli Ramadan,individual,2024-09-26,17951658890,False,
UD Puspasari Napitupulu,organization,Partai Demokrat,political-party,2024-05-24,295679163,False,
"Umi Waluyo, M.Pd",individual,Warta Kusumo,individual,2024-04-27,1421398096,True,self_funded
Sutan Warsita Susanti,individual,Partai Rakyat Sejahtera,political-party,2024-02-03,246855565,True,over_limit
PT Sitompul Damanik (Persero) Tbk,corporation,Mala Winarsih,individual,2024-10-29,23188859888,True,self_funded
"Tgk. Erik Prakasa, S.Pt",individual,Dr. Himawan Saragih,individual,2024-10-07,1681991917,False,
PD Pratiwi (Persero) Tbk,corporation,Partai Demokrat,political-party,2024-10-07,491164423,False,
UD Wacana Tbk,organization,Partai Indonesia Maju,political-party,2024-12-16,36665479,True,smurfing
PT Natsir Latupono,corporation,"Dr. Vanya Gunawan, M.Kom.",individual,2024-09-10,20561208840,True,self_funded
UD Mardhiyah,corporation,"dr. Tiara Haryanti, S.E.",individual,2024-10-24,21281469395,True,self_funded
Perum Wijayanti Utami,organization,Partai Keadilan Indonesia,political-party,2024-01-28,1954432673,True,proxy
Perum Santoso,corporation,Michelle Yolanda,individual,2025-08-27,7784564346,False,
"Nadia Santoso, M.Pd",individual,"Drs. Simon Fujiati, M.Farm",individual,2025-07-18,86742370,True,smurfing
UD Wulandari (Persero) Tbk,corporation,Partai Kebangkitan Rakyat,political-party,2025-07-05,74536879,True,smurfing
Dr. Gilang Susanti,individual,Eluh Mustofa,individual,2025-02-12,1415446268,False,
CV Habibi Prasetyo,organization,Fathonah Pradana,individual,2025-01-12,5511991682,False,
CV Siregar Wastuti (Persero) Tbk,corporation,dr. Aurora Kurniawan,individual,2024-03-08,17585977248,False,
Perum Pertiwi Najmudin Tbk,corporation,Joko Winarsih,individual,2025-03-16,375550607,True,proxy
CV Safitri Hutapea (Persero) Tbk,organization,Partai Solidaritas Indonesia,political-party,2024-04-16,46381426,True,smurfing
CV Andriani (Persero) Tbk,corporation,Partai Demokrat,political-party,2025-07-03,659691991,False,
PT Mahendra Santoso,corporation,Partai Indonesia Maju,political-party,2024-07-31,1483627174,True,proxy
Raisa Hidayanto,individual,Eka Usada,individual,2024-08-24,924433299,True,self_funded
PD Purnawati,corporation,Sutan Dipa Rajasa,individual,2025-09-11,240223030,True,proxy
Silvia Maryadi,individual,Partai Rakyat Sejahtera,political-party,2025-10-10,95345717,False,
CV Manullang Tamba (Persero) Tbk,corporation,Partai Solidaritas Indonesia,political-party,2025-10-03,1446872063,True,proxy
CV Pranowo,organization,Nabila Novitasari,individual,2024-09-17,73368437,True,smurfing
UD Nainggolan Marbun Tbk,corporation,Partai Indonesia Maju,political-party,2024-01-15,15769961,True,smurfing
CV Rajata Tbk,corporation,Partai Keadilan Indonesia,political-party,2024-04-28,1864300009,True,proxy
Ani Usada,individual,"drg. Elma Laksita, M.TI.",individual,2025-05-16,17469130,False,
"Kamaria Widiastuti, S.I.Kom",individual,Partai Demokrat,political-party,2025-01-21,53931792,False,
Harjo Hutasoit,individual,Eman Hasanah,individual,2025-12-23,1354768596,False,
PT Mahendra Farida Tbk,corporation,Drs. Mila Widodo,individual,2024-05-13,21674797477,False,
PT Waluyo (Persero) Tbk,corporation,Puti Cindy Palastri,individual,2024-12-16,569283159,True,self_funded
PD Nasyiah Tbk,organization,Partai Nasional Demokrat,political-party,2025-06-13,219580454,False,
Zalindra Jailani,individual,Partai Demokrat,political-party,2024-12-03,45167164,False,
Balidin Suryatmi,individual,Nasrullah Fujiati,individual,2025-09-20,2398311529,True,self_funded
"Warsa Wahyuni, S.Ked",individual,"Tgk. Hasan Wahyudin, S.IP",individual,2024-07-01,2178360312,False,
Anom Susanti,individual,Partai Nasional Demokrat,political-party,2025-04-25,80545994,True,smurfing
UD Firmansyah Wijaya,corporation,Partai Nasional Demokrat,political-party,2025-10-23,416544371,True,proxy
Pemerintah Kabupaten Banyumas,organization,Partai Keadilan Indonesia,political-party,2024-10-18,240768983,True,illegal_source
CV Haryanto Mahendra,organization,Partai Keadilan Indonesia,political-party,2024-06-04,1141735496,True,proxy
UD Handayani,corporation,Titi Purnawati,individual,2024-05-03,1809301030,True,proxy
UD Uyainah Suwarno,organization,"Rina Suwarno, S.Ked",individual,2024-03-14,1540746406,True,proxy
"Kalim Natsir, S.H.",individual,"Gambira Permadi, S.E.I",individual,2025-08-10,1116207313,False,
PT Utama Mandasari,corporation,Partai Amanat Rakyat,political-party,2024-04-12,528081742,False,
UD Hassanah Tbk,organization,Partai Keadilan Indonesia,political-party,2024-09-19,411434580,True,proxy
PD Prasetyo Tbk,organization,Partai Nasional Demokrat,political-party,2024-08-13,25631821,True,smurfing
Julia Putra,individual,Puti Maya Pertiwi,individual,2024-04-19,1872297375,False,
Perum Handayani Ramadan,corporation,Cinta Hutasoit,individual,2025-07-01,1779105638,False,
UD Utama Wastuti,organization,"Vega Tamba, M.Farm",individual,2024-03-08,1384279875,True,proxy
"drg. Prayitna Puspita, M.Farm",individual,"Muhammad Napitupulu, M.Kom.",individual,2025-02-03,1118382356,False,
UD Handayani (Persero) Tbk,corporation,Partai Indonesia Maju,political-party,2024-12-24,1544234649,True,proxy
Perum Ramadan,corporation,Partai Amanat Rakyat,political-party,2025-11-18,756756195,True,proxy
Viman Hasanah,individual,"drg. Adhiarja Hidayanto, M.M.",individual,2025-01-12,466861315,False,
CV Fujiati Uyainah,corporation,Partai Solidaritas Indonesia,political-party,2025-01-13,26860998,True,smurfing
UD Hutasoit Usamah,corporation,Partai Keadilan Indonesia,political-party,2025-03-22,655469633,False,
PD Mahendra Tbk,organization,Bakiman Melani,individual,2025-03-04,78879982,True,smurfing
Ganep Laksmiwati,individual,Partai Harapan Bangsa,political-party,2025-07-22,16642473,True,smurfing
Umaya Permata,individual,Partai Amanat Rakyat,political-party,2024-09-26,86675298,False,
"Tina Maheswara, S.Ked",individual,Partai Keadilan Indonesia,political-party,2025-04-14,63226304,False,
PD Utami Nasyiah,corporation,Bakianto Sihombing,individual,2025-08-20,46252382,True,smurfing
"drg. Endah Haryanto, M.Kom.",individual,Partai Indonesia Maju,political-party,2024-06-13,179885169,False,
R.A. Zulaikha Siregar,individual,Warsita Situmorang,individual,2025-06-03,577699258,False,
Ir. Gasti Hidayat,individual,Tiara Tarihoran,individual,2025-03-05,1680922934,True,self_funded
"Rudi Nashiruddin, S.Sos",individual,Asirwanda Oktaviani,individual,2025-07-10,93865758,True,self_funded
PT Marpaung Mandasari,corporation,Putri Maryati,individual,2025-08-31,6726762,True,smurfing
Perum Hasanah Maryadi (Persero) Tbk,corporation,Rahmi Simanjuntak,individual,2024-05-06,31382122,True,smurfing
CV Maryadi (Persero) Tbk,corporation,Partai Nasional Demokrat,political-party,2025-03-06,43009989,True,proxy
Uda Januar,individual,Partai Keadilan Indonesia,political-party,2024-11-13,70250601,False,
"H. Tasnim Megantara, S.Farm",individual,Padma Pradana,individual,2025-11-06,1225698957,False,
"Queen Prasetya, S.I.Kom",individual,Partai Kebangkitan Rakyat,political-party,2024-05-22,139956535,False,
Perum Kusumo Kusumo Tbk,organization,Wulan Nasyiah,individual,2024-11-15,13066989443,False,
Maya Budiyanto,individual,Partai Harapan Bangsa,political-party,2024-12-30,158859542,False,
PD Rajata Utama (Persero) Tbk,organization,"Uli Saragih, S.Psi",individual,2024-06-26,8346471087,False,
Perum Purnawati,corporation,Partai Keadilan Indonesia,political-party,2025-03-10,671838474,False,
CV Firmansyah (Persero) Tbk,corporation,Aurora Mayasari,individual,2025-04-20,24891365945,True,self_funded
CV Hariyah,corporation,Drs. Prasetyo Latupono,individual,2025-06-02,13836412917,True,self_funded
Pangestu Pratiwi,individual,Partai Amanat Rakyat,political-party,2025-09-19,9393490,False,
Perum Hastuti Salahudin,corporation,Zizi Damanik,individual,2025-01-25,19875284387,True,self_funded
UD Novitasari Haryanto Tbk,organization,Partai Keadilan Indonesia,political-party,2025-07-07,17453578,True,smurfing
CV Ramadan Tbk,corporation,Artanto Halim,individual,2024-08-14,19422815971,False,
"Yahya Pradana, S.I.Kom",individual,"Puti Nabila Mustofa, S.Kom",individual,2025-06-03,774964356,False,
CV Prayoga Tbk,corporation,Partai Rakyat Sejahtera,political-party,2024-02-13,478526583,False,
"Baktiono Kusumo, S.Gz",individual,"Tgk. Garang Zulkarnain, S.E.",individual,2025-05-22,1159008449,False,
Hj. Citra Mandasari,individual,Oni Tarihoran,individual,2024-02-13,55989296,True,smurfing
Darsirah Firmansyah,individual,Partai Keadilan Indonesia,political-party,2025-01-20,120215511,False,
"T. Kasiran Hariyah, S.Sos",individual,Partai Amanat Rakyat,political-party,2025-04-03,65161077,True,smurfing
PD Winarno Simanjuntak,organization,"R.A. Vanya Sihombing, M.Pd",individual,2025-06-04,19434938686,False,
PT Rahmawati Tbk,corporation,Partai Solidaritas Indonesia,political-party,2025-03-22,66024217,False,
Mala Mansur,individual,Kamidin Purwanti,individual,2025-01-17,594482200,False,
PT Prasasta,organization,Partai Solidaritas Indonesia,political-party,2024-02-05,59224393,True,smurfing
CV Laksita Suryono,organization,Partai Rakyat Sejahtera,political-party,2025-06-07,920960105,True,proxy
UD Utami Winarsih Tbk,corporation,Pia Ardianto,individual,2024-10-17,10175634140,True,self_funded
Darsirah Yuniar,individual,Galih Najmudin,individual,2025-02-05,632086699,True,self_funded
Rama Wibisono,individual,Partai Amanat Rakyat,political-party,2024-04-03,25388300,False,
PD Kusumo,corporation,Partai Solidaritas Indonesia,political-party,2025-10-28,546929068,False,
PD Nugroho,organization,H. Darmana Yolanda,individual,2025-04-07,21262024646,False,
Cut Ika Maulana,individual,Kayun Ramadan,individual,2025-09-12,2980822205,True,over_limit
"Drs. Endah Iswahyudi, S.Sos",individual,"Agus Fujiati, S.Kom",individual,2025-03-17,1114603562,False,
Perum Zulkarnain (Persero) Tbk,corporation,Partai Persatuan,political-party,2024-04-12,411550223,False,
UD Saefullah (Persero) Tbk,corporation,Partai Demokrat,political-party,2025-04-15,58035507,True,smurfing
PT Kereta Api Indonesia (Persero),corporation,Karimah Wastuti,individual,2025-07-12,16398658138,True,illegal_source
"drg. Gandewa Haryanti, S.Pd",individual,Partai Harapan Bangsa,political-party,2025-06-24,110562351,False,
Citra Irawan,individual,Drs. Caturangga Wacana,individual,2025-08-04,409618568,False,
PD Situmorang Usada,organization,Partai Demokrat,political-party,2024-09-22,527955117,True,proxy
PT PLN (Persero),corporation,Partai Solidaritas Indonesia,political-party,2024-07-13,377548662,True,illegal_source
PD Prasetyo Tbk,corporation,Partai Indonesia Maju,political-party,2025-10-12,658299617,False,
PD Oktaviani,organization,"Farah Latupono, S.Pt",individual,2024-01-01,595022776,True,proxy
Perum Siregar,corporation,"Drs. Maida Nainggolan, S.Ked",individual,2024-10-12,6206413515,True,self_funded
PD Hidayat (Persero) Tbk,corporation,"R.M. Ega Waskita, S.IP",individual,2025-06-18,21600827621,False,
PD Purwanti Oktaviani,organization,Hj. Syahrini Puspita,individual,2024-01-21,37380952595,True,over_limit
Perum Pratiwi Iswahyudi,organization,Partai Rakyat Sejahtera,political-party,2025-04-25,685692224,False,
PT Puspasari Pratiwi,organization,Partai Keadilan Indonesia,political-party,2024-07-12,219316967,False,
Puspa Iswahyudi,individual,Partai Keadilan Indonesia,political-party,2025-08-15,150993026,False,
PT Siregar Santoso,corporation,Sutan Tirtayasa Wasita,individual,2024-02-17,1727704844,True,proxy
CV Saputra Kurniawan (Persero) Tbk,organization,Gilang Suartini,individual,2025-08-27,1155860597,True,proxy
PD Napitupulu,corporation,Partai Kebangkitan Rakyat,political-party,2024-11-06,719945158,False,
"Widya Rajata, S.Ked",individual,Endra Nuraini,individual,2025-05-03,309907315,False,
Laswi Jailani,individual,"Dt. Jayeng Pudjiastuti, S.Pt",individual,2025-03-02,1921016818,True,self_funded
KH. Catur Siregar,individual,drg. Oman Thamrin,individual,2024-06-19,942951659,False,
Iriana Waluyo,individual,Michelle Firgantoro,individual,2024-01-26,50187293,True,smurfing
UD Adriansyah,organization,Partai Kebangkitan Rakyat,political-party,2024-10-19,838442856,True,proxy
UD Saragih,organization,Partai Harapan Bangsa,political-party,2025-02-25,1227688212,True,proxy
Dt. Wasis Prakasa,individual,Galak Dabukke,individual,2024-01-05,899952443,False,
UD Palastri Waluyo (Persero) Tbk,organization,Partai Harapan Bangsa,political-party,2025-10-05,21349983,True,smurfing
Tirtayasa Saefullah,individual,Opung Saragih,individual,2025-02-05,491349440,False,
Karen Wastuti,individual,Maria Latupono,individual,2024-03-14,49894172,True,smurfing
Perum Agustina (Persero) Tbk,corporation,"Hj. Chelsea Siregar, S.Farm",individual,2025-09-13,6115469310,False,
PD Wahyuni Fujiati,organization,Bakiadi Mandala,individual,2025-05-13,19482701,True,smurfing
PT Budiman Mandasari,corporation,"Daliman Damanik, S.E.I",individual,2025-09-22,3705046192,True,self_funded
PT Tamba Wibisono,corporation,Cinta Puspita,individual,2024-07-21,1636253573,True,self_funded
"Halima Saefullah, M.M.",individual,Partai Solidaritas Indonesia,political-party,2025-12-05,173052080,False,
Patricia Prayoga,individual,Partai Solidaritas Indonesia,political-party,2025-05-20,74851895,False,
R. Juli Usada,individual,Partai Amanat Rakyat,political-party,2024-11-27,149433072,False,
CV Iswahyudi,corporation,Partai Nasional Demokrat,political-party,2024-12-10,4324001,True,smurfing
"Ella Haryanto, S.I.Kom",individual,Gandi Pangestu,individual,2025-04-07,7856954,True,smurfing
CV Mangunsong (Persero) Tbk,organization,Mursinin Wacana,individual,2025-04-25,1822241707,True,proxy
PT Pertamina (Persero),corporation,Partai Amanat Rakyat,political-party,2025-05-11,189765267,True,illegal_source
"Sutan Lukita Palastri, S.E.I",individual,Bajragin Namaga,individual,2024-01-19,2074138394,True,self_funded
UD Lazuardi Tbk,organization,Partai Demokrat,political-party,2024-07-02,1029291523,True,proxy
UD Latupono Permadi Tbk,corporation,Partai Solidaritas Indonesia,political-party,2025-07-23,774000849,True,proxy
Vanesa Farida,individual,Irsad Rajata,individual,2025-07-04,449537855,False,
"Ir. Gina Dongoran, S.Ked",individual,Partai Harapan Bangsa,political-party,2024-08-02,16369206,False,
Darimin Jailani,individual,Latika Nasyidah,individual,2025-08-19,1747374727,False,
PD Usamah Yuniar (Persero) Tbk,corporation,Partai Solidaritas Indonesia,political-party,2025-01-15,713226548,False,
PD Marpaung (Persero) Tbk,corporation,Ajeng Nugroho,individual,2025-05-27,1684660529,True,proxy
PT Wibowo,corporation,"Tgk. Hafshah Nuraini, M.Pd",individual,2024-09-18,7763314729,False,
Jono Putra,individual,Partai Nasional Demokrat,political-party,2024-07-01,39375149,False,
"drg. Lukita Handayani, S.Ked",individual,Bancar Gunarto,individual,2025-03-09,1413529064,False,
PD Anggraini Kuswoyo (Persero) Tbk,corporation,Nalar Nuraini,individual,2025-09-16,4796971672,True,self_funded
Perum Wijaya Kuswoyo,corporation,Gaman Prastuti,individual,2025-11-03,99433352,True,smurfing
Perum Rahayu,corporation,Partai Indonesia Maju,political-party,2024-01-29,693869740,False,
PD Pradipta Saptono,organization,"Bahuraksa Tamba, S.Pt",individual,2024-08-16,73535065,True,smurfing
PD Mandala,corporation,drg. Endah Suryatmi,individual,2025-11-25,13606777617,False,
Perum Halimah Wahyuni Tbk,corporation,Gandi Zulkarnain,individual,2025-09-13,19922413656,False,
Perum Novitasari Budiman,corporation,Malik Waluyo,individual,2024-09-16,1609245752,True,proxy
"R.A. Hamima Dabukke, S.Farm",individual,Soleh Winarno,individual,2025-02-18,1466685813,False,
Perum Laksita,corporation,Galih Suwarno,individual,2024-11-07,1815583187,True,proxy
"Dt. Lega Utami, S.Psi",individual,Partai Rakyat Sejahtera,political-party,2025-10-14,46406852,True,smurfing
"Puti Ratna Hutagalung, S.T.",individual,Leo Budiman,individual,2024-12-22,375965574,True,self_funded
Diana Prasetya,individual,Partai Harapan Bangsa,political-party,2024-11-01,174346220,False,
T. Wakiman Maheswara,individual,Partai Persatuan,political-party,2025-11-01,113539230,False,
Cahyanto Samosir,individual,Partai Kebangkitan Rakyat,political-party,2025-10-14,2543489,False,
Karja Wibowo,individual,Partai Kebangkitan Rakyat,political-party,2024-05-25,96859196,False,
Kacung Hidayat,individual,"Puti Zamira Permadi, M.M.",individual,2025-05-06,798701146,False,
"Puti Juli Sihombing, S.Farm",individual,Partai Demokrat,political-party,2025-07-24,177396200,False,
PT Yolanda Widodo,corporation,Partai Solidaritas Indonesia,political-party,2025-07-11,232789220,False,
PD Mayasari Natsir,organization,Latif Wahyuni,individual,2025-07-31,3190429706,False,
PD Mansur,organization,Partai Rakyat Sejahtera,political-party,2025-07-15,802450120,True,proxy
UD Permadi,corporation,Partai Indonesia Maju,political-party,2024-12-09,88617726,False,
"R. Luluh Wibisono, S.H.",individual,"Cut Hamima Sitompul, S.Kom",individual,2024-01-26,1496136131,True,self_funded
"Restu Firmansyah, S.Pt",individual,Darmanto Pradipta,individual,2024-07-30,1678232824,True,self_funded
Laswi Sihombing,individual,Partai Rakyat Sejahtera,political-party,2025-07-11,11507704,False,
Tgk. Yuliana Padmasari,individual,Partai Kebangkitan Rakyat,political-party,2025-05-06,17008018,False,
Perum Astuti Widodo,organization,Ana Wibowo,individual,2025-06-14,86106259,True,smurfing
PT Dabukke Tbk,organization,Partai Rakyat Sejahtera,political-party,2025-09-18,92992945,True,smurfing
Kementerian Pendidikan Nasional,organization,"Lutfan Jailani, M.Farm",individual,2025-07-25,13850843472,True,illegal_source
Karimah Utama,individual,Nabila Sihombing,individual,2025-02-09,1493418190,False,
CV Wulandari Lailasari (Persero) Tbk,organization,Partai Demokrat,political-party,2024-03-03,877274378,True,proxy
Perum Aryani Safitri Tbk,corporation,Cut Ani Hutapea,individual,2025-04-11,8894175099,False,
Asmuni Puspasari,individual,Cindy Saptono,individual,2025-08-03,1818994048,False,
Drs. Ulya Hutagalung,individual,"R.M. Niyaga Maryadi, S.H.",individual,2025-05-26,1593921844,False,
PD Laksita,organization,Asirwanda Dongoran,individual,2025-04-06,762177694,True,proxy
Sutan Taufan Widiastuti,individual,"Dt. Gambira Laksmiwati, S.Pd",individual,2025-06-01,56265841,True,self_funded
Perum Sudiati Tbk,corporation,Halim Pudjiastuti,individual,2024-06-12,15871165138,True,self_funded
CV Iswahyudi Tbk,corporation,Cakrabirawa Siregar,individual,2024-05-20,7118335937,True,self_funded
Perum Saptono (Persero) Tbk,organization,Partai Amanat Rakyat,political-party,2025-08-30,1357295795,True,proxy
"T. Karya Suryono, M.Farm",individual,Partai Solidaritas Indonesia,political-party,2025-04-18,29623833,False,
"R. Cemani Hutasoit, M.TI.",individual,Partai Kebangkitan Rakyat,political-party,2024-03-11,136478351,False,
UD Suryatmi Aryani,organization,Partai Demokrat,political-party,2024-01-20,892869860,True,proxy
PD Kurniawan Tbk,organization,Chelsea Usamah,individual,2024-12-06,78535440,True,smurfing
Eli Widodo,individual,Kadir Purnawati,individual,2024-03-20,561944559,False,
PT Megantara Hidayat,corporation,Partai Solidaritas Indonesia,political-party,2024-07-31,1744642322,True,proxy
PD Puspasari,organization,"Tgk. Nyoman Nugroho, S.E.I",individual,2025-02-18,1330182957,True,proxy
Hj. Chelsea Handayani,individual,Eja Mulyani,individual,2024-10-10,1969576869,False,
Fitriani Maheswara,individual,Partai Keadilan Indonesia,political-party,2025-07-14,178236576,False,
PD Sihombing Kusmawati (Persero) Tbk,corporation,Sabrina Wibisono,individual,2025-01-03,35360257,True,smurfing
Lasmanto Wasita,individual,Najwa Sihombing,individual,2024-04-11,1782681736,False,
"Titi Maheswara, S.E.I",individual,R.M. Bagya Uyainah,individual,2024-03-19,394915786,False,
PT Purnawati Halim,corporation,Diana Kusumo,individual,2025-10-23,25988106,True,smurfing
CV Prasetyo,corporation,Fitria Wahyuni,individual,2024-08-21,1416505657,True,proxy
PD Prastuti Wibowo Tbk,corporation,Partai Rakyat Sejahtera,political-party,2024-10-13,681945928,False,
PD Gunarto Winarno (Persero) Tbk,corporation,"Kania Mangunsong, S.Pt",individual,2025-03-18,10008308390,True,self_funded
UD Mandala,organization,Tari Haryanti,individual,2024-08-03,1086578957,True,proxy
Pemerintah Kabupaten Banyumas,organization,"Melinda Prabowo, M.Ak",individual,2024-08-09,13876086349,True,illegal_source
Raina Natsir,individual,"Hj. Tiara Salahudin, M.Ak",individual,2025-04-03,60520822,True,smurfing
Dasa Riyanti,individual,Partai Harapan Bangsa,political-party,2024-03-17,110384963,False,
UD Permadi,corporation,"Lembah Maheswara, S.E.I",individual,2025-02-20,18864251692,True,self_funded
"Dr. Paramita Suryatmi, M.Kom.",individual,Partai Demokrat,political-party,2024-03-21,10382329,False,
PD Wijayanti (Persero) Tbk,corporation,Umay Pratiwi,individual,2025-04-18,1604557935,True,proxy
CV Rajata Oktaviani,corporation,Vanesa Iswahyudi,individual,2025-12-06,2856811226,True,self_funded
CV Prabowo,corporation,Zamira Mangunsong,individual,2024-07-31,3838205209,False,
PD Mandala,corporation,"drg. Liman Hakim, S.H.",individual,2024-12-29,5075973750,True,self_funded
Warsita Agustina,individual,Irsad Dabukke,individual,2025-03-05,2394933503,True,self_funded
Gandi Sinaga,individual,Partai Solidaritas Indonesia,political-party,2024-08-28,8216345,False,
Perum Wijayanti Wibowo,organization,Prasetyo Safitri,individual,2024-08-17,77553633,True,smurfing
Perum Mansur,corporation,"Cut Halima Oktaviani, S.IP",individual,2024-12-20,13753627848,True,self_funded
Eva Narpati,individual,Adinata Namaga,individual,2025-11-12,814920216,False,
UD Puspita Winarno Tbk,organization,Partai Indonesia Maju,political-party,2025-01-16,496604849,False,
PT Tampubolon Iswahyudi,organization,Taswir Suryono,individual,2024-05-20,45379311,True,smurfing
Perum Prasetyo (Persero) Tbk,corporation,Partai Demokrat,political-party,2025-05-19,650214450,False,
PD Wasita Damanik (Persero) Tbk,corporation,"Ade Halim, S.Ked",individual,2024-09-27,21305368041,True,self_funded
Indra Situmorang,individual,Partai Rakyat Sejahtera,political-party,2025-06-28,47823408,True,smurfing
Shakila Wastuti,individual,Taswir Siregar,individual,2025-11-12,2111651594,False,
Perum Salahudin Kusmawati (Persero) Tbk,corporation,Julia Wulandari,individual,2024-03-26,67590098,True,smurfing
PT Nashiruddin,organization,Rizki Dongoran,individual,2025-09-21,182859021,True,proxy
CV Salahudin Tbk,corporation,Partai Kebangkitan Rakyat,political-party,2025-03-10,577305314,False,
UD Uwais,corporation,Artanto Winarsih,individual,2024-06-09,75951734,True,smurfing
Radit Pertiwi,individual,"Gatra Haryanti, S.Pt",individual,2024-11-14,426404131,False,
"R.A. Yuni Uyainah, S.Sos",individual,Safina Nainggolan,individual,2024-04-07,1215093184,False,
Rafi Wasita,individual,Yoga Sihotang,individual,2025-06-02,1483169225,False,
Perum Rahayu,corporation,KH. Mahmud Santoso,individual,2024-07-01,575533276,True,proxy
PD Ardianto,corporation,Partai Keadilan Indonesia,political-party,2024-05-04,159006721,False,
PD Dabukke (Persero) Tbk,organization,Kanda Ardianto,individual,2024-09-16,930258038,True,proxy
Kartika Mandala,individual,Dodo Usada,individual,2024-11-28,235060068,False,
Perum Pratama Permata,corporation,"Dian Sudiati, S.T.",individual,2024-05-19,11101608382,False,
PD Prabowo (Persero) Tbk,corporation,"drg. Kusuma Wibowo, S.IP",individual,2024-05-31,1663091458,True,proxy
T. Narji Halimah,individual,Zizi Pratiwi,individual,2025-02-22,727693956,False,
UD Suryatmi,corporation,Partai Harapan Bangsa,political-party,2024-04-24,45856941,False,
PT Safitri Zulaika (Persero) Tbk,organization,Kartika Suryatmi,individual,2025-09-07,912393475,True,proxy
Azalea Puspita,individual,"Prasetya Wibowo, M.Farm",individual,2024-04-15,899994821,False,
"drg. Irma Marpaung, S.Sos",individual,Gada Sitorus,individual,2025-12-06,556012503,False,
Perum Utami Nugroho,organization,H. Kalim Agustina,individual,2025-08-02,71190316,True,smurfing
"R.M. Wadi Zulaika, S.Sos",individual,Faizah Manullang,individual,2024-12-22,1743262509,False,
Siti Wibowo,individual,Clara Pradipta,individual,2025-05-18,310703640,False,
"Dt. Cecep Andriani, M.Kom.",individual,Tugiman Usamah,individual,2025-02-05,44436985,True,smurfing
CV Marpaung Wulandari Tbk,organization,Partai Harapan Bangsa,political-party,2025-04-19,55163883,True,smurfing
R.M. Emil Maulana,individual,Yuni Tarihoran,individual,2025-09-30,1931384209,True,self_funded
Amalia Winarsih,individual,Vanya Januar,individual,2024-04-22,2101052644,False,
UD Suartini Yuliarti Tbk,corporation,Ana Latupono,individual,2024-05-19,242189738,True,proxy
Rahayu Natsir,individual,"R.M. Kairav Situmorang, S.H.",individual,2024-06-28,2413084515,True,self_funded
"Gawati Megantara, S.H.",individual,Martana Samosir,individual,2025-01-13,742867885,False,
Cici Latupono,individual,"Hilda Pertiwi, M.Ak",individual,2025-08-09,923109668,False,
PD Jailani Putra,corporation,H. Tomi Fujiati,individual,2025-05-17,18666428,True,smurfing
Candra Jailani,individual,Kamila Pratiwi,individual,2025-08-12,1562806641,False,
Nugraha Prastuti,individual,"Ganep Astuti, S.IP",individual,2024-10-19,539710506,True,self_funded
Kementerian Pendidikan Nasional,organization,Partai Rakyat Sejahtera,political-party,2025-06-21,390055237,True,illegal_source
Patricia Tamba,individual,Cengkal Maryadi,individual,2024-02-05,1511384989,True,self_funded
Kambali Waluyo,individual,Partai Solidaritas Indonesia,political-party,2024-09-04,20084459,False,
Lanjar Setiawan,individual,Partai Indonesia Maju,political-party,2025-11-25,168927351,False,
PD Rajasa Farida,corporation,Padma Saragih,individual,2024-11-17,11970024830,False,
Maryadi Maryati,individual,Partai Persatuan,political-party,2025-05-24,69683851,False,
PD Thamrin,corporation,"Rafid Adriansyah, S.Gz",individual,2024-07-14,602942614,True,proxy
PD Wijayanti (Persero) Tbk,corporation,"Jaeman Saefullah, S.Farm",individual,2025-06-21,93966045,True,smurfing
"Dr. Lili Hastuti, S.I.Kom",individual,Gaiman Riyanti,individual,2024-12-11,80006259,False,
PD Sihombing Handayani Tbk,organization,Partai Indonesia Maju,political-party,2024-04-28,35776436,True,smurfing
Zamira Kusmawati,individual,Hj. Indah Hutapea,individual,2025-04-22,1323559665,True,self_funded
PD Utami,corporation,Maya Ardianto,individual,2025-10-18,17452566766,False,
PD Prabowo Tbk,organization,Partai Rakyat Sejahtera,political-party,2025-07-04,77875326,True,smurfing
PT Hardiansyah Suryono (Persero) Tbk,corporation,R.A. Yance Budiman,individual,2025-07-10,5420934642,True,self_funded
PT Widodo Anggraini,organization,"Warta Hasanah, M.Pd",individual,2025-07-06,1754754842,True,proxy
CV Palastri (Persero) Tbk,corporation,Partai Indonesia Maju,political-party,2024-01-12,1333869333,True,proxy
Bagya Nasyiah,individual,Partai Indonesia Maju,political-party,2024-06-14,338616894,True,over_limit
Perum Nababan (Persero) Tbk,organization,Partai Kebangkitan Rakyat,political-party,2025-03-31,162301935,True,proxy
Salimah Siregar,individual,Padmi Zulaika,individual,2024-05-20,497052163,False,
CV Wacana,corporation,Partai Amanat Rakyat,political-party,2025-04-30,423863682,False,
Rahman Nurdiyanti,individual,Partai Persatuan,political-party,2024-10-10,85619122,False,
"Ismail Hartati, M.Ak",individual,Paulin Habibi,individual,2025-11-09,799503464,True,self_funded
Jinawi Waskita,individual,"Halima Salahudin, S.IP",individual,2024-09-25,44771129,False,
PT Novitasari Hastuti,corporation,Mursita Nurdiyanti,individual,2025-09-05,7354201536,False,
Bakda Pudjiastuti,individual,"Dimaz Farida, S.E.I",individual,2024-12-31,22785928,True,smurfing
Reza Dabukke,individual,Partai Keadilan Indonesia,political-party,2025-01-13,18439670,False,
UD Gunawan,corporation,"Ir. Puji Saptono, S.Pt",individual,2025-07-19,11154683975,True,self_funded
Cut Hesti Marpaung,individual,"R. Edi Prayoga, S.Gz",individual,2024-05-30,1268706294,False,
Siska Widiastuti,individual,"Kani Haryanto, M.Pd",individual,2024-11-04,10706167,True,smurfing
"Tgk. Wardaya Purwanti, S.Gz",individual,Bambang Permata,individual,2024-10-15,186992857,True,self_funded
Indah Laksita,individual,Safina Prabowo,individual,2025-07-21,951660995,True,self_funded
"drg. Paris Widodo, S.Farm",individual,Alika Nasyidah,individual,2024-06-15,544007977,False,
"Nova Saptono, M.Ak",individual,Partai Solidaritas Indonesia,political-party,2025-05-14,38209215,False,
CV Simanjuntak Gunawan,corporation,Partai Demokrat,political-party,2025-03-17,310694908,True,proxy
Clara Rahimah,individual,Balangga Suryono,individual,2025-03-19,102034149,True,self_funded
Perum Yulianti,corporation,Partai Indonesia Maju,political-party,2024-12-17,1924483450,True,proxy
CV Wulandari Napitupulu Tbk,corporation,Partai Nasional Demokrat,political-party,2024-12-31,1069783875,True,proxy
Perum Pertiwi,corporation,Tari Ardianto,individual,2025-06-17,23866560213,True,self_funded
CV Tampubolon Tbk,corporation,Partai Indonesia Maju,political-party,2024-08-21,398638889,False,
Perum Budiman Sirait,corporation,Hendri Waskita,individual,2024-12-01,4089636419,False,
PT Lestari Hakim Tbk,corporation,Partai Solidaritas Indonesia,political-party,2024-04-09,565851926,False,
PT Budiman Winarsih,corporation,Partai Rakyat Sejahtera,political-party,2024-03-10,92413931,True,smurfing
CV Rajasa Sihombing,corporation,Betania Mulyani,individual,2025-04-02,23728108614,True,self_funded
Sabrina Permadi,individual,Partai Keadilan Indonesia,political-party,2025-04-29,116563659,False,
Cut Ulva Suwarno,individual,"Eka Nababan, S.Pt",individual,2025-02-08,191488205,True,self_funded
Cahyo Kuswoyo,individual,Partai Nasional Demokrat,political-party,2025-01-10,97581577,False,
PT Hassanah Tbk,corporation,Partai Solidaritas Indonesia,political-party,2024-09-16,618584786,True,proxy
PD Hidayat Tbk,corporation,Partai Solidaritas Indonesia,political-party,2024-10-19,1010251214,True,proxy
R. Rusman Hidayanto,individual,Drs. Yusuf Lazuardi,individual,2025-01-02,1221641928,False,
PT Ardianto (Persero) Tbk,corporation,Humaira Riyanti,individual,2025-06-30,19593335842,True,self_funded
Mursita Uyainah,individual,Partai Nasional Demokrat,political-party,2025-01-03,35559148,False,
Ghaliyati Napitupulu,individual,Partai Solidaritas Indonesia,political-party,2025-08-13,4221784,False,
Kasim Lailasari,individual,Partai Harapan Bangsa,political-party,2024-11-07,146324780,False,
Omar Andriani,individual,Cinthia Pangestu,individual,2024-06-17,1282750559,False,
"Ilsa Hariyah, S.I.Kom",individual,Partai Nasional Demokrat,political-party,2024-11-21,104814631,False,
Diana Saragih,individual,Partai Rakyat Sejahtera,political-party,2024-10-20,151739258,False,
PD Kusmawati (Persero) Tbk,corporation,Partai Keadilan Indonesia,political-party,2025-05-16,25166125,True,smurfing
UD Mandala Tbk,corporation,dr. Kalim Sinaga,individual,2024-10-25,7229728647,False,
PT Rajata Rajasa,organization,Partai Kebangkitan Rakyat,political-party,2024-01-13,172799713,True,proxy
Perum Natsir Saptono Tbk,organization,Partai Persatuan,political-party,2025-11-20,177719037,True,proxy
CV Hutagalung (Persero) Tbk,corporation,Simon Dabukke,individual,2025-04-26,1658814300,True,proxy
PD Yuniar Maryadi Tbk,corporation,Partai Solidaritas Indonesia,political-party,2024-08-13,522044332,False,
PT Hutagalung (Persero) Tbk,organization,Partai Demokrat,political-party,2025-01-26,1996011453,True,proxy
Perum Lestari Mansur,corporation,"Hj. Aisyah Handayani, S.Psi",individual,2024-12-12,20163186004,False,
Ratna Nainggolan,individual,Partai Persatuan,political-party,2024-05-24,38979757,False,
PT Samosir Yolanda (Persero) Tbk,corporation,Irnanto Andriani,individual,2024-06-18,3600450371,True,self_funded
"Dr. Kawaya Suwarno, S.Sos",individual,Partai Demokrat,political-party,2025-07-29,53841447,False,
Victoria Hutasoit,individual,Partai Rakyat Sejahtera,political-party,2025-07-17,1631827,True,smurfing
PT Utami Nababan,organization,Partai Keadilan Indonesia,political-party,2024-07-21,842113213,True,proxy
PD Gunawan Mangunsong Tbk,corporation,Partai Keadilan Indonesia,political-party,2025-05-02,705292288,False,
CV Januar (Persero) Tbk,organization,Ayu Puspita,individual,2025-06-14,1545005723,True,proxy
PT Mangunsong,corporation,Partai Indonesia Maju,political-party,2025-11-09,888641620,True,proxy
Perum Wijaya,organization,Partai Harapan Bangsa,political-party,2025-10-22,9966478,True,smurfing
Ilyas Marbun,individual,Syahrini Riyanti,individual,2024-12-09,2103300699,False,
Sutan Prayoga Hastuti,individual,Partai Nasional Demokrat,political-party,2024-10-19,66993884,False,
PD Sudiati Lazuardi Tbk,corporation,Indra Marbun,individual,2024-02-14,10180468727,True,self_funded
Perum Laksmiwati (Persero) Tbk,corporation,Partai Demokrat,political-party,2025-06-23,91861543,True,smurfing
"Puti Ajeng Maryati, S.Pd",individual,Azalea Hasanah,individual,2025-05-19,2033491414,True,self_funded
CV Permata,corporation,"dr. Tami Megantara, S.Pt",individual,2024-09-06,3957852257,True,self_funded
Pemerintah Kabupaten Banyumas,organization,Partai Keadilan Indonesia,political-party,2025-04-30,86854238,True,illegal_source
UD Wijaya Tbk,organization,Partai Harapan Bangsa,political-party,2024-12-26,526778505,True,proxy
PT Permata Suwarno (Persero) Tbk,corporation,Maras Maryadi,individual,2024-04-02,22461416648,True,self_funded
Perum Agustina (Persero) Tbk,corporation,"Vero Hidayanto, M.M.",individual,2025-10-26,1053488679,True,self_funded
Mursita Natsir,individual,Galih Melani,individual,2025-09-12,2082315768,False,
Hj. Calista Widodo,individual,Marsudi Lestari,individual,2025-09-29,1417549636,True,self_funded
Praba Mardhiyah,individual,"Tgk. Febi Zulaika, M.Ak",individual,2025-05-11,1739484287,False,
Panji Mandasari,individual,Tgk. Qori Agustina,individual,2025-07-17,393183044,False,
CV Pertiwi Palastri Tbk,corporation,"Yance Lestari, M.Ak",individual,2024-12-06,243990723,True,proxy
PD Nuraini Tbk,corporation,Himawan Permata,individual,2024-08-16,1116559725,True,proxy
Clara Halimah,individual,Partai Indonesia Maju,political-party,2025-09-13,97028766,False,
CV Laksmiwati Tbk,corporation,Gading Wacana,individual,2025-12-02,5063811940,False,
Perum Permadi Hakim,corporation,"KH. Rusman Rahimah, S.Sos",individual,2025-05-28,8647688,True,smurfing
Nyana Pratiwi,individual,Partai Solidaritas Indonesia,political-party,2025-01-23,41704871,False,
"Sutan Bagiya Kuswoyo, S.Farm",individual,"Lidya Purnawati, S.Pd",individual,2024-11-20,707220557,False,
PT Ramadan Wasita Tbk,organization,Partai Solidaritas Indonesia,political-party,2025-01-17,1363162035,True,proxy
CV Yuliarti Mandala,organization,Laila Nababan,individual,2025-03-23,2411545821,False,
Tgk. Elisa Adriansyah,individual,Partai Rakyat Sejahtera,political-party,2024-11-13,169080409,False,
PT Damanik Hidayanto,corporation,Partai Amanat Rakyat,political-party,2025-01-11,568286128,False,
PD Safitri Waskita,corporation,Patricia Purnawati,individual,2025-05-17,10663436449,True,self_funded
Cinta Firmansyah,individual,"Daliono Ramadan, S.Ked",individual,2024-09-23,1961199211,False,
"Dr. Luwes Lestari, M.Ak",individual,"Yulia Hutasoit, M.M.",individual,2024-12-06,797826988,True,self_funded
PT Hardiansyah Kusumo (Persero) Tbk,organization,Partai Rakyat Sejahtera,political-party,2025-05-02,1212827352,True,over_limit
UD Fujiati Wibowo,corporation,Yoga Suartini,individual,2024-07-11,35226805,True,smurfing
Perum Kuswandari Puspita,corporation,Arta Sinaga,individual,2025-05-13,5655318444,False,
CV Haryanti,corporation,Partai Amanat Rakyat,political-party,2025-01-03,463543475,False,
Perum Suwarno Tbk,organization,Emong Mandasari,individual,2025-05-28,1666344988,True,proxy
Perum Lailasari Marbun Tbk,corporation,Partai Solidaritas Indonesia,political-party,2024-10-08,98774489,False,
Perum Uyainah Maheswara,organization,"Devi Irawan, M.Ak",individual,2024-04-10,39793970,True,smurfing
CV Farida Yulianti,corporation,Samiah Dabukke,individual,2024-12-23,20752118783,True,self_funded
Saiful Usamah,individual,Partai Amanat Rakyat,political-party,2024-06-28,30057090,True,smurfing
Perum Sihombing Tbk,organization,H. Jaiman Prasetyo,individual,2024-01-21,76575752,True,smurfing
CV Saefullah,corporation,Hj. Restu Pudjiastuti,individual,2025-07-07,46853749981,True,over_limit
Drs. Aisyah Sinaga,individual,Partai Harapan Bangsa,political-party,2025-03-12,46632455,False,
Perum Riyanti Wibowo,corporation,Kamila Hariyah,individual,2024-08-30,8378849574,False,
PD Utama Mayasari (Persero) Tbk,corporation,Mutia Andriani,individual,2024-04-16,13078502543,True,self_funded
Tira Mangunsong,individual,Partai Amanat Rakyat,political-party,2024-06-08,85461584,True,smurfing
PT Wastuti,corporation,Partai Amanat Rakyat,political-party,2024-07-31,14502677,True,smurfing
drg. Kenzie Mayasari,individual,"Luluh Wasita, S.Kom",individual,2024-03-07,1139065789,False,
Perum Pangestu Tbk,organization,Partai Indonesia Maju,political-party,2024-03-23,444572832,False,
CV Kusumo Kurniawan (Persero) Tbk,corporation,Chandra Situmorang,individual,2025-01-23,45971027,True,smurfing
"Ulva Pranowo, M.Kom.",individual,Kariman Rahmawati,individual,2025-09-02,90718816,True,smurfing
PT Rahmawati Tbk,corporation,Partai Harapan Bangsa,political-party,2024-04-03,568593260,True,proxy
Gina Lestari,individual,"Tgk. Elvina Januar, S.Pd",individual,2025-07-15,860637641,False,
Hasna Prayoga,individual,Partai Kebangkitan Rakyat,political-party,2025-09-26,101585220,False,
UD Wasita Tarihoran,corporation,Chandra Aryani,individual,2025-05-21,18844124,True,smurfing
Perum Lestari,corporation,Anggabaya Habibi,individual,2024-04-26,13300217546,False,
CV Siregar Rajata,corporation,Partai Rakyat Sejahtera,political-party,2025-10-22,31464855,True,smurfing
CV Wijaya Tbk,corporation,Hafshah Pranowo,individual,2025-10-01,15054560836,False,
Umaya Salahudin,individual,Partai Nasional Demokrat,political-party,2025-07-14,35947194,False,
UD Rahimah Wastuti (Persero) Tbk,corporation,"Sutan Manah Hakim, S.T.",individual,2025-09-11,3780891584,False,
PD Saragih Wacana (Persero) Tbk,corporation,"Tgk. Luwar Hidayat, S.Sos",individual,2024-01-22,12685905137,True,self_funded
Maria Habibi,individual,"Drs. Fathonah Nasyidah, S.I.Kom",individual,2025-06-18,1472754917,True,self_funded
UD Yuniar,organization,"Belinda Haryanti, M.Kom.",individual,2025-08-07,1323854536,True,proxy
Perum Wacana Rahmawati,organization,Enteng Simanjuntak,individual,2025-10-25,12700071964,False,
UD Simbolon Anggriawan,corporation,Caraka Usada,individual,2024-09-27,11282763399,True,self_funded
Kementerian Keuangan,organization,Partai Persatuan,political-party,2025-02-18,84201978,True,illegal_source
Ayu Suryono,individual,Partai Nasional Demokrat,political-party,2025-10-26,166048403,False,
Cinta Melani,individual,Partai Persatuan,political-party,2025-09-03,165422379,False,
"Nugraha Hidayat, S.IP",individual,Partai Rakyat Sejahtera,political-party,2024-07-15,87247407,False,
UD Najmudin Padmasari Tbk,organization,Partai Solidaritas Indonesia,political-party,2025-05-08,1037983576,True,over_limit
PD Iswahyudi Tbk,corporation,"Yahya Siregar, M.M.",individual,2025-06-01,18923329851,True,self_funded
Hafshah Haryanti,individual,Partai Harapan Bangsa,political-party,2025-10-04,28841778,False,
Perum Nurdiyanti Latupono,corporation,Oni Kusmawati,individual,2025-07-03,13175617939,False,
CV Natsir Hutapea,corporation,drg. Raina Zulaika,individual,2024-07-06,37959659861,True,over_limit
PT Haryanto Saptono (Persero) Tbk,organization,Cindy Sudiati,individual,2024-01-30,50736412,True,smurfing
Cornelia Puspasari,individual,Partai Persatuan,political-party,2024-08-30,75905574,False,
CV Budiyanto,corporation,"Titi Santoso, S.Sos",individual,2024-07-01,10669365148,False,
Pemerintah Desa Cibeber,organization,"R. Puji Sihombing, S.Psi",individual,2024-03-20,6810649298,True,illegal_source
PT Nasyidah Mahendra Tbk,organization,Janet Mardhiyah,individual,2024-12-12,3190534288,False,
"Tgk. Ihsan Rahayu, S.Ked",individual,Reksa Prasetyo,individual,2024-11-05,2177986620,False,
Elvina Purwanti,individual,Partai Demokrat,political-party,2024-04-03,111372207,False,
"Dono Yolanda, S.E.",individual,Siti Hidayat,individual,2024-03-21,2197838497,False,
Muni Riyanti,individual,Partai Rakyat Sejahtera,political-party,2024-09-12,109662255,False,
UD Sihotang Wastuti Tbk,corporation,Mahesa Saptono,individual,2025-06-03,15770763217,False,
Jatmiko Prasetya,individual,"KH. Cager Hartati, M.M.",individual,2024-11-12,201074594,False,
PT Sitorus,organization,Partai Amanat Rakyat,political-party,2024-11-16,535092466,False,
Perum Wibowo,organization,Nilam Yuliarti,individual,2025-05-27,25385226,True,smurfing
PD Waluyo Ardianto,organization,Partai Solidaritas Indonesia,political-party,2024-05-13,367809780,True,proxy
PT Handayani,organization,Partai Demokrat,political-party,2024-07-22,433997427,False,
CV Tampubolon (Persero) Tbk,corporation,Hairyanto Suryono,individual,2024-05-02,36749801211,True,over_limit
Perum Thamrin Mandasari,corporation,Partai Amanat Rakyat,political-party,2025-09-06,186018919,False,
UD Pudjiastuti Tbk,organization,"dr. Laras Usada, S.Farm",individual,2025-10-03,71038169,True,smurfing
PT Saefullah,corporation,Dr. Wage Agustina,individual,2024-01-13,267549719,True,proxy
"Kadir Tamba, S.Sos",individual,Shakila Mahendra,individual,2024-07-19,1516318239,False,
Cut Diana Januar,individual,Partai Rakyat Sejahtera,political-party,2025-09-06,34369112,True,smurfing
PD Sitompul Gunawan Tbk,corporation,Dewi Pudjiastuti,individual,2025-02-10,4700829323,True,self_funded
CV Prakasa Rajata,corporation,Partai Solidaritas Indonesia,political-party,2024-04-14,621506084,False,
UD Andriani Laksmiwati,organization,Paulin Marpaung,individual,2025-06-25,877192983,True,proxy
UD Adriansyah Gunarto,corporation,"Dt. Malik Wulandari, S.E.I",individual,2024-01-17,20604948859,True,self_funded
Atmaja Puspita,individual,Partai Amanat Rakyat,political-party,2024-12-17,74445957,False,
PD Agustina Nurdiyanti,corporation,Partai Persatuan,political-party,2024-11-11,478330903,False,
Karna Wibowo,individual,Partai Rakyat Sejahtera,political-party,2024-09-16,110200778,False,
Ani Purwanti,individual,Partai Solidaritas Indonesia,political-party,2024-11-05,175352254,False,
Asmuni Putra,individual,Partai Rakyat Sejahtera,political-party,2024-02-01,12762551,False,
"Adhiarja Sitompul, S.Gz",individual,Partai Persatuan,political-party,2025-05-24,61112864,True,smurfing
PT Pudjiastuti,corporation,Tari Purwanti,individual,2025-12-11,85122876,True,smurfing
Perum Hartati Saragih (Persero) Tbk,corporation,Yulia Pangestu,individual,2024-10-26,13139841640,True,self_funded
UD Nababan,corporation,Ian Lestari,individual,2024-06-19,4663427743,False,
Sakti Hutagalung,individual,Salimah Pangestu,individual,2024-01-18,1744956268,False,
CV Prakasa Santoso (Persero) Tbk,corporation,Partai Indonesia Maju,political-party,2024-10-15,332388721,False,
"Drs. Farhunnisa Mardhiyah, M.Ak",individual,Samiah Putra,individual,2024-06-15,615513078,True,self_funded
CV Riyanti Nasyidah (Persero) Tbk,corporation,Partai Harapan Bangsa,political-party,2024-12-14,1903890546,True,proxy
PD Rajasa (Persero) Tbk,corporation,Partai Keadilan Indonesia,political-party,2024-01-22,1753705673,True,proxy
UD Halimah (Persero) Tbk,corporation,Partai Kebangkitan Rakyat,political-party,2025-02-17,1454314701,True,proxy
PT Aryani Tbk,corporation,Olivia Kuswandari,individual,2025-02-11,16833988949,False,
Calista Puspita,individual,Partai Demokrat,political-party,2024-12-18,94746058,False,
PD Prastuti Tarihoran,organization,Bakiman Salahudin,individual,2024-09-07,65394274,True,smurfing
"Siska Maryadi, M.Farm",individual,Clara Saputra,individual,2025-07-12,349737153,False,
Atma Rajata,individual,"Galar Budiman, M.TI.",individual,2025-08-19,5868537,True,smurfing
Kamila Yulianti,individual,"KH. Mumpuni Zulkarnain, M.TI.",individual,2024-08-09,298207937,False,
PD Wulandari Tbk,organization,Chandra Oktaviani,individual,2025-03-30,1470527539,True,proxy
PD Haryanto Hidayat,organization,Cakrawangsa Jailani,individual,2025-02-10,42220624,True,proxy
PT Mandasari Tampubolon,corporation,Darmanto Andriani,individual,2024-03-07,22448305274,True,self_funded
PD Haryanto,corporation,Partai Indonesia Maju,political-party,2025-03-12,1987145339,True,proxy
Paiman Siregar,individual,Partai Demokrat,political-party,2024-10-01,49615895,False,
PD Purwanti,corporation,Partai Amanat Rakyat,political-party,2024-09-25,339988978,True,proxy
"Rahayu Halim, S.T.",individual,"Ridwan Zulkarnain, S.Gz",individual,2024-01-23,1644164088,False,
PT Yuniar,organization,Partai Nasional Demokrat,political-party,2025-12-26,57573453,True,smurfing
Perum Widodo Situmorang,corporation,Kayla Latupono,individual,2025-04-11,18743567066,True,self_funded
Bakianto Maulana,individual,Partai Amanat Rakyat,political-party,2024-09-07,53441145,False,
PT Setiawan,corporation,Partai Harapan Bangsa,political-party,2025-02-02,634779195,False,
Rahmat Pradipta,individual,Vicky Maulana,individual,2025-09-04,4319189134,True,over_limit
Perum Hariyah Tbk,corporation,Partai Nasional Demokrat,political-party,2025-03-20,1968684440,True,proxy
PT Lestari Dongoran,organization,Partai Nasional Demokrat,political-party,2024-10-14,1771910636,True,proxy
Samiah Marpaung,individual,dr. Ulva Sihombing,individual,2024-10-15,2372510579,True,self_funded
PT Prasetyo (Persero) Tbk,corporation,H. Hartaka Uwais,individual,2024-10-11,1832456129,True,proxy
Usman Usamah,individual,Partai Nasional Demokrat,political-party,2025-11-03,65120744,False,
Xanana Hidayanto,individual,"drg. Nilam Rahimah, S.Kom",individual,2024-01-30,251816167,True,self_funded
PT Hastuti (Persero) Tbk,organization,R.M. Jumari Tarihoran,individual,2025-07-01,91912017,True,smurfing
BUMD Energi Nusantara,organization,Ir. Cawisadi Rahayu,individual,2025-03-27,18917289434,True,illegal_source
Artawan Hutapea,individual,Vanesa Agustina,individual,2025-07-23,2171467054,False,
PT Budiyanto Tbk,organization,Partai Demokrat,political-party,2025-10-19,1477532728,True,proxy
UD Permata Zulkarnain,corporation,Partai Rakyat Sejahtera,political-party,2024-04-01,477326974,False,
PD Suartini,corporation,Partai Persatuan,political-party,2025-05-26,127569962,False,
PD Sihombing Yuliarti,organization,Purwanto Permadi,individual,2025-01-19,16642185,True,smurfing
Hesti Hastuti,individual,"Martana Budiyanto, M.TI.",individual,2024-10-08,156119308,False,
Gadang Ramadan,individual,Partai Amanat Rakyat,political-party,2024-12-20,129659282,False,
Perum Halim Uwais,corporation,Partai Nasional Demokrat,political-party,2025-04-13,691611964,False,
PT Pratiwi (Persero) Tbk,corporation,Erik Maulana,individual,2024-08-03,17227863668,False,
CV Firgantoro Nababan,corporation,Najib Rahayu,individual,2024-07-04,56218223,True,smurfing
Perum Nurdiyanti Farida Tbk,corporation,Febi Permata,individual,2024-08-15,1701359333,True,proxy
PT Permadi Santoso,organization,Kairav Pratiwi,individual,2024-02-04,961947305,True,proxy
Silvia Utami,individual,Partai Amanat Rakyat,political-party,2024-01-13,149642756,False,
Puti Wani Pangestu,individual,Hari Laksita,individual,2024-01-11,2362297210,True,self_funded
Perum Wibisono Prakasa,corporation,KH. Raden Suwarno,individual,2025-06-22,10151841,True,smurfing
CV Uwais Tbk,corporation,Partai Keadilan Indonesia,political-party,2024-06-11,1091088362,True,over_limit
Tgk. Belinda Mandala,individual,Partai Demokrat,political-party,2024-06-15,137124962,False,
Hardana Wahyuni,individual,Partai Amanat Rakyat,political-party,2025-01-10,115837950,False,
PD Setiawan Tarihoran,organization,Partai Rakyat Sejahtera,political-party,2025-12-20,86883165,True,smurfing
CV Iswahyudi (Persero) Tbk,organization,Partai Nasional Demokrat,political-party,2024-10-03,29216070,True,smurfing
PT Suwarno Damanik,organization,Partai Harapan Bangsa,political-party,2024-07-23,302513377,False,
Perum Habibi,organization,Partai Demokrat,political-party,2024-02-08,28280303,False,
PT Telekomunikasi Indonesia (Persero),corporation,Dt. Radika Maheswara,individual,2025-02-06,29613323497,True,illegal_source
Perum Wibowo Wijaya,corporation,"R.M. Pranata Gunarto, S.H.",individual,2025-02-03,5159611135,True,self_funded
UD Pratama Tbk,corporation,Partai Amanat Rakyat,political-party,2025-03-12,8771959,True,smurfing
Karimah Purnawati,individual,Gatra Purwanti,individual,2024-11-26,119428486,False,
PT Prasetyo Sihotang Tbk,corporation,Nugraha Nasyidah,individual,2025-04-18,14675020532,False,
Jarwa Putra,individual,Talia Waluyo,individual,2024-01-27,1376261047,False,
Asmadi Thamrin,individual,Partai Nasional Demokrat,political-party,2024-09-19,114830032,False,
Perum Permata Kusmawati,corporation,Partai Solidaritas Indonesia,political-party,2024-07-07,882336627,True,over_limit
"Ir. Lidya Budiyanto, S.Farm",individual,Partai Harapan Bangsa,political-party,2025-11-19,50660712,False,
CV Wijayanti Rajasa,corporation,Partai Solidaritas Indonesia,political-party,2024-08-16,1394951496,True,proxy
Cahyanto Winarno,individual,"Prabu Pertiwi, S.Pd",individual,2024-07-26,1520638253,False,
UD Kurniawan (Persero) Tbk,corporation,Partai Amanat Rakyat,political-party,2025-10-19,453291750,False,
Darimin Wulandari,individual,Partai Solidaritas Indonesia,political-party,2024-06-02,57930980,False,
Perum Haryanto,corporation,"H. Lanang Gunawan, S.Pt",individual,2024-10-04,96563114,True,smurfing
PD Nashiruddin,corporation,Halima Prastuti,individual,2024-07-13,21575872807,False,
KH. Tugiman Sihombing,individual,"Mila Handayani, S.Pt",individual,2025-04-05,711244626,False,
UD Melani,organization,Partai Solidaritas Indonesia,political-party,2024-12-26,451333650,False,
PT Suryatmi (Persero) Tbk,corporation,"Usyi Tamba, M.Farm",individual,2024-04-02,609938069,True,proxy
Zelaya Prasetya,individual,Bakiman Pangestu,individual,2025-06-12,2367020996,True,self_funded
Perum Wijayanti (Persero) Tbk,organization,Ratna Prabowo,individual,2025-02-18,1173141516,True,proxy
Perum Saefullah,corporation,Partai Rakyat Sejahtera,political-party,2025-05-17,478755688,False,
PT Waskita Hartati,corporation,H. Kunthara Prayoga,individual,2024-03-14,54977121,True,smurfing
Opan Haryanti,individual,"Edi Nashiruddin, S.Ked",individual,2025-07-26,27290979,True,smurfing
PT Simbolon Tbk,corporation,Partai Kebangkitan Rakyat,political-party,2024-12-18,67385570,True,proxy
UD Laksmiwati Tbk,corporation,Bakijan Wijaya,individual,2025-07-17,9250842902,True,self_funded
PD Purwanti (Persero) Tbk,corporation,Ozy Handayani,individual,2025-07-29,81943660,True,smurfing
Janet Waluyo,individual,Ir. Rina Ramadan,individual,2024-08-08,1407216429,True,self_funded
CV Rahayu Damanik,corporation,Partai Keadilan Indonesia,political-party,2025-11-18,460648414,False,
Perum Tarihoran Kuswandari Tbk,corporation,"Dt. Indra Pranowo, S.T.",individual,2025-04-14,3537803402,True,self_funded
UD Winarno Jailani (Persero) Tbk,corporation,"Aisyah Safitri, S.Farm",individual,2024-04-03,7036946983,True,self_funded
"R.A. Paramita Adriansyah, M.M.",individual,Partai Indonesia Maju,political-party,2025-04-29,28421226,False,
PT Handayani (Persero) Tbk,corporation,Partai Rakyat Sejahtera,political-party,2024-08-28,260067338,False,
CV Nainggolan,organization,"Lukman Mandasari, S.E.",individual,2025-02-19,1706425406,True,proxy
CV Mandasari Hastuti (Persero) Tbk,organization,Partai Amanat Rakyat,political-party,2025-11-14,323834133,False,
PD Maheswara Tarihoran,corporation,Partai Indonesia Maju,political-party,2024-07-14,403350733,False,
UD Pratiwi Tbk,corporation,"Jaiman Purnawati, S.Pt",individual,2025-07-03,7541564327,False,
"Victoria Napitupulu, S.Farm",individual,Langgeng Maulana,individual,2024-08-14,206043232,False,
CV Rahimah,corporation,Ulya Sitompul,individual,2024-04-14,70393167,True,smurfing
"H. Ozy Novitasari, S.E.I",individual,Mulya Ramadan,individual,2024-04-14,1942076330,False,
PT Santoso Setiawan,corporation,Ajimat Hakim,individual,2025-07-03,24610064722,True,self_funded
UD Kusmawati Widiastuti (Persero) Tbk,organization,Partai Rakyat Sejahtera,political-party,2025-10-05,806108176,True,proxy
CV Laksmiwati,corporation,Hilda Ardianto,individual,2024-10-27,750208925,True,proxy
PD Sihombing Habibi Tbk,corporation,Zelda Mansur,individual,2024-02-28,14653447352,False,
Capa Hasanah,individual,Partai Nasional Demokrat,political-party,2024-11-26,163888091,False,
Maryadi Yolanda,individual,Partai Indonesia Maju,political-party,2024-01-27,110008925,False,
Perum Maryati Marbun,corporation,Partai Nasional Demokrat,political-party,2025-11-30,1073843899,True,proxy
"Jaka Suartini, S.Pd",individual,"Puti Dongoran, S.E.I",individual,2024-07-28,1172923513,True,self_funded
UD Situmorang,corporation,H. Bahuwirya Kuswoyo,individual,2024-09-06,9024097099,True,self_funded
Rahmi Latupono,individual,Hardana Jailani,individual,2025-07-01,573492579,True,self_funded
"Galak Mandasari, S.T.",individual,Partai Rakyat Sejahtera,political-party,2024-11-16,95284192,False,
UD Usada,organization,Puji Hutapea,individual,2024-07-10,9819957543,False,
PD Prastuti,corporation,R. Ghaliyati Adriansyah,individual,2024-08-09,9909622931,True,self_funded
CV Januar (Persero) Tbk,organization,Partai Solidaritas Indonesia,political-party,2024-02-25,38882865,True,smurfing
Carla Sirait,individual,Umi Samosir,individual,2024-06-22,2097973023,False,
Perum Sudiati Palastri,corporation,"Ir. Bahuwarna Agustina, S.IP",individual,2024-10-02,7105418372,True,self_funded
Perum Pangestu Tbk,organization,Partai Demokrat,political-party,2025-06-04,1511411366,True,proxy
UD Saptono Lazuardi (Persero) Tbk,organization,Mala Prabowo,individual,2024-04-26,1987389015,True,proxy
"dr. Ulya Agustina, S.Ked",individual,Partai Indonesia Maju,political-party,2025-10-16,172564576,False,
CV Adriansyah Kuswoyo,corporation,Kamaria Jailani,individual,2025-04-11,20327016438,False,
H. Olga Wahyudin,individual,Latika Agustina,individual,2024-11-02,95826067,True,smurfing
CV Oktaviani (Persero) Tbk,corporation,"Tgk. Maria Hidayat, M.Kom.",individual,2024-09-11,20090747533,True,self_funded
PD Maryati (Persero) Tbk,corporation,"Sutan Salman Simbolon, M.Ak",individual,2024-05-23,1131443472,True,proxy
Sari Wahyuni,individual,Martana Gunarto,individual,2024-05-25,579347229,False,
CV Hidayat Nuraini,corporation,Partai Keadilan Indonesia,political-party,2025-12-22,522257056,False,
CV Kuswoyo Wibowo (Persero) Tbk,corporation,"Alika Sirait, S.H.",individual,2025-01-06,24775099674,True,self_funded
PT Mahendra,corporation,"Alika Prasetyo, S.H.",individual,2025-03-23,17477133132,False,
"Zulaikha Winarno, M.TI.",individual,Respati Hakim,individual,2024-08-21,1705656349,False,
"Kurnia Mandala, M.TI.",individual,Partai Demokrat,political-party,2024-12-28,97740017,False,
Karimah Sirait,individual,Partai Demokrat,political-party,2025-03-07,49308180,False,
PT Hastuti Tbk,corporation,R.A. Calista Waskita,individual,2024-10-21,6067654743,False,
Perum Palastri,corporation,Partai Harapan Bangsa,political-party,2024-02-08,664969487,False,
UD Susanti Wahyudin Tbk,organization,Partai Nasional Demokrat,political-party,2024-07-19,507540686,True,proxy
Puspa Utami,individual,"Candra Mansur, S.Ked",individual,2024-02-04,1214168750,False,
PD Yuliarti Tbk,corporation,Zelaya Dongoran,individual,2025-02-07,815059830,False,
"Tgk. Pardi Sitorus, S.E.",individual,"R.M. Emil Narpati, S.Gz",individual,2024-10-06,2025505916,False,
PT Oktaviani (Persero) Tbk,organization,"Ir. Galiono Prasasta, S.Pd",individual,2025-02-21,786948555,True,proxy
"Sutan Jefri Simbolon, S.T.",individual,Wirda Santoso,individual,2024-02-06,1306871693,True,self_funded
Kacung Nugroho,individual,Zelda Hutagalung,individual,2025-06-02,331988987,True,self_funded
Perum Prasasta Saragih,corporation,Karja Prasetya,individual,2024-10-13,546091203,False,
Perum Namaga Budiman (Persero) Tbk,corporation,Janet Manullang,individual,2025-04-17,24605752911,True,self_funded
Azalea Laksmiwati,individual,Drs. Prima Yuniar,individual,2024-07-06,2066203341,False,
PT Halimah Padmasari,organization,Anastasia Fujiati,individual,2024-04-22,52350745,True,smurfing
Wani Hutagalung,individual,Partai Demokrat,political-party,2025-07-12,2627609,False,
PT Saptono Suryatmi,corporation,Partai Harapan Bangsa,political-party,2025-09-27,494851704,False,
Lasmanto Sihombing,individual,Partai Persatuan,political-party,2025-06-18,34893798,False,
Cinta Nasyiah,individual,Partai Solidaritas Indonesia,political-party,2025-03-27,62424867,False,
Perum Kurniawan Simbolon Tbk,organization,Partai Demokrat,political-party,2025-03-12,97013882,True,smurfing
Cindy Firgantoro,individual,Uchita Agustina,individual,2025-08-03,1919882321,False,
PD Hardiansyah Oktaviani Tbk,corporation,Partai Demokrat,political-party,2024-12-16,549460402,False,
"drg. Manah Iswahyudi, M.Pd",individual,Partai Persatuan,political-party,2024-07-28,173221057,False,
PD Budiyanto Wibowo Tbk,corporation,Aurora Prasetyo,individual,2024-06-08,28632972,True,proxy
PT Pudjiastuti Maryadi (Persero) Tbk,corporation,Partai Persatuan,political-party,2025-04-30,17909368,False,
CV Narpati Tbk,organization,Partai Persatuan,political-party,2024-06-06,66886636,True,proxy
PD Pertiwi Santoso (Persero) Tbk,organization,Radika Natsir,individual,2025-08-15,836632059,True,proxy
CV Tamba Megantara,corporation,Partai Harapan Bangsa,political-party,2025-02-25,65285189,False,
"Taufik Puspita, S.E.",individual,Partai Harapan Bangsa,political-party,2024-08-16,93240429,True,smurfing
Arta Aryani,individual,Partai Nasional Demokrat,political-party,2024-02-29,177066045,False,
UD Novitasari Wasita (Persero) Tbk,corporation,drg. Budi Firgantoro,individual,2024-06-09,1821551397,True,proxy
UD Setiawan,corporation,Partai Rakyat Sejahtera,political-party,2024-10-09,117514627,False,
UD Pranowo,corporation,"Ir. Vanya Nuraini, M.TI.",individual,2025-10-28,266902142,True,proxy
Umaya Anggriawan,individual,Dr. Embuh Saragih,individual,2024-12-20,1105617521,True,self_funded
CV Damanik Halimah,corporation,Partai Rakyat Sejahtera,political-party,2024-04-24,106940528,False,
Hamima Lailasari,individual,Partai Amanat Rakyat,political-party,2025-09-07,63522853,False,
UD Namaga Tbk,corporation,"Rini Anggraini, S.I.Kom",individual,2025-09-10,185442287,True,proxy
Jamalia Saragih,individual,Kayun Saefullah,individual,2024-01-15,775444011,True,self_funded
UD Mangunsong Gunarto,corporation,Bakti Pratiwi,individual,2025-07-31,20032890633,True,self_funded
CV Sinaga Tbk,organization,"Novi Mulyani, M.Pd",individual,2025-10-28,1528054745,True,proxy
"R. Salimah Purwanti, S.Farm",individual,Ganda Nasyiah,individual,2025-08-20,1238202569,False,
"R.A. Titi Pradipta, S.I.Kom",individual,Umaya Adriansyah,individual,2025-11-11,1775861142,False,
Yoga Winarno,individual,Partai Rakyat Sejahtera,political-party,2024-10-04,78198441,False,
"Gina Budiman, S.Gz",individual,Dr. Bella Simbolon,individual,2024-07-18,647066657,False,
CV Mayasari,corporation,Tania Hasanah,individual,2025-09-09,12257747988,False,
"Latika Prasasta, S.Gz",individual,Partai Kebangkitan Rakyat,political-party,2024-04-02,46109786,True,smurfing
CV Maheswara Saefullah Tbk,organization,dr. Karna Pranowo,individual,2025-06-24,13396787,True,smurfing
Puti Wijayanti,individual,Partai Amanat Rakyat,political-party,2024-06-15,111447308,False,
KH. Manah Mayasari,individual,Kani Nurdiyanti,individual,2024-12-17,14654106,False,
PD Sirait Iswahyudi,organization,"Nurul Siregar, M.Pd",individual,2025-02-05,1400343012,True,proxy
Faizah Pertiwi,individual,Dr. Hani Kusumo,individual,2024-09-17,1936881124,False,
PT Haryanto Tbk,corporation,"Adikara Kuswoyo, S.IP",individual,2025-12-15,90249472,True,smurfing
Argono Padmasari,individual,"Hartana Lazuardi, S.Gz",individual,2025-09-14,2022207080,False,
Kacung Prastuti,individual,Ellis Melani,individual,2024-08-02,1931090997,True,self_funded
Ghani Mansur,individual,Tgk. Wawan Habibi,individual,2024-11-24,20034347,True,smurfing
UD Simanjuntak Hidayanto Tbk,corporation,"Ir. Ibrani Saragih, S.IP",individual,2025-04-19,2018140718,False,
Perum Hartati Tbk,corporation,H. Legawa Zulaika,individual,2025-06-12,19779822134,False,
"Dr. Tedi Mandala, S.Farm",individual,Zulaikha Mustofa,individual,2025-03-31,64334711,False,
"Gada Prakasa, M.TI.",individual,Yessi Halim,individual,2025-05-01,83568151,True,smurfing
Farhunnisa Prabowo,individual,Legawa Suryatmi,individual,2025-10-22,734753314,False,
Laswi Suryatmi,individual,Partai Keadilan Indonesia,political-party,2025-03-04,107548490,False,
PT Napitupulu Tbk,corporation,Jaiman Halimah,individual,2025-05-26,17650896636,True,self_funded
Ika Anggriawan,individual,Ir. Intan Jailani,individual,2024-08-27,1014456863,True,self_funded
Restu Latupono,individual,"Zulfa Simbolon, S.Ked",individual,2025-01-31,224138502,False,
Dodo Hariyah,individual,Aisyah Riyanti,individual,2024-04-07,472929593,True,self_funded
Lili Pranowo,individual,Diana Melani,individual,2025-11-08,471009176,True,self_funded
Gina Hutapea,individual,Partai Demokrat,political-party,2024-07-29,115144387,False,
CV Utama,corporation,Partai Nasional Demokrat,political-party,2024-11-04,1716946771,True,proxy
CV Nuraini,organization,Ilsa Siregar,individual,2025-08-06,1386755229,True,proxy
"Sutan Bakianto Dongoran, M.Ak",individual,Jarwa Laksmiwati,individual,2024-03-15,219002618,False,
PT Salahudin Marpaung (Persero) Tbk,organization,Partai Indonesia Maju,political-party,2025-03-16,18824447,True,smurfing
Dono Namaga,individual,Partai Persatuan,political-party,2024-09-20,17470799,False,
CV Suryono,organization,Partai Indonesia Maju,political-party,2025-11-13,143445119,False,
PD Maryadi Suryono,corporation,Kayla Wulandari,individual,2025-09-29,1263267200,True,proxy
PT Manullang,corporation,"drg. Vanya Hardiansyah, S.Pt",individual,2024-09-05,8325969439,True,self_funded
Perum Pangestu,organization,Malika Maulana,individual,2024-07-05,23124550,True,smurfing
CV Salahudin Siregar Tbk,corporation,"Dr. Titin Rajasa, S.Sos",individual,2024-05-17,20994433918,True,self_funded
UD Widiastuti Simbolon,corporation,Partai Keadilan Indonesia,political-party,2024-06-12,527940335,True,proxy
PT Yulianti (Persero) Tbk,organization,Partai Keadilan Indonesia,political-party,2024-12-10,82607913,False,
Adika Salahudin,individual,"Septi Rahayu, M.M.",individual,2025-04-10,1100445732,False,
T. Jefri Haryanto,individual,Ajiono Anggriawan,individual,2024-08-22,1889428109,True,self_funded
PT Budiyanto,organization,"drg. Praba Astuti, S.Gz",individual,2024-06-01,88283573,True,smurfing
PT Telekomunikasi Indonesia (Persero),corporation,Najwa Damanik,individual,2024-03-10,9059919939,True,illegal_source
PT Utami Samosir,organization,Puti Almira Waluyo,individual,2025-07-27,1295555887,True,proxy
CV Wibisono Safitri,corporation,Partai Nasional Demokrat,political-party,2024-12-16,571008709,False,
Perum Saragih Natsir Tbk,corporation,Bakijan Hakim,individual,2024-06-29,45475017,True,smurfing
UD Rajata Tbk,organization,Zizi Lazuardi,individual,2024-12-31,10403862,True,smurfing
PT Marpaung Tbk,corporation,Yoga Hidayanto,individual,2025-05-25,12772479715,True,self_funded
Perum Pratama Jailani,corporation,Partai Nasional Demokrat,political-party,2025-03-11,1719433940,True,proxy
CV Zulaika (Persero) Tbk,corporation,Unjani Pangestu,individual,2024-07-01,476867,True,smurfing
CV Kusmawati Wahyudin,organization,Partai Indonesia Maju,political-party,2024-11-19,493835026,False,
UD Rajata Sihombing Tbk,corporation,Partai Solidaritas Indonesia,political-party,2025-08-13,123029425,False,
PD Sudiati,corporation,Maida Firmansyah,individual,2024-11-30,5151068704,False,
Marwata Wibisono,individual,Partai Kebangkitan Rakyat,political-party,2024-08-28,35759165,True,smurfing
PT Lazuardi,corporation,Partai Rakyat Sejahtera,political-party,2024-10-14,422420963,False,
CV Kurniawan Laksita Tbk,corporation,Salimah Nababan,individual,2025-12-22,10117476310,False,
"Melinda Wastuti, S.Farm",individual,Partai Harapan Bangsa,political-party,2024-12-29,18085277,False,
UD Padmasari Marbun,corporation,"Kayla Pangestu, M.Pd",individual,2025-03-28,11133911156,False,
Perum Winarsih (Persero) Tbk,corporation,Hj. Lili Zulaika,individual,2025-08-10,1300760211,True,proxy
CV Agustina Lazuardi,organization,Drs. Hasan Manullang,individual,2025-03-12,1839108957,True,proxy
PD Utami,corporation,Danu Andriani,individual,2024-10-18,607782576,True,proxy
PT Hidayanto Tbk,corporation,"Luwes Kuswoyo, S.H.",individual,2025-05-22,19753647452,True,self_funded
Perum Saputra Pratiwi,corporation,Partai Demokrat,political-party,2025-11-22,60014209,True,smurfing
CV Samosir Agustina Tbk,organization,Partai Demokrat,political-party,2024-06-06,378068658,False,
Cinthia Damanik,individual,"Hj. Dina Wibowo, S.IP",individual,2024-09-19,17852432,True,smurfing
"R. Citra Astuti, S.I.Kom",individual,Partai Harapan Bangsa,political-party,2024-02-13,38505847,False,
Asmuni Mangunsong,individual,drg. Galuh Farida,individual,2024-07-28,435791695,False,
CV Lailasari Utami,corporation,Galih Saragih,individual,2024-08-17,8378755414,False,
PT Pradipta Namaga Tbk,organization,Partai Rakyat Sejahtera,political-party,2025-05-08,31325442,True,smurfing
"Lidya Mahendra, S.Pt",individual,Partai Keadilan Indonesia,political-party,2024-07-03,40790339,False,
Tomi Puspasari,individual,Prayogo Marpaung,individual,2024-06-11,232759792,False,
Perum Situmorang Tbk,organization,Partai Nasional Demokrat,political-party,2024-09-14,266582052,False,
Drs. Cakrawala Simbolon,individual,Partai Persatuan,political-party,2025-01-25,20316691,True,smurfing
CV Iswahyudi,organization,Ir. Humaira Laksita,individual,2024-04-06,538501663,True,proxy
Teddy Manullang,individual,Partai Amanat Rakyat,political-party,2025-02-12,92124571,False,
Perum Nababan,corporation,Syahrini Widodo,individual,2024-03-07,17193457452,True,self_funded
PT Wijaya,organization,"Tgk. Nilam Mandala, M.TI.",individual,2025-05-04,1416842648,False,
CV Kurniawan Tbk,organization,"Syahrini Hutagalung, S.T.",individual,2025-10-31,20592052673,False,
"Bella Prastuti, S.IP",individual,"Anita Sitompul, S.Ked",individual,2025-10-18,964746515,False,
"Ganjaran Mustofa, S.H.",individual,Puti Puspa Puspasari,individual,2024-11-19,602080765,False,
Salimah Nurdiyanti,individual,Dalimin Prasasta,individual,2024-09-08,1219905780,False,
Sutan Cemeti Tarihoran,individual,Partai Nasional Demokrat,political-party,2024-02-28,156322087,False,
PD Yolanda Firmansyah,organization,Endah Wijaya,individual,2024-05-28,777783369,True,proxy
Drs. Nadia Wastuti,individual,Mariadi Novitasari,individual,2024-12-01,2177561099,False,
UD Utami Rahmawati,corporation,Partai Persatuan,political-party,2025-05-28,1121810226,True,over_limit
"Ganjaran Haryanto, S.I.Kom",individual,Partai Demokrat,political-party,2024-03-08,11717464,False,
"Jefri Tamba, M.TI.",individual,Sutan Radit Namaga,individual,2024-05-13,107706009,True,self_funded
CV Halimah Kuswandari,corporation,Wulan Permadi,individual,2024-01-15,20268829527,False,
Perum Halim,organization,"Hardi Kuswoyo, S.E.",individual,2024-01-02,807689429,True,proxy
Hari Damanik,individual,R.M. Jail Laksita,individual,2025-05-26,55179998,True,self_funded
Dr. Lamar Prabowo,individual,Partai Nasional Demokrat,political-party,2025-07-09,172124462,False,
CV Mandala,corporation,Gangsa Wasita,individual,2025-03-18,97455733,True,smurfing
UD Handayani Fujiati Tbk,corporation,Lintang Wacana,individual,2025-08-08,18550791803,False,
Dr. Kenes Tampubolon,individual,"Mustika Dongoran, S.Pt",individual,2024-01-26,286401946,False,
Perum Suartini (Persero) Tbk,corporation,Viman Sihombing,individual,2024-09-07,16243535171,False,
CV Sihotang Nainggolan Tbk,corporation,Partai Solidaritas Indonesia,political-party,2024-12-18,193776176,False,
Perum Halim Tbk,organization,Partai Solidaritas Indonesia,political-party,2024-05-23,197286848,True,proxy
CV Mandala Permadi Tbk,corporation,Sutan Bakda Natsir,individual,2024-12-31,265379357,False,
PD Aryani (Persero) Tbk,corporation,drg. Yani Waskita,individual,2025-07-19,6524135203,False,
Restu Maryadi,individual,Partai Kebangkitan Rakyat,political-party,2025-03-22,80234991,False,
Viktor Nugroho,individual,Radika Pradipta,individual,2024-09-22,2042208981,False,
CV Prasetyo Najmudin (Persero) Tbk,corporation,Partai Kebangkitan Rakyat,political-party,2024-01-11,247029547,False,
Mumpuni Prasetyo,individual,Partai Kebangkitan Rakyat,political-party,2025-04-07,42771160,False,
Perum Handayani Sirait,corporation,"Carla Kuswandari, S.Gz",individual,2024-04-18,80554482,True,smurfing
Perum Lestari (Persero) Tbk,organization,Partai Solidaritas Indonesia,political-party,2025-02-14,67355834,True,smurfing
PT Nuraini Tbk,organization,Partai Amanat Rakyat,political-party,2024-09-17,171046400,False,
Kenes Wibisono,individual,"Maida Kuswandari, S.T.",individual,2024-02-04,1435239177,True,self_funded
UD Firmansyah,corporation,R. Patricia Santoso,individual,2024-11-07,1113796981,True,self_funded
Perum Hutagalung,corporation,Partai Harapan Bangsa,political-party,2024-07-03,965133176,True,proxy
PD Suryono,organization,Saadat Waskita,individual,2024-01-29,948263505,True,proxy
Perum Nasyiah Maryadi,organization,Partai Harapan Bangsa,political-party,2024-05-07,66781933,True,smurfing
PT Palastri (Persero) Tbk,organization,Faizah Wulandari,individual,2024-09-12,49973418,True,smurfing
"Parman Pradipta, M.Ak",individual,Partai Keadilan Indonesia,political-party,2025-06-13,172924971,False,
Dipa Anggraini,individual,Luluh Prayoga,individual,2024-08-23,73740632,True,smurfing
PT Mahendra Dongoran (Persero) Tbk,corporation,R. Rizki Yuliarti,individual,2024-09-06,3261222312,True,self_funded
PD Yolanda (Persero) Tbk,organization,Partai Solidaritas Indonesia,political-party,2024-03-05,126044614,False,
UD Hutapea (Persero) Tbk,organization,Leo Laksmiwati,individual,2025-12-22,1923279373,True,proxy
CV Yolanda Tbk,corporation,Partai Kebangkitan Rakyat,political-party,2024-11-03,1135794904,True,over_limit
CV Safitri Astuti,organization,Partai Persatuan,political-party,2024-12-21,5316371,True,smurfing
PD Winarsih Wahyuni,corporation,Prayogo Hariyah,individual,2025-11-02,41957205,True,smurfing
CV Prasetya,organization,Kiandra Hartati,individual,2025-11-05,614267267,True,proxy
CV Safitri,corporation,Partai Persatuan,political-party,2025-02-24,6250431,True,smurfing
Ir. Olivia Hassanah,individual,Partai Demokrat,political-party,2024-06-12,148459691,False,
Maryanto Nasyidah,individual,Iriana Mandala,individual,2024-07-29,1235313697,True,self_funded
R.M. Nyoman Rahayu,individual,Partai Demokrat,political-party,2025-04-22,163983166,False,
UD Situmorang Tbk,corporation,"R. Ophelia Sihombing, M.Ak",individual,2025-01-21,15963235433,False,
Kasusra Firgantoro,individual,Partai Amanat Rakyat,political-party,2025-12-10,78798183,True,smurfing
UD Hasanah Tbk,organization,Partai Indonesia Maju,political-party,2024-08-26,1084326211,True,over_limit
Maryadi Mahendra,individual,R.A. Gasti Jailani,individual,2024-06-13,1558822194,False,
Gamblang Pratama,individual,Zahra Winarno,individual,2025-04-09,1522048905,False,
CV Susanti,organization,"Catur Mulyani, S.E.I",individual,2024-12-12,77405349,True,smurfing
Tirtayasa Wastuti,individual,"T. Usman Hidayat, M.TI.",individual,2025-06-15,1735707934,False,
Dr. Raisa Firgantoro,individual,Partai Keadilan Indonesia,political-party,2024-01-14,146526449,False,
"dr. Ulva Puspasari, S.H.",individual,Eluh Halimah,individual,2024-01-12,981325443,False,
PT Mangunsong Tampubolon,organization,Partai Indonesia Maju,political-party,2024-06-19,481148738,False,
Perum Wibowo,corporation,Partai Solidaritas Indonesia,political-party,2025-07-23,82457168,True,smurfing
PD Suartini Tbk,organization,"Jarwadi Andriani, S.E.",individual,2025-04-04,222469547,False,
Raharja Tamba,individual,Partai Keadilan Indonesia,political-party,2024-07-24,162107946,False,
PD Novitasari Usamah,organization,"Karna Hutasoit, S.Pd",individual,2024-12-29,92711265,True,smurfing
Tri Winarsih,individual,Samiah Maheswara,individual,2024-10-01,45408936,True,smurfing
"Dr. Faizah Yuliarti, M.Ak",individual,Partai Keadilan Indonesia,political-party,2024-11-28,157159093,False,
"Ade Lailasari, M.Kom.",individual,Agnes Puspita,individual,2025-03-04,848277280,False,
UD Sihombing Wasita,corporation,Partai Nasional Demokrat,political-party,2024-01-07,107669833,False,
PD Habibi Hartati,corporation,Partai Rakyat Sejahtera,political-party,2024-04-16,16092716,False,
Dt. Eko Nababan,individual,Partai Demokrat,political-party,2024-06-11,72024001,False,
PT Natsir Maryadi,corporation,Elvina Hartati,individual,2024-11-28,15660424314,True,self_funded
CV Samosir Sitompul Tbk,corporation,Partai Rakyat Sejahtera,political-party,2024-04-30,552696807,True,proxy
"Tgk. Cindy Nurdiyanti, S.Ked",individual,Partai Amanat Rakyat,political-party,2024-05-08,120118162,False,
PD Prasasta Hasanah (Persero) Tbk,corporation,Partai Indonesia Maju,political-party,2024-10-24,1442487795,True,over_limit
Perum Maheswara Iswahyudi (Persero) Tbk,corporation,Drs. Nyoman Maryati,individual,2024-04-04,562017480,True,proxy
PD Pudjiastuti (Persero) Tbk,organization,Partai Harapan Bangsa,political-party,2024-09-05,385059534,False,
Sabar Hassanah,individual,"Maya Siregar, M.Ak",individual,2025-04-28,905910341,False,
CV Hutapea Widiastuti,corporation,R.M. Naradi Firgantoro,individual,2025-08-11,10130280345,False,
Dt. Candra Suwarno,individual,Partai Demokrat,political-party,2024-03-29,9176434,False,
Darmanto Hidayanto,individual,Siska Situmorang,individual,2025-04-28,492234238,False,
Perum Novitasari Tbk,corporation,Kayla Suartini,individual,2024-08-07,8988654786,True,self_funded
PD Haryanti,organization,Zizi Damanik,individual,2024-02-19,15660105051,False,
PT Setiawan,organization,Partai Demokrat,political-party,2024-05-26,441065037,False,
Puti Kartika Pradipta,individual,Nrima Samosir,individual,2024-05-21,1874245127,False,
PT Sinaga,corporation,Partai Demokrat,political-party,2025-07-05,44204369,False,
PD Nashiruddin,corporation,Partai Solidaritas Indonesia,political-party,2025-03-01,366152107,False,
Nabila Winarno,individual,Partai Rakyat Sejahtera,political-party,2024-01-24,86357380,False,
Cemeti Sitorus,individual,Balapati Nashiruddin,individual,2025-08-17,2133423825,False,
Perum Pranowo,organization,Partai Persatuan,political-party,2025-03-31,912771304,True,over_limit
"Queen Anggriawan, S.Farm",individual,"Mulya Laksmiwati, S.Farm",individual,2024-03-25,1533834586,False,
CV Prasetyo Tbk,organization,Partai Indonesia Maju,political-party,2024-01-08,92423967,True,smurfing
UD Prayoga Agustina,organization,Partai Kebangkitan Rakyat,political-party,2025-12-12,32605231,True,smurfing
Cinta Mandala,individual,"Puti Salwa Simanjuntak, M.Kom.",individual,2024-10-17,2314147255,True,self_funded
"Jati Damanik, S.Sos",individual,"Ir. Sarah Zulaika, S.Gz",individual,2025-12-20,1736730280,False,
"Prasetya Sinaga, S.T.",individual,Purwadi Hidayanto,individual,2024-08-03,39377755,True,smurfing
H. Cengkal Situmorang,individual,Partai Persatuan,political-party,2025-09-20,8474828,False,
"Cinthia Padmasari, S.Pd",individual,"Cut Diana Sihombing, M.M.",individual,2025-06-03,933029671,True,self_funded
PD Pradana Tbk,organization,Dt. Muhammad Hutagalung,individual,2024-03-21,1567399231,True,proxy
"T. Pangestu Utami, M.Ak",individual,Sutan Kemal Hutagalung,individual,2024-01-21,455713146,False,
Hasna Napitupulu,individual,Maras Anggraini,individual,2025-09-18,1272355213,True,self_funded
Lembah Suartini,individual,Partai Amanat Rakyat,political-party,2025-03-08,55944780,False,
Raina Pudjiastuti,individual,Dr. Laras Pradana,individual,2024-07-05,612982821,False,
Kadir Prakasa,individual,Teguh Sinaga,individual,2025-07-08,802457384,True,self_funded
Perum Zulaika (Persero) Tbk,organization,Partai Solidaritas Indonesia,political-party,2024-03-16,73713853,True,smurfing
"R. Yessi Wibisono, S.Sos",individual,Bakti Sitorus,individual,2025-02-21,759312927,True,self_funded
"Emil Mandasari, S.Sos",individual,Silvia Oktaviani,individual,2024-01-19,2076487600,False,
"dr. Taufik Anggriawan, S.Psi",individual,Banara Firmansyah,individual,2024-05-07,1163750802,True,self_funded
"Salimah Megantara, S.Farm",individual,Partai Solidaritas Indonesia,political-party,2025-11-22,140424743,False,
PD Prasasta,corporation,Harimurti Hakim,individual,2024-04-10,3951894553,False,
PT Yuliarti Tbk,corporation,"Jatmiko Widodo, S.Gz",individual,2025-06-24,422670470,True,proxy
UD Hutagalung (Persero) Tbk,organization,Partai Amanat Rakyat,political-party,2025-10-31,443836686,True,proxy
Perum Marbun Uwais,corporation,Partai Kebangkitan Rakyat,political-party,2025-08-24,677082343,False,
PD Napitupulu,corporation,Hardi Budiyanto,individual,2024-01-10,2843250503,False,
Perum Mandala (Persero) Tbk,corporation,Irma Puspita,individual,2025-04-14,4376397288,True,self_funded
PD Pertiwi Setiawan (Persero) Tbk,corporation,Mursita Wibisono,individual,2024-10-27,10757126416,False,
H. Prayoga Setiawan,individual,"Panji Prasasta, S.Gz",individual,2025-06-25,746144356,True,self_funded
Perum Ramadan,corporation,Partai Rakyat Sejahtera,political-party,2024-11-14,520393000,False,
Irwan Usada,individual,drg. Kasiran Hassanah,individual,2025-05-13,638996106,False,
PT Prasetya Wijayanti Tbk,corporation,Pangeran Laksita,individual,2025-04-01,1006986059,False,
Kementerian Pendidikan Nasional,organization,Ihsan Hastuti,individual,2025-06-12,29808589039,True,illegal_source
Perum Prastuti Tbk,corporation,Ir. Yance Waskita,individual,2024-02-22,1575646521,True,proxy
Ozy Hidayanto,individual,Partai Harapan Bangsa,political-party,2025-03-04,160841417,False,
UD Agustina (Persero) Tbk,corporation,Ilyas Prabowo,individual,2025-12-10,16704625,True,smurfing
Emil Prayoga,individual,Elisa Rahayu,individual,2024-11-27,1106848304,True,self_funded
PT Zulkarnain (Persero) Tbk,corporation,Partai Amanat Rakyat,political-party,2024-02-21,234623039,False,
UD Hasanah Napitupulu,corporation,Raden Melani,individual,2024-03-17,14015771311,False,
"drg. Jagaraga Lazuardi, M.Pd",individual,Febi Wacana,individual,2024-01-02,1017949214,False,
UD Santoso (Persero) Tbk,corporation,Partai Solidaritas Indonesia,political-party,2025-03-03,89642546,False,
"Ir. Tedi Hutagalung, S.Ked",individual,Partai Nasional Demokrat,political-party,2024-01-26,159602629,False,
dr. Humaira Hidayat,individual,Partai Amanat Rakyat,political-party,2025-03-15,58304664,True,smurfing
CV Marbun,corporation,Partai Persatuan,political-party,2024-02-04,60367561,True,smurfing
CV Jailani,corporation,Kani Hutagalung,individual,2025-04-23,1886892662,True,proxy
PT Yolanda Tbk,corporation,Chelsea Wahyudin,individual,2025-05-31,29151900,True,smurfing
Perum Maheswara Rahimah (Persero) Tbk,organization,Partai Nasional Demokrat,political-party,2025-02-15,647171372,True,proxy
Perum Kuswandari Mansur,organization,"Puti Cinta Mandala, S.Ked",individual,2024-06-16,21430100034,False,
Zulaikha Maryati,individual,Febi Suwarno,individual,2025-05-04,978704438,True,self_funded
Cinta Kusumo,individual,"T. Darijan Simanjuntak, M.TI.",individual,2025-09-30,960132252,False,
"Yuliana Astuti, S.E.I",individual,"Drs. Salsabila Anggraini, S.Ked",individual,2025-01-20,2208595620,False,
Amelia Siregar,individual,Partai Keadilan Indonesia,political-party,2024-12-05,72551277,False,
"Galiono Aryani, S.Psi",individual,Partai Solidaritas Indonesia,political-party,2025-05-05,11344932,False,
Victoria Setiawan,individual,drg. Latika Waluyo,individual,2024-01-04,1750787993,False,
PT Prakasa,organization,Partai Persatuan,political-party,2024-05-09,1259925126,True,over_limit
"Jaswadi Pudjiastuti, S.E.",individual,Paris Sudiati,individual,2024-11-24,2954546177,True,over_limit
PT Sinaga Firgantoro (Persero) Tbk,corporation,"drg. Ian Budiman, S.Pt",individual,2025-06-18,16396310433,False,
"Dt. Mustika Safitri, S.Psi",individual,"Hj. Zelaya Mahendra, S.Ked",individual,2024-05-25,723822222,False,
UD Latupono,corporation,Ella Damanik,individual,2025-02-22,62321983,True,smurfing
"Mila Saputra, S.H.",individual,Partai Keadilan Indonesia,political-party,2025-05-29,98358074,True,smurfing
"R. Liman Marbun, M.Pd",individual,Iriana Sihombing,individual,2024-07-29,80103984,True,smurfing
Hafshah Hasanah,individual,"Cinthia Uwais, S.E.I",individual,2024-02-09,1982896561,False,
Salwa Utami,individual,"Adhiarja Permadi, M.Pd",individual,2025-12-19,2307800695,True,self_funded
Perum Purnawati Haryanti,organization,Partai Rakyat Sejahtera,political-party,2024-02-01,1833102555,True,proxy
UD Purnawati Hastuti Tbk,corporation,Sidiq Kusumo,individual,2025-03-22,16950803622,True,self_funded
"drg. Cinta Jailani, M.Kom.",individual,Partai Solidaritas Indonesia,political-party,2025-08-12,1803545,False,
Pemkab Toba,organization,Farah Maheswara,individual,2024-04-15,14186857167,True,illegal_source
Gading Wulandari,individual,Partai Keadilan Indonesia,political-party,2025-09-09,122994181,False,
UD Oktaviani (Persero) Tbk,organization,drg. Maria Pangestu,individual,2025-03-16,1933772057,True,proxy
BUMD Energi Nusantara,organization,Artawan Pangestu,individual,2025-11-19,1337956394,True,illegal_source
UD Prasetyo Halimah,corporation,Partai Rakyat Sejahtera,political-party,2024-11-03,2982054,True,smurfing
PD Iswahyudi Tbk,corporation,"drg. Sakura Maulana, S.H.",individual,2025-06-06,10821973209,True,self_funded
Pemerintah Kabupaten Banyumas,organization,Partai Solidaritas Indonesia,political-party,2025-05-20,340738229,True,illegal_source
UD Simanjuntak Napitupulu (Persero) Tbk,corporation,Rama Lailasari,individual,2025-01-22,1685758522,True,proxy
UD Lazuardi,corporation,Gading Wacana,individual,2024-07-05,1026665972,False,
Bakidin Anggriawan,individual,Partai Kebangkitan Rakyat,political-party,2025-03-14,97143381,False,
PT Kuswoyo Haryanto Tbk,corporation,Dt. Akarsana Widodo,individual,2025-02-10,42605260,True,smurfing
Perum Hardiansyah (Persero) Tbk,organization,"Ir. Janet Hardiansyah, S.E.I",individual,2025-11-02,632902190,True,proxy
"Salimah Samosir, S.I.Kom",individual,"Drs. Kawaya Hariyah, S.E.I",individual,2025-05-04,1703846596,True,self_funded
PT Ramadan Manullang,corporation,Partai Harapan Bangsa,political-party,2025-09-17,235266455,False,
"drg. Gada Rahimah, S.Gz",individual,"Tgk. Karma Salahudin, M.Ak",individual,2025-07-16,1238485435,False,
"drg. Ulya Laksita, M.TI.",individual,"dr. Yuni Hakim, M.TI.",individual,2025-09-06,73296254,True,smurfing
Perum Tamba,corporation,Ibrani Hasanah,individual,2025-05-09,23368840719,True,self_funded
Mahfud Tamba,individual,Partai Rakyat Sejahtera,political-party,2024-10-29,12497588,False,
UD Utami Budiman,corporation,Partai Keadilan Indonesia,political-party,2025-12-21,842642274,True,proxy
Perum Nasyidah,corporation,Partai Kebangkitan Rakyat,political-party,2025-03-11,146668755,False,
Perum Prasetya Saptono (Persero) Tbk,corporation,"Saiful Usada, M.M.",individual,2025-11-11,2291904759,False,
Elon Wibowo,individual,Partai Harapan Bangsa,political-party,2024-09-11,338805972,True,over_limit
Ikin Januar,individual,Partai Demokrat,political-party,2025-12-30,24197312,False,
"R.M. Sakti Widodo, S.H.",individual,Partai Rakyat Sejahtera,political-party,2024-06-25,48894582,True,smurfing
Baktianto Wibowo,individual,Partai Amanat Rakyat,political-party,2024-07-15,82557324,False,
Jamil Wastuti,individual,Cemani Wibowo,individual,2025-04-14,50245137,True,smurfing
Pemerintah Provinsi Bali,organization,Lembah Waluyo,individual,2024-04-29,3569412131,True,illegal_source
UD Pradipta,organization,T. Nalar Permadi,individual,2024-02-06,10088991808,False,
Perum Novitasari Puspita,corporation,Partai Nasional Demokrat,political-party,2025-10-27,1651844611,True,proxy
Tira Pertiwi,individual,Partai Kebangkitan Rakyat,political-party,2025-11-03,98130299,True,smurfing
CV Thamrin Astuti Tbk,corporation,Partai Indonesia Maju,political-party,2025-07-04,213477235,False,
Septi Samosir,individual,Atma Prabowo,individual,2024-09-27,1322074922,False,
UD Wijaya Winarno Tbk,corporation,"R. Irfan Pranowo, S.T.",individual,2024-04-08,20581444366,True,self_funded
Olivia Ardianto,individual,Siska Waluyo,individual,2025-05-12,73024265,True,self_funded
Perum Hutagalung Sinaga Tbk,corporation,Mustika Haryanti,individual,2024-12-03,16700291453,True,self_funded
"Rahayu Sihombing, M.Kom.",individual,Olivia Januar,individual,2025-05-22,254282441,False,
Nyana Rajasa,individual,Kania Nuraini,individual,2025-06-11,1146289805,False,
PD Habibi Nugroho (Persero) Tbk,corporation,"Ajiono Waskita, M.Ak",individual,2024-10-15,18682082686,True,self_funded
PD Tarihoran Tbk,organization,Partai Solidaritas Indonesia,political-party,2024-11-17,98866706,True,smurfing
PT Wacana Nababan,corporation,Victoria Gunarto,individual,2025-11-20,21537116949,True,self_funded
CV Najmudin (Persero) Tbk,corporation,Sidiq Nashiruddin,individual,2025-06-11,18308952481,False,
"Enteng Nurdiyanti, M.Kom.",individual,Partai Rakyat Sejahtera,political-party,2025-05-01,318206252,True,over_limit
Maida Puspita,individual,"Lili Hartati, S.IP",individual,2024-04-22,1243684040,False,
Perum Palastri (Persero) Tbk,corporation,Partai Rakyat Sejahtera,political-party,2025-08-16,33623456,True,smurfing
PD Zulaika Tbk,corporation,Partai Harapan Bangsa,political-party,2025-01-21,319218886,False,
PT Hariyah,corporation,Latif Hariyah,individual,2024-03-10,3223077283,True,self_funded
Azalea Laksmiwati,individual,Partai Indonesia Maju,political-party,2025-05-02,68950847,False,
PT Pradipta Tbk,corporation,"Zamira Aryani, S.Pd",individual,2025-09-24,11957407643,True,self_funded
Perum Mulyani (Persero) Tbk,corporation,"Bakiadi Suryono, S.I.Kom",individual,2024-12-16,364867267,True,proxy
CV Kuswandari Suryatmi Tbk,corporation,"Tgk. Drajat Hakim, S.E.",individual,2024-08-03,20917891219,True,self_funded
Dt. Karja Uyainah,individual,"Puti Mutia Manullang, S.Sos",individual,2024-04-26,2342320545,True,self_funded
Ir. Salsabila Hakim,individual,Partai Keadilan Indonesia,political-party,2025-09-05,143600155,False,
Wardaya Mangunsong,individual,"Harja Padmasari, S.Ked",individual,2025-10-19,1665288418,False,
Perum Uyainah Suartini (Persero) Tbk,corporation,Partai Amanat Rakyat,political-party,2024-04-22,160807544,False,
Alika Siregar,individual,Partai Harapan Bangsa,political-party,2024-08-14,93021801,True,smurfing
PD Mulyani Simbolon (Persero) Tbk,corporation,Salsabila Kuswoyo,individual,2024-05-23,71862631,True,smurfing
Najwa Irawan,individual,Partai Keadilan Indonesia,political-party,2025-09-19,79138954,False,
Zelaya Safitri,individual,"dr. Galar Najmudin, S.Pd",individual,2024-03-18,768455959,False,
Dipa Rajata,individual,Wasis Firmansyah,individual,2025-09-20,351410690,True,self_funded
Perum Pradipta (Persero) Tbk,corporation,Partai Amanat Rakyat,political-party,2024-03-18,48950978,True,smurfing
PT Prastuti Uyainah,corporation,Eja Prakasa,individual,2025-06-01,300961596,True,self_funded
PD Ramadan,corporation,Yuliana Zulaika,individual,2024-09-24,1504668913,True,proxy
PD Pratiwi,corporation,R. Mariadi Suwarno,individual,2025-11-23,19516019358,True,self_funded
"Puti Gawati Budiyanto, S.Ked",individual,Partai Nasional Demokrat,political-party,2024-03-30,9069107,False,
PD Winarno Prasetya,corporation,Dr. Maras Maulana,individual,2024-03-26,563154988,True,proxy
Uda Wibisono,individual,Rafi Usada,individual,2025-09-05,405551127,True,self_funded
Dina Haryanti,individual,Hasta Wacana,individual,2024-08-13,1151136938,True,self_funded
CV Utami Sirait,corporation,Partai Amanat Rakyat,political-party,2025-06-28,327025592,False,
R.M. Sabar Putra,individual,Puspa Januar,individual,2025-06-02,1398136103,False,
dr. Humaira Anggraini,individual,Partai Solidaritas Indonesia,political-party,2025-11-25,89702933,False,
"drg. Vanya Nashiruddin, S.IP",individual,Tira Laksita,individual,2025-05-09,1759240682,False,
Dadap Safitri,individual,Ani Suryono,individual,2024-04-11,1972954629,False,
Dr. Irma Sirait,individual,Partai Persatuan,political-party,2025-09-16,170424197,False,
Rahmi Yulianti,individual,Partai Kebangkitan Rakyat,political-party,2024-08-15,100998931,False,
CV Nashiruddin,corporation,"Dr. Purwanto Waluyo, M.Kom.",individual,2024-03-16,7530646062,False,
Perum Kuswoyo (Persero) Tbk,organization,Partai Amanat Rakyat,political-party,2024-06-27,24293423,True,smurfing
R.A. Violet Hutagalung,individual,Partai Keadilan Indonesia,political-party,2025-10-09,162310903,False,
CV Widodo,corporation,Elvina Suryatmi,individual,2025-06-13,11181743118,False,
Yoga Budiyanto,individual,Agnes Mansur,individual,2025-07-03,1910580165,False,
Kasim Suwarno,individual,Limar Haryanto,individual,2024-11-21,397132484,False,
Raden Andriani,individual,Drs. Titi Maryadi,individual,2024-07-07,1185249364,False,
Capa Rajata,individual,Partai Amanat Rakyat,political-party,2025-06-23,26478804,False,
"T. Gangsar Damanik, S.Farm",individual,Gara Wastuti,individual,2025-04-15,19872679,True,smurfing
PT Hartati,corporation,Karja Mayasari,individual,2025-12-29,14194759813,False,
PT Uwais (Persero) Tbk,corporation,Partai Nasional Demokrat,political-party,2025-01-15,61209253,True,smurfing
PT Mandala Budiyanto Tbk,corporation,Ibrahim Manullang,individual,2025-06-01,16581538509,True,self_funded
Sadina Hastuti,individual,Ulya Maulana,individual,2025-11-06,1464607800,True,self_funded
UD Wulandari,corporation,"Drs. Kezia Simanjuntak, M.Kom.",individual,2025-11-08,42384230165,True,over_limit
CV Iswahyudi Tampubolon Tbk,organization,Partai Rakyat Sejahtera,political-party,2024-12-28,1687390548,True,proxy
PT Riyanti,organization,Partai Demokrat,political-party,2025-07-08,77052023,True,smurfing
Perum Yuliarti Sitorus,corporation,Ratna Siregar,individual,2025-05-24,15869557,True,smurfing
"Ir. Ifa Suartini, S.I.Kom",individual,Partai Solidaritas Indonesia,political-party,2024-03-05,140501102,False,
"Dian Waskita, S.Sos",individual,Koko Wulandari,individual,2024-08-12,1772370807,False,
Perum Nurdiyanti Narpati,organization,"Harjasa Narpati, S.E.I",individual,2024-07-27,29526276,True,smurfing
UD Utami,organization,Partai Amanat Rakyat,political-party,2025-07-23,1396888110,True,proxy
Janet Saputra,individual,Cut Zahra Hastuti,individual,2025-03-01,533343181,False,
PT Kurniawan Suryatmi (Persero) Tbk,corporation,Partai Harapan Bangsa,political-party,2025-10-01,95830222,True,smurfing
CV Pratama Hariyah,corporation,Partai Nasional Demokrat,political-party,2024-02-16,558058447,False,
UD Yulianti Waskita (Persero) Tbk,corporation,Chelsea Firgantoro,individual,2025-02-21,18343473,True,smurfing
PT Salahudin Wahyudin,corporation,Partai Harapan Bangsa,political-party,2025-01-16,667923960,False,
PT Hastuti Tbk,organization,Partai Amanat Rakyat,political-party,2024-04-06,596113260,False,
Lidya Prakasa,individual,Cakrawala Hassanah,individual,2025-09-04,2239708235,True,self_funded
Perum Sitorus Latupono (Persero) Tbk,corporation,Partai Amanat Rakyat,political-party,2024-12-22,1841622261,True,proxy
CV Saefullah Wijayanti Tbk,corporation,Luthfi Halimah,individual,2025-10-06,12778449101,True,self_funded
Perum Rajata Ramadan,corporation,Partai Persatuan,political-party,2025-08-22,321756949,False,
UD Purwanti Sirait Tbk,corporation,Partai Keadilan Indonesia,political-party,2025-07-24,35749510,False,
PD Nasyiah,corporation,Ega Pratiwi,individual,2024-12-31,24420929697,True,self_funded
CV Adriansyah Januar,corporation,Kawaca Wahyuni,individual,2025-02-28,5309787164,True,self_funded
Perum Ramadan Nugroho Tbk,corporation,Karen Hasanah,individual,2024-12-05,19452093513,False,
Elisa Sihotang,individual,Okta Wijayanti,individual,2025-11-27,901285946,False,
UD Hutasoit,corporation,Partai Harapan Bangsa,political-party,2025-05-07,656376337,False,
Ade Pratiwi,individual,Ir. Luis Yolanda,individual,2025-10-06,609047493,False,
Gambira Uyainah,individual,Gilang Sitorus,individual,2025-08-27,17185628,True,smurfing
Perum Haryanti,corporation,Bakiman Sudiati,individual,2025-09-11,13828020481,False,
Perum Padmasari Tbk,corporation,Partai Indonesia Maju,political-party,2025-08-30,98963549,False,
Olivia Januar,individual,Partai Persatuan,political-party,2025-04-27,137218420,False,
PD Pratama,corporation,Rosman Rajasa,individual,2025-10-13,12788305231,False,
PD Yulianti (Persero) Tbk,corporation,Partai Persatuan,political-party,2025-12-30,1952495044,True,proxy
Azalea Nuraini,individual,Partai Indonesia Maju,political-party,2024-10-26,24447283,False,
CV Wasita Usada,corporation,Ega Prasetya,individual,2024-08-19,20051380942,False,
Widya Latupono,individual,Harjasa Siregar,individual,2024-07-10,733104923,True,self_funded
PD Habibi,organization,Paramita Gunarto,individual,2024-09-05,96583663,True,smurfing
PD Aryani Tbk,corporation,Partai Amanat Rakyat,political-party,2025-04-08,1317853446,True,proxy
Perum Prasetyo Pratama Tbk,corporation,Limar Kusumo,individual,2024-01-26,15240570543,True,self_funded
Ir. Kurnia Usamah,individual,Nrima Irawan,individual,2025-10-29,820532090,True,self_funded
UD Suryono Aryani,corporation,Tgk. Kartika Oktaviani,individual,2025-08-18,1910642563,True,proxy
PT Hasanah (Persero) Tbk,organization,Partai Persatuan,political-party,2025-10-10,35517352,True,smurfing
Perum Mandasari Januar (Persero) Tbk,organization,"Galih Sitorus, S.E.I",individual,2024-04-05,57412553,True,smurfing
Qori Simbolon,individual,Partai Rakyat Sejahtera,political-party,2025-10-02,167183299,False,
"Gamblang Hasanah, M.Ak",individual,"drg. Eka Marpaung, M.Farm",individual,2024-09-30,24438907,False,
Vega Puspita,individual,"dr. Clara Laksmiwati, S.H.",individual,2025-05-25,501156445,True,self_funded
"dr. Lintang Hidayanto, S.Farm",individual,Slamet Padmasari,individual,2024-12-23,999754675,False,
CV Lailasari Hartati,corporation,Nadia Pratama,individual,2024-06-07,22018194659,True,self_funded
"Diah Hartati, S.Pd",individual,Drajat Habibi,individual,2024-06-14,1752527771,False,
PT Hastuti Rahimah (Persero) Tbk,organization,Cut Wulan Siregar,individual,2025-07-01,17997090818,False,
Perum Yuniar Hutagalung,corporation,Luthfi Laksmiwati,individual,2025-07-09,22939674799,True,self_funded
Ir. Virman Budiman,individual,Partai Demokrat,political-party,2024-07-28,145900397,False,
PT Anggraini Uwais (Persero) Tbk,organization,Siti Aryani,individual,2024-03-13,42711089,True,smurfing
PT Tamba Permadi,corporation,R. Latika Wibowo,individual,2025-04-14,3156869815,True,self_funded
"Cemani Setiawan, S.E.",individual,"Martana Latupono, S.Farm",individual,2025-03-15,796915168,False,
PT Prayoga (Persero) Tbk,corporation,Adika Pertiwi,individual,2024-12-12,3508441449,True,self_funded
Daryani Mahendra,individual,Partai Persatuan,political-party,2025-04-28,52303909,False,
PT Manullang,corporation,Partai Amanat Rakyat,political-party,2025-01-31,1164514079,True,proxy
Laras Suwarno,individual,"drg. Siska Firgantoro, M.Farm",individual,2025-09-12,2112753274,False,
CV Simbolon Fujiati,corporation,R.A. Rika Maryadi,individual,2025-12-10,59704405,True,smurfing
Martana Namaga,individual,Partai Rakyat Sejahtera,political-party,2025-10-11,338755148,True,over_limit
CV Pranowo (Persero) Tbk,corporation,Partai Solidaritas Indonesia,political-party,2024-03-13,316381648,False,
UD Mandasari Zulkarnain,organization,drg. Aswani Irawan,individual,2024-08-05,53232756,True,smurfing
"Ajiman Widodo, S.E.I",individual,Partai Harapan Bangsa,political-party,2025-07-04,8650772,False,
PD Nasyidah Hutagalung,corporation,Samiah Aryani,individual,2024-02-08,17207356124,True,self_funded
Perum Rahmawati Tbk,corporation,Vera Pradana,individual,2025-07-14,13562663846,False,
PT Prasetya Wijayanti,corporation,Dr. Hafshah Permadi,individual,2025-09-30,18080489186,True,self_funded
PT Yolanda (Persero) Tbk,corporation,Legawa Sirait,individual,2024-06-25,1579061677,True,self_funded
Perum Thamrin,corporation,Nasab Lazuardi,individual,2024-07-19,1891523148,True,proxy
CV Laksita,corporation,Oni Aryani,individual,2024-02-10,16828849552,False,
Perum Pradana,corporation,Lulut Kurniawan,individual,2025-07-03,14098650620,False,
PT Yulianti Hartati,corporation,Partai Demokrat,political-party,2024-11-01,718771582,False,
Elvina Mandasari,individual,Partai Nasional Demokrat,political-party,2024-09-17,67754597,False,
PT Nasyiah (Persero) Tbk,corporation,Ir. Umi Agustina,individual,2025-02-23,19337797270,False,
Dr. Prabu Marpaung,individual,Partai Demokrat,political-party,2024-10-22,54275566,False,
UD Budiman Putra,corporation,"Ratna Lazuardi, S.Ked",individual,2024-08-03,406015533,True,self_funded
PD Oktaviani Tbk,corporation,Partai Keadilan Indonesia,political-party,2025-11-22,27180695,False,
Jayadi Megantara,individual,Partai Kebangkitan Rakyat,political-party,2025-02-18,24081790,False,
Nurul Nuraini,individual,Partai Persatuan,political-party,2025-01-09,119474911,False,
PT Rahimah Tbk,organization,Partai Nasional Demokrat,political-party,2025-01-10,312959363,False,
Mahmud Kusumo,individual,Partai Nasional Demokrat,political-party,2024-06-16,89083432,False,
"Opan Kuswoyo, S.T.",individual,Zizi Saptono,individual,2025-12-17,75836353,False,
Puput Gunarto,individual,Partai Indonesia Maju,political-party,2025-08-13,18747304,True,smurfing
CV Salahudin,organization,Jasmin Hardiansyah,individual,2025-03-14,332937173,True,proxy
Kasim Jailani,individual,Balidin Yuliarti,individual,2025-05-27,2443095264,True,self_funded
PT Wahyuni Tbk,corporation,Gawati Pangestu,individual,2025-03-10,1135191931,True,self_funded
Jayeng Wijaya,individual,Partai Keadilan Indonesia,political-party,2025-11-19,52490203,False,
PT Wahyuni Sitorus Tbk,corporation,"Anastasia Mandala, S.Pt",individual,2024-03-14,1449426252,True,proxy
Jane Prastuti,individual,Taswir Iswahyudi,individual,2025-07-21,59384701,True,smurfing
Ir. Ella Mulyani,individual,Devi Anggriawan,individual,2024-04-22,853186958,False,
"Maras Kurniawan, S.Psi",individual,Hasim Maulana,individual,2025-06-14,1946883510,True,self_funded
Dodo Hakim,individual,Jinawi Lailasari,individual,2025-04-28,730137350,False,
PT Wibowo,corporation,Paramita Samosir,individual,2025-06-27,32055073,True,smurfing
Ella Nugroho,individual,Partai Rakyat Sejahtera,political-party,2024-10-18,23798153,True,smurfing
Sabar Safitri,individual,Partai Demokrat,political-party,2024-11-21,138858281,False,
PT Prasasta Sitorus,organization,Partai Nasional Demokrat,political-party,2024-02-04,269195476,False,
UD Laksmiwati (Persero) Tbk,corporation,"Dr. Ciaobella Saefullah, M.M.",individual,2025-06-12,12855491675,True,self_funded
PT Maheswara Maryadi,corporation,Partai Indonesia Maju,political-party,2025-06-02,481513207,False,
Virman Agustina,individual,Jasmani Nashiruddin,individual,2025-02-26,1335690934,True,self_funded
Gantar Nababan,individual,Danang Natsir,individual,2024-01-06,526337383,True,self_funded
"drg. Leo Usada, S.IP",individual,Ajiono Hartati,individual,2024-05-03,1967850312,False,
Talia Suwarno,individual,Genta Mulyani,individual,2024-03-11,1442324954,True,self_funded
Endra Nugroho,individual,Partai Persatuan,political-party,2024-06-06,52912820,False,
Perum Pratiwi,corporation,Dian Anggriawan,individual,2025-05-11,3851994517,True,self_funded
Kementerian Keuangan,organization,Cakrabirawa Sudiati,individual,2025-06-10,4151012479,True,illegal_source
UD Tarihoran Kurniawan (Persero) Tbk,corporation,Wardaya Samosir,individual,2024-12-11,26163547,True,smurfing
Panca Simbolon,individual,Jais Pertiwi,individual,2024-01-24,2079212182,False,
Jane Sihombing,individual,Partai Solidaritas Indonesia,political-party,2025-07-17,79876269,False,
Perum Pangestu Nashiruddin,organization,"Gara Dabukke, S.Pt",individual,2024-04-23,84486952,True,smurfing
CV Setiawan (Persero) Tbk,corporation,Partai Indonesia Maju,political-party,2025-03-14,1595879088,True,proxy
"Leo Pratama, M.Ak",individual,"Cawuk Sinaga, S.Sos",individual,2024-12-16,1361675117,False,
"Ir. Tari Sihombing, S.E.",individual,Irfan Waluyo,individual,2024-02-29,524243164,True,self_funded
Kasim Andriani,individual,Kiandra Nasyidah,individual,2025-12-22,2208949052,True,self_funded
UD Marpaung Pranowo Tbk,corporation,Hamima Wastuti,individual,2025-11-09,10601741078,False,
"Nalar Tarihoran, S.IP",individual,Drs. Garan Megantara,individual,2024-01-11,55806408,True,smurfing
Mustofa Mayasari,individual,Partai Kebangkitan Rakyat,political-party,2024-02-01,17516817,False,
PT Pranowo (Persero) Tbk,organization,Partai Harapan Bangsa,political-party,2025-08-07,26853474,True,smurfing
UD Nasyidah,corporation,"Dt. Jarwadi Hasanah, M.TI.",individual,2025-12-04,57494923,True,smurfing
Perum Gunarto Wahyuni (Persero) Tbk,corporation,"Drs. Halima Halimah, M.Kom.",individual,2024-05-21,10106547904,True,self_funded
CV Lazuardi,corporation,"Dr. Puspa Mayasari, S.H.",individual,2025-09-07,2518319282,False,
Perum Kuswoyo Saefullah Tbk,corporation,dr. Hilda Rahayu,individual,2024-09-02,10198342001,False,
PD Hutagalung,corporation,"dr. Ratih Aryani, M.Farm",individual,2024-11-10,30108236032,True,over_limit
R.A. Anita Agustina,individual,Amelia Saptono,individual,2024-03-07,1041567207,False,
Perum Anggriawan Mulyani,corporation,Olivia Novitasari,individual,2024-07-20,6736304,True,smurfing
CV Rahmawati (Persero) Tbk,corporation,Anita Maheswara,individual,2024-02-10,1281443626,True,proxy
UD Yulianti Budiyanto (Persero) Tbk,corporation,Partai Solidaritas Indonesia,political-party,2024-10-03,434993736,False,
Perum Maheswara Tbk,organization,Partai Persatuan,political-party,2024-10-13,1358051215,True,over_limit
Pemerintah Kota Surabaya,organization,"dr. Uchita Situmorang, S.Sos",individual,2024-04-11,4192200850,True,illegal_source
UD Samosir Tbk,corporation,"Yance Megantara, S.IP",individual,2024-10-12,14862801056,False,
Perum Mulyani,organization,"Maria Hutapea, S.IP",individual,2024-05-09,11532401828,False,
Kementerian Pendidikan Nasional,organization,Partai Nasional Demokrat,political-party,2024-08-24,28106676,True,illegal_source
CV Melani Hidayat (Persero) Tbk,corporation,Upik Riyanti,individual,2024-12-18,15881120664,False,
Xanana Salahudin,individual,Kayun Permadi,individual,2024-09-08,1926320071,False,
"Saka Uwais, S.T.",individual,T. Oskar Padmasari,individual,2025-06-28,1583379248,False,
PT Megantara,corporation,Putu Nainggolan,individual,2024-05-28,10337678,True,smurfing
PT Wahyudin Hidayanto Tbk,corporation,Partai Solidaritas Indonesia,political-party,2024-08-09,166657215,False,
Gasti Iswahyudi,individual,Partai Harapan Bangsa,political-party,2025-03-09,166365516,False,
CV Siregar Sudiati (Persero) Tbk,organization,Ani Januar,individual,2024-10-28,10779505635,False,
Imam Permata,individual,Dt. Umay Siregar,individual,2024-07-19,1449161009,False,
UD Kusumo Tampubolon (Persero) Tbk,organization,Partai Indonesia Maju,political-party,2024-12-08,577029081,False,
T. Rahmat Situmorang,individual,Eli Sinaga,individual,2024-05-16,1614047661,True,self_funded
Perum Safitri,corporation,Partai Demokrat,political-party,2024-04-01,58616014,True,smurfing
Perum Wijaya Nababan,corporation,Hj. Kania Habibi,individual,2025-09-14,194176511,True,proxy
Perum Pudjiastuti Hutasoit Tbk,organization,Pangestu Situmorang,individual,2024-06-13,20199908,True,smurfing
Ghaliyati Aryani,individual,Partai Keadilan Indonesia,political-party,2024-10-01,43148382,False,
Harto Farida,individual,Ir. Murti Hutasoit,individual,2024-04-02,82572267,True,smurfing
"H. Daryani Laksita, S.E.",individual,"Dr. Setya Firmansyah, S.Psi",individual,2024-03-06,63369843,True,smurfing
CV Lestari Lestari,organization,Maya Hardiansyah,individual,2024-07-14,1739252176,True,proxy
UD Hutapea Jailani,organization,Zulaikha Megantara,individual,2025-09-29,15658766945,False,
CV Damanik,corporation,Ratih Oktaviani,individual,2024-09-25,15996932555,False,
UD Anggraini Susanti (Persero) Tbk,corporation,Partai Amanat Rakyat,political-party,2024-02-27,265523584,False,
Perum Prasetyo Prasetya,organization,Jaiman Mangunsong,individual,2025-12-20,1012592195,True,proxy
UD Prasasta Tarihoran,organization,Partai Demokrat,political-party,2024-06-28,1506407081,True,proxy
PT Palastri,organization,Partai Harapan Bangsa,political-party,2024-08-18,1927935912,True,proxy
Salwa Pradipta,individual,Fathonah Purwanti,individual,2025-03-26,308168575,True,self_funded
Dt. Bagas Pratama,individual,Partai Harapan Bangsa,political-party,2024-02-28,89017629,False,
PD Anggriawan Pangestu Tbk,organization,Partai Kebangkitan Rakyat,political-party,2024-05-31,65446920,True,smurfing
Baktiadi Nababan,individual,Partai Keadilan Indonesia,political-party,2025-03-07,53311584,False,
CV Firmansyah Rahayu Tbk,corporation,"Gamanto Winarsih, S.Sos",individual,2024-08-18,13751227002,True,self_funded
Cici Anggraini,individual,Ulva Santoso,individual,2025-11-13,1538737801,False,
Perum Halim Wahyudin (Persero) Tbk,corporation,Dodo Sihombing,individual,2024-02-28,19799302353,True,self_funded
UD Budiyanto,corporation,Partai Rakyat Sejahtera,political-party,2025-05-14,1480174551,True,proxy
CV Hariyah Iswahyudi,corporation,Unjani Ardianto,individual,2025-02-18,24632128945,True,self_funded
PT Zulaika Tbk,organization,Partai Kebangkitan Rakyat,political-party,2025-01-27,1949054362,True,proxy
Najwa Sudiati,individual,"Dr. Salsabila Mustofa, S.Ked",individual,2025-04-24,786604760,False,
Hendra Thamrin,individual,"Hj. Umi Anggraini, S.Gz",individual,2024-08-11,4522613059,True,over_limit
CV Permata Tampubolon Tbk,corporation,Partai Nasional Demokrat,political-party,2025-06-18,1735079773,True,proxy
PD Waskita,corporation,Saiful Rahayu,individual,2024-06-14,6226817458,True,self_funded
PD Kuswandari Uwais (Persero) Tbk,corporation,Partai Nasional Demokrat,political-party,2024-04-07,145549089,False,
Genta Halimah,individual,Partai Demokrat,political-party,2024-06-01,48404820,False,
CV Iswahyudi (Persero) Tbk,corporation,Partai Persatuan,political-party,2025-12-27,371322095,False,
CV Laksmiwati Pradipta Tbk,corporation,Marsudi Wacana,individual,2024-01-25,15919987302,False,
"Lembah Damanik, S.Gz",individual,"Tgk. Dimaz Mahendra, M.Farm",individual,2024-06-08,2781833826,True,over_limit
Perum Mangunsong Tbk,corporation,Partai Rakyat Sejahtera,political-party,2025-03-22,736835994,True,proxy
PT Yuliarti (Persero) Tbk,corporation,"Dt. Wakiman Nababan, S.Pt",individual,2025-05-22,18061988489,False,
Perum Kurniawan Kusmawati Tbk,organization,Iriana Lazuardi,individual,2024-04-18,1314025782,True,proxy
UD Adriansyah Wibisono,corporation,"Candrakanta Hakim, S.IP",individual,2024-11-15,18947712694,False,
Dt. Prasetyo Laksmiwati,individual,Dt. Hardi Pradana,individual,2025-02-17,1859465154,False,
PD Maryati Tbk,organization,Partai Keadilan Indonesia,political-party,2024-05-19,22592425,True,smurfing
Sadina Sitompul,individual,Zulaikha Halim,individual,2024-03-29,1190634229,True,self_funded
PT Telekomunikasi Indonesia (Persero),corporation,R. Narji Maryati,individual,2025-10-23,12016877936,True,illegal_source
"Agus Oktaviani, S.H.",individual,"KH. Gaduh Mahendra, S.T.",individual,2025-05-22,1629980638,True,self_funded
Nalar Putra,individual,Damar Santoso,individual,2024-02-26,1420896878,False,
Yosef Thamrin,individual,"Aslijan Anggraini, S.Sos",individual,2025-02-08,257005552,False,
"Emin Lailasari, S.Psi",individual,Bella Susanti,individual,2025-10-08,570829193,False,
UD Hastuti,corporation,Baktiono Nurdiyanti,individual,2025-08-18,17064972,True,smurfing
Kania Thamrin,individual,Partai Amanat Rakyat,political-party,2025-01-16,138098902,False,
Nabila Prayoga,individual,Akarsana Tamba,individual,2024-05-20,1060286202,False,
"Rahayu Namaga, S.Sos",individual,"Hafshah Natsir, S.T.",individual,2024-04-12,853514567,True,self_funded
"Puput Wibowo, S.Farm",individual,Cut Iriana Susanti,individual,2024-07-30,600482315,False,
CV Nurdiyanti,corporation,Partai Keadilan Indonesia,political-party,2025-07-30,224188021,True,proxy
PT Purnawati Tbk,corporation,Partai Keadilan Indonesia,political-party,2025-10-29,916327563,True,proxy
CV Wahyudin (Persero) Tbk,corporation,"Dr. Raina Widodo, S.Sos",individual,2025-04-24,15374417092,False,
PT Anggraini Dongoran,corporation,Tgk. Ghaliyati Pertiwi,individual,2025-06-21,22488825245,True,self_funded
PD Usada,organization,Partai Kebangkitan Rakyat,political-party,2025-09-04,63453551,True,smurfing
PT Purnawati Tbk,corporation,"Manah Marbun, S.Kom",individual,2025-05-28,12248475844,False,
CV Winarno Andriani,corporation,Taufan Mandala,individual,2025-09-04,1709120089,True,proxy
UD Hassanah Maheswara,corporation,Ami Mustofa,individual,2024-09-13,12779330974,False,
Perum Andriani Haryanti,corporation,Ismail Thamrin,individual,2025-09-12,45700007,True,smurfing
Pemerintah Kabupaten Banyumas,organization,Partai Persatuan,political-party,2024-09-04,320491052,True,illegal_source
Gilda Anggriawan,individual,Partai Rakyat Sejahtera,political-party,2025-12-10,60133331,False,
Yessi Pradana,individual,Adhiarja Pertiwi,individual,2025-04-05,162568690,True,self_funded
PD Budiman,corporation,R.A. Yance Ardianto,individual,2025-07-08,52271011,True,smurfing
PD Pudjiastuti (Persero) Tbk,corporation,Puti Cinthia Wacana,individual,2025-06-16,15292887925,False,
"dr. Gambira Laksmiwati, M.Pd",individual,R.A. Queen Hidayat,individual,2025-10-01,123231544,True,self_funded
CV Gunawan,corporation,Partai Keadilan Indonesia,political-party,2024-11-08,44553814,True,smurfing
PD Mulyani Rahayu Tbk,organization,Partai Demokrat,political-party,2024-06-29,60572852,True,smurfing
"Jarwa Hastuti, M.Pd",individual,"R. Edi Sitompul, S.Sos",individual,2024-08-12,2259255525,True,self_funded
Perum Zulaika,corporation,Partai Indonesia Maju,political-party,2024-08-13,683224219,True,proxy
Dt. Harja Mulyani,individual,Partai Amanat Rakyat,political-party,2024-11-03,8457144,False,
PD Nashiruddin Sudiati (Persero) Tbk,corporation,Nasim Sitompul,individual,2024-08-15,7738001110,True,self_funded
PT Manullang,corporation,Bakti Widiastuti,individual,2024-03-23,178449409,True,proxy
UD Hartati Tbk,organization,Ade Firmansyah,individual,2024-08-08,67427606,True,smurfing
PT Wibowo Tbk,organization,R.A. Hesti Simbolon,individual,2024-02-05,1622384936,True,proxy
Perum Puspita,corporation,Caturangga Maulana,individual,2024-04-04,22334286655,True,self_funded
"Aurora Pertiwi, S.T.",individual,"Ami Wasita, S.I.Kom",individual,2024-11-05,1994487063,False,
PT Siregar Halimah Tbk,organization,Cakrajiya Ardianto,individual,2025-03-09,9207097503,False,
CV Santoso Yulianti,organization,Oliva Damanik,individual,2025-11-02,22459286,True,smurfing
R. Jaeman Waluyo,individual,Dr. Kasiyah Firgantoro,individual,2024-10-02,1446697888,False,
PT Sudiati Tbk,organization,Partai Indonesia Maju,political-party,2025-12-17,1634398839,True,proxy
Tgk. Widya Habibi,individual,Partai Keadilan Indonesia,political-party,2024-12-19,97846485,False,
UD Gunawan Fujiati,organization,Karma Nasyiah,individual,2025-06-17,48530890799,True,over_limit
PT Latupono,organization,Rina Susanti,individual,2024-06-20,77476689,True,smurfing
"drg. Digdaya Ramadan, S.Psi",individual,Partai Keadilan Indonesia,political-party,2024-07-28,178702396,False,
Drs. Pandu Safitri,individual,Partai Demokrat,political-party,2025-05-21,25812696,True,smurfing
Gangsa Prasetya,individual,"Kasusra Uyainah, M.Kom.",individual,2025-12-05,36833680,True,smurfing
"Dr. Balamantri Wibowo, S.Pd",individual,"Drs. Kasusra Dabukke, S.T.",individual,2024-08-13,2018326666,True,self_funded
PD Yuliarti,organization,Mitra Maulana,individual,2025-06-07,9726028450,False,
Salwa Haryanti,individual,Irma Nasyidah,individual,2024-12-05,633757559,True,self_funded
PD Gunarto (Persero) Tbk,corporation,Ir. Yunita Wasita,individual,2024-04-22,3242484475,False,
Aditya Sinaga,individual,Partai Solidaritas Indonesia,political-party,2025-12-10,126350133,False,
Perum Narpati,organization,Dinda Najmudin,individual,2024-07-17,84334333,True,smurfing
PD Dongoran (Persero) Tbk,corporation,Puti Juli Prakasa,individual,2024-01-06,10259875888,True,self_funded
Dadi Pertiwi,individual,Lamar Irawan,individual,2025-02-21,2074522822,False,
PD Maryadi Mangunsong,organization,Partai Amanat Rakyat,political-party,2024-01-29,301030278,True,proxy
PD Maryati,corporation,Kiandra Purwanti,individual,2024-09-08,76721100,True,proxy
Rachel Jailani,individual,Partai Harapan Bangsa,political-party,2025-11-15,151254514,False,
Natalia Lestari,individual,Partai Persatuan,political-party,2025-09-13,146080655,False,
KH. Xanana Pertiwi,individual,Partai Keadilan Indonesia,political-party,2024-03-12,164827051,False,
PD Januar Thamrin,corporation,"Surya Puspasari, S.H.",individual,2025-11-24,18997580550,True,self_funded
PD Hutapea (Persero) Tbk,corporation,Partai Indonesia Maju,political-party,2024-08-27,41916502,True,proxy
CV Andriani Pangestu (Persero) Tbk,organization,Partai Kebangkitan Rakyat,political-party,2025-05-04,97900225,True,smurfing
PD Aryani Mulyani,corporation,Partai Demokrat,political-party,2024-08-21,325992613,False,
CV Firgantoro Tbk,corporation,"Padmi Rahimah, S.Farm",individual,2025-11-07,1622698756,True,proxy
"KH. Gangsar Pratama, S.E.I",individual,"Gina Hutasoit, S.Sos",individual,2025-05-20,41928732,True,self_funded
UD Suryono,corporation,Partai Solidaritas Indonesia,political-party,2025-02-07,45667314,False,
Cut Malika Marpaung,individual,Nasim Andriani,individual,2025-01-01,2049334259,False,
"Ibun Prasetyo, S.Pd",individual,"T. Jefri Prasetyo, S.Sos",individual,2024-10-07,1645502698,False,
Yance Anggriawan,individual,Aurora Mustofa,individual,2025-07-21,216152083,True,self_funded
UD Rajata Sihombing,corporation,Gatot Najmudin,individual,2024-08-05,19319835169,False,
Galiono Nasyiah,individual,Partai Persatuan,political-party,2025-11-28,72283508,False,
"Zulaikha Hutasoit, S.IP",individual,Partai Keadilan Indonesia,political-party,2025-07-28,15945455,True,smurfing
Perum Sihombing Tarihoran,corporation,Partai Nasional Demokrat,political-party,2025-11-04,714860052,False,
PT Handayani,organization,Partai Keadilan Indonesia,political-party,2025-08-15,641591046,True,proxy
Perum Januar,organization,Genta Safitri,individual,2025-06-27,1526309733,True,proxy
CV Suwarno Susanti Tbk,organization,Partai Persatuan,political-party,2024-07-05,17346515,False,
"Ir. Jasmani Riyanti, S.IP",individual,Partai Solidaritas Indonesia,political-party,2025-04-08,26026499,False,
"Maya Natsir, M.Kom.",individual,Partai Demokrat,political-party,2025-10-19,113618268,False,
Winda Mangunsong,individual,Hadi Wasita,individual,2025-01-08,1495729982,True,self_funded
"R. Gabriella Nashiruddin, S.Pt",individual,"Rahmi Rajata, S.IP",individual,2024-12-02,30035396,True,smurfing
CV Hassanah Nasyiah Tbk,organization,Partai Solidaritas Indonesia,political-party,2024-09-25,1383614779,True,over_limit
Tantri Utami,individual,Arta Uwais,individual,2025-03-31,347082670,False,
Perum Palastri Januar Tbk,corporation,Drs. Reksa Firmansyah,individual,2025-06-02,316013182,True,proxy
CV Tamba,corporation,Makara Damanik,individual,2025-02-01,14347038712,True,self_funded
Perum Mustofa Nashiruddin,corporation,"Cecep Hardiansyah, S.I.Kom",individual,2024-10-20,23312165409,True,self_funded
Perum Fujiati Melani Tbk,corporation,Lasmono Wahyuni,individual,2024-03-10,18961832601,False,
CV Uwais Permadi,corporation,Partai Demokrat,political-party,2025-06-10,338916810,False,
Hasta Maryadi,individual,Ajeng Dabukke,individual,2025-01-26,1178549145,True,self_funded
Perum Wibisono Wasita Tbk,organization,Partai Amanat Rakyat,political-party,2025-06-24,144739906,True,proxy
PT Tarihoran Usamah (Persero) Tbk,corporation,"Salwa Yuliarti, S.E.I",individual,2024-07-21,65579492,True,smurfing
Johan Pratama,individual,Dr. Hesti Lazuardi,individual,2024-12-25,100596540,False,
Perum Maulana Susanti (Persero) Tbk,corporation,Partai Harapan Bangsa,political-party,2025-07-29,621414880,False,
Ophelia Utama,individual,Partai Amanat Rakyat,political-party,2024-02-03,80836547,False,
Harsaya Hidayat,individual,Elvina Ramadan,individual,2025-01-01,1829329065,False,
Heryanto Mayasari,individual,"Ami Widodo, S.Sos",individual,2025-12-22,1299402547,True,self_funded
Anggabaya Prastuti,individual,Partai Harapan Bangsa,political-party,2024-07-05,127808868,False,
Viman Situmorang,individual,R. Daruna Wasita,individual,2025-01-24,444827569,False,
Jarwi Mahendra,individual,Partai Keadilan Indonesia,political-party,2025-07-29,34648905,True,smurfing
CV Mansur Farida (Persero) Tbk,corporation,drg. Vera Prastuti,individual,2024-05-25,460741588,False,
"Murti Halimah, S.Ked",individual,dr. Reksa Hutapea,individual,2025-12-17,515371897,True,self_funded
Galak Kurniawan,individual,Partai Keadilan Indonesia,political-party,2025-01-13,32851836,False,
Farhunnisa Wacana,individual,Partai Persatuan,political-party,2025-02-24,52536106,False,
PD Jailani Prayoga (Persero) Tbk,corporation,Tania Pradana,individual,2024-09-14,556825639,True,proxy
PT Usada,organization,Partai Harapan Bangsa,political-party,2024-11-25,1349544323,True,over_limit
PT Mandasari Tbk,organization,"Dr. Rachel Putra, S.I.Kom",individual,2024-04-22,227277275,True,proxy
UD Budiyanto,corporation,"Lurhur Wasita, M.Ak",individual,2025-03-21,17379810872,False,
Novi Pangestu,individual,"Hj. Mila Latupono, S.Pt",individual,2024-01-10,1956614136,False,
Kementerian Pendidikan Nasional,organization,"Dr. Tami Mandala, M.Kom.",individual,2024-12-14,2033966229,True,illegal_source
UD Pradipta Nugroho Tbk,corporation,R. Vanya Setiawan,individual,2025-04-29,14348510049,False,
Caturangga Pangestu,individual,"Titi Lestari, S.E.I",individual,2025-11-03,978888349,True,self_funded
PD Saptono Yuliarti (Persero) Tbk,corporation,Tgk. Rini Situmorang,individual,2025-11-01,5690150207,False,
CV Adriansyah Habibi (Persero) Tbk,corporation,Sutan Luwes Sihombing,individual,2025-02-20,3078629374,True,self_funded
"Adika Saefullah, S.Ked",individual,Partai Rakyat Sejahtera,political-party,2025-08-20,61912501,False,
UD Firmansyah,organization,R.A. Salimah Namaga,individual,2024-12-02,1126613469,True,proxy
Lintang Hariyah,individual,Dinda Firgantoro,individual,2024-10-05,2403976201,True,self_funded
"Zizi Pudjiastuti, M.Kom.",individual,Partai Keadilan Indonesia,political-party,2025-01-18,134297691,False,
CV Puspita Marbun Tbk,corporation,"drg. Jarwadi Hasanah, S.IP",individual,2024-04-03,24458987119,True,self_funded
BUMD Energi Nusantara,organization,"Cut Cindy Gunawan, M.Farm",individual,2024-07-24,1455706082,True,illegal_source
Farhunnisa Hardiansyah,individual,"Kartika Rahayu, M.M.",individual,2025-07-12,2108253743,True,self_funded
CV Permadi (Persero) Tbk,organization,Partai Persatuan,political-party,2024-10-08,245738196,False,
CV Damanik Irawan,corporation,Irfan Tamba,individual,2024-12-19,8343720394,True,self_funded
CV Laksita Sihotang,organization,Partai Rakyat Sejahtera,political-party,2025-04-19,944831827,True,proxy
PT Rajasa,corporation,"Daru Hasanah, S.Pd",individual,2024-07-24,17288993,True,smurfing
"Padma Pradipta, S.T.",individual,Partai Harapan Bangsa,political-party,2025-05-20,165376411,False,
"drg. Rika Latupono, S.Pd",individual,Partai Indonesia Maju,political-party,2024-07-11,68756536,False,
UD Mansur Tbk,corporation,Paiman Tamba,individual,2025-05-09,7062428799,True,self_funded
Oni Simanjuntak,individual,Partai Amanat Rakyat,political-party,2025-04-25,31852524,False,
UD Adriansyah,corporation,Partai Keadilan Indonesia,political-party,2025-11-27,797097314,True,proxy
dr. Lasmono Manullang,individual,"drg. Zahra Lailasari, S.Kom",individual,2024-12-03,528443342,True,self_funded
"Sakura Hutapea, S.Psi",individual,Partai Amanat Rakyat,political-party,2024-02-23,134984315,False,
Bakda Narpati,individual,Partai Keadilan Indonesia,political-party,2025-05-09,117116849,False,
Perum Maulana Wacana,corporation,"Najib Hidayanto, S.Sos",individual,2024-07-18,5913015738,False,
Ulya Uwais,individual,Partai Amanat Rakyat,political-party,2024-07-23,96748659,False,
UD Mandasari Wahyudin Tbk,organization,Partai Harapan Bangsa,political-party,2025-06-25,64343437,True,smurfing
CV Wasita,corporation,Dimas Haryanti,individual,2025-04-18,868632537,True,proxy
Perum Januar Hariyah,corporation,Sarah Riyanti,individual,2025-11-13,10063050698,False,
Xanana Suryatmi,individual,Karya Nurdiyanti,individual,2024-05-03,1477341716,False,
Wirda Haryanto,individual,Partai Kebangkitan Rakyat,political-party,2024-01-02,133998873,False,
UD Purwanti Gunawan (Persero) Tbk,corporation,"Gamblang Namaga, S.T.",individual,2025-12-22,10316712983,True,self_funded
PD Prasetyo (Persero) Tbk,corporation,H. Murti Tampubolon,individual,2024-09-27,13381905645,True,self_funded
"Sabrina Saputra, M.M.",individual,Dadi Wulandari,individual,2025-06-12,763335468,False,
CV Hasanah Hasanah Tbk,corporation,Melinda Wulandari,individual,2024-09-20,1707499534,False,
PD Permata Halimah (Persero) Tbk,corporation,Partai Solidaritas Indonesia,political-party,2024-10-29,15293615,False,
CV Santoso Manullang (Persero) Tbk,corporation,Partai Harapan Bangsa,political-party,2024-10-24,1297009809,True,over_limit
CV Setiawan Waluyo,corporation,Baktianto Palastri,individual,2024-08-29,2590131104,True,self_funded
PT Mansur Hariyah Tbk,corporation,"Dr. Ida Wijayanti, S.Psi",individual,2024-07-19,20761449956,True,self_funded
PT Mansur Maryati Tbk,organization,Partai Demokrat,political-party,2024-11-24,637125355,False,
Jindra Suwarno,individual,Partai Demokrat,political-party,2024-11-20,33637680,False,
CV Kurniawan,organization,Febi Januar,individual,2024-01-25,92437843,True,smurfing
Balidin Wasita,individual,Partai Nasional Demokrat,political-party,2025-11-26,39784827,False,
"drg. Asman Winarno, M.Farm",individual,Partai Rakyat Sejahtera,political-party,2025-06-28,160055328,False,
drg. Cinthia Budiyanto,individual,Partai Amanat Rakyat,political-party,2024-03-01,85201246,False,
UD Rahimah (Persero) Tbk,corporation,Partai Keadilan Indonesia,political-party,2025-12-18,265766589,False,
Perum Wastuti Tbk,corporation,Tina Napitupulu,individual,2024-02-29,37318862387,True,over_limit
UD Haryanti Megantara,organization,"Drs. Lili Prasasta, S.Kom",individual,2025-10-04,1281508626,True,proxy
PT Namaga,corporation,"KH. Martani Prasetyo, S.IP",individual,2024-07-04,2642671911,False,
UD Saputra,corporation,Partai Amanat Rakyat,political-party,2024-02-01,256446870,True,proxy
PD Kuswandari,corporation,Partai Solidaritas Indonesia,political-party,2024-08-31,1584128442,True,proxy
UD Pertiwi Palastri,corporation,"Ir. Elon Puspita, M.TI.",individual,2025-09-26,1731142621,True,proxy
Betania Lestari,individual,Partai Solidaritas Indonesia,political-party,2024-10-14,170915104,False,
drg. Among Wijaya,individual,"R. Qori Pranowo, S.E.",individual,2025-02-05,1219463522,True,self_funded
CV Kusumo Tbk,corporation,Partai Demokrat,political-party,2025-09-01,16133013,True,smurfing
PD Sitorus,corporation,Wirda Adriansyah,individual,2024-07-21,12886540573,False,
Lintang Hariyah,individual,Maryadi Hutasoit,individual,2025-01-14,695918523,False,
PT Anggriawan Mahendra (Persero) Tbk,corporation,drg. Bagiya Mardhiyah,individual,2024-05-20,1177869793,True,proxy
PT Yuliarti Maryadi (Persero) Tbk,corporation,Jarwi Nugroho,individual,2024-01-26,1192735971,True,proxy
UD Prastuti Kusumo,corporation,Partai Solidaritas Indonesia,political-party,2025-07-14,1742377606,True,proxy
PT Astuti Lailasari Tbk,corporation,"Ir. Faizah Pranowo, S.H.",individual,2025-08-11,9261714370,True,self_funded
Perum Kurniawan,corporation,Victoria Agustina,individual,2024-03-28,1465951147,True,proxy
Perum Palastri,corporation,Chandra Purnawati,individual,2025-05-17,11866163273,True,self_funded
Perum Zulkarnain (Persero) Tbk,corporation,Darimin Sirait,individual,2025-03-04,1468832224,True,proxy
Patricia Saputra,individual,Ira Pradana,individual,2025-08-16,1597801901,False,
dr. Cinthia Farida,individual,Partai Demokrat,political-party,2024-03-18,344310594,True,over_limit
Perum Nurdiyanti,organization,Partai Harapan Bangsa,political-party,2024-05-27,70338378,True,smurfing
UD Yuniar Napitupulu (Persero) Tbk,corporation,Partai Harapan Bangsa,political-party,2024-09-15,306233868,False,
Puspa Tampubolon,individual,"Hj. Ella Uwais, S.T.",individual,2025-02-03,1858033013,True,self_funded
CV Saefullah,corporation,Mursinin Maulana,individual,2025-01-20,82826922,True,smurfing
CV Novitasari Tbk,corporation,Partai Demokrat,political-party,2025-11-13,64337383,True,smurfing
UD Megantara Nashiruddin Tbk,corporation,Eman Yuliarti,individual,2025-06-07,17010212584,True,self_funded
Fitria Wacana,individual,R. Janet Wahyudin,individual,2025-03-23,913304957,True,self_funded
PT Situmorang,corporation,Partai Amanat Rakyat,political-party,2025-11-30,1116023402,True,proxy
CV Astuti Tbk,corporation,Partai Nasional Demokrat,political-party,2024-12-27,1146059503,True,over_limit
PT Melani Siregar Tbk,corporation,Partai Indonesia Maju,political-party,2024-01-19,188379500,True,proxy
PD Sihombing Tbk,corporation,Tiara Setiawan,individual,2024-01-20,17878747906,False,
Pemerintah Desa Cibeber,organization,Partai Persatuan,political-party,2024-11-26,212817372,True,illegal_source
PT Rahayu (Persero) Tbk,corporation,"Ir. Chelsea Novitasari, S.Pd",individual,2025-01-30,9332713006,False,
UD Uyainah,corporation,Zaenab Ramadan,individual,2025-04-14,22508957876,True,self_funded
PT Sudiati,corporation,Partai Keadilan Indonesia,political-party,2024-02-15,499698048,False,
Irma Yuniar,individual,Ana Maryati,individual,2025-04-12,1126495844,False,
PD Budiman,corporation,Partai Rakyat Sejahtera,political-party,2024-05-04,1189334995,True,proxy
PD Mansur (Persero) Tbk,organization,Darimin Nainggolan,individual,2025-03-17,1699015483,True,proxy
CV Prakasa Palastri Tbk,organization,Partai Harapan Bangsa,political-party,2025-09-30,840974557,True,proxy
PD Najmudin Tbk,corporation,Gawati Permata,individual,2024-04-09,16710348,True,smurfing
PT Simanjuntak Saputra (Persero) Tbk,organization,Partai Rakyat Sejahtera,political-party,2024-06-24,146514506,False,
Bambang Mustofa,individual,Partai Indonesia Maju,political-party,2025-12-18,72519941,True,smurfing
PD Palastri Nashiruddin,corporation,"Dt. Ismail Susanti, M.M.",individual,2025-04-06,1918479061,True,proxy
PT Wibowo,corporation,"Soleh Ramadan, M.Farm",individual,2025-12-16,19395146815,True,self_funded
PT Mustofa Lazuardi Tbk,corporation,"Harjaya Hutagalung, S.Sos",individual,2025-04-20,9796755193,False,
Perum Setiawan Saefullah,corporation,"Tgk. Amalia Kusumo, M.Ak",individual,2024-05-15,68162651,True,smurfing
Dimaz Maryadi,individual,Partai Demokrat,political-party,2024-04-08,107505786,False,
PD Melani,corporation,Tgk. Septi Laksita,individual,2024-11-28,13936886685,True,self_funded
UD Hariyah,corporation,"Restu Zulkarnain, S.Sos",individual,2025-06-05,675072705,False,
Yahya Pratiwi,individual,Putu Nainggolan,individual,2025-07-29,63548065,True,smurfing
Perum Riyanti Hasanah,corporation,"Pangestu Usada, M.Farm",individual,2024-12-03,83572477,True,smurfing
Jarwi Nasyiah,individual,Partai Kebangkitan Rakyat,political-party,2025-04-01,138560268,False,
PD Lazuardi Tbk,corporation,Aisyah Susanti,individual,2024-05-07,7021556135,True,self_funded
"H. Saiful Mandasari, S.Sos",individual,Hj. Kiandra Tamba,individual,2025-06-30,2232908064,False,
UD Hutagalung Sitorus Tbk,corporation,Partai Rakyat Sejahtera,political-party,2025-04-28,234615675,False,
PT Winarsih,organization,Partai Rakyat Sejahtera,political-party,2024-07-05,31766582,True,smurfing
CV Yuliarti Tbk,corporation,Partai Kebangkitan Rakyat,political-party,2025-09-07,619288193,False,
"R. Putri Yulianti, S.Pd",individual,Partai Rakyat Sejahtera,political-party,2025-10-23,171559702,False,
"Dt. Digdaya Hassanah, M.Pd",individual,Partai Nasional Demokrat,political-party,2024-05-10,27374205,False,
"Bagus Widodo, M.Ak",individual,"Ir. Dono Mahendra, S.Farm",individual,2024-03-05,1679095909,False,
"drg. Vicky Farida, M.Pd",individual,Wage Dongoran,individual,2024-10-16,1482620871,True,self_funded
UD Sirait (Persero) Tbk,organization,Dr. Winda Siregar,individual,2025-11-25,80409605,True,smurfing
CV Rajata Tbk,corporation,Partai Kebangkitan Rakyat,political-party,2024-08-20,273821140,False,
Mumpuni Ramadan,individual,Tgk. Lala Narpati,individual,2024-08-25,967394139,False,
drg. Tirtayasa Santoso,individual,Cornelia Mahendra,individual,2025-08-22,1601159930,False,
Daru Winarno,individual,"Eva Prabowo, S.Pt",individual,2024-11-18,3222672211,True,over_limit
PD Hariyah Tbk,organization,Vicky Samosir,individual,2025-01-13,3756192,True,smurfing
UD Nurdiyanti Tbk,organization,"Elvina Permata, S.Kom",individual,2025-11-04,20576011313,False,
Dadap Wasita,individual,Wardi Winarsih,individual,2025-07-29,1929373417,True,self_funded
Syahrini Maryati,individual,Partai Indonesia Maju,political-party,2024-01-19,2186546,False,
"R.M. Sabar Setiawan, S.I.Kom",individual,Tgk. Almira Mardhiyah,individual,2024-09-28,715671876,False,
UD Mardhiyah (Persero) Tbk,corporation,"Drs. Yono Saragih, S.E.I",individual,2024-01-15,9259933294,True,self_funded
Perum Nurdiyanti Firgantoro Tbk,organization,"Hj. Uli Astuti, S.Ked",individual,2024-06-16,246396689,True,proxy
Dr. Hasna Mahendra,individual,"Cinthia Yulianti, M.M.",individual,2025-07-31,960491798,False,
Akarsana Habibi,individual,Zulfa Widiastuti,individual,2024-10-30,876952452,False,
PD Prayoga,organization,Partai Nasional Demokrat,political-party,2024-06-22,705059755,True,proxy
"Raisa Habibi, M.TI.",individual,Cinthia Prastuti,individual,2025-05-18,1690797331,True,self_funded
Cut Suci Dabukke,individual,Partai Keadilan Indonesia,political-party,2025-12-14,67114994,False,
"drg. Zaenab Fujiati, S.T.",individual,R. Tomi Hutasoit,individual,2024-01-30,1557093307,False,
UD Pratiwi,organization,Rahmi Damanik,individual,2024-08-27,18308826078,False,
UD Wahyuni,corporation,Zizi Wijayanti,individual,2024-12-13,14710992174,True,self_funded
Kawaca Santoso,individual,Partai Amanat Rakyat,political-party,2024-03-25,60462346,True,smurfing
PT Wijayanti,corporation,Partai Nasional Demokrat,political-party,2024-04-23,533087256,False,
PT Prasetyo,organization,Partai Persatuan,political-party,2025-03-15,1225369893,True,proxy
"Lidya Lailasari, S.E.",individual,"dr. Ciaobella Sihombing, S.Ked",individual,2025-06-17,784915026,False,
PT Andriani Mandala Tbk,corporation,dr. Among Hassanah,individual,2024-01-09,24079777020,True,self_funded
Setya Riyanti,individual,Partai Rakyat Sejahtera,political-party,2024-01-16,5590553,False,
"Galak Saptono, S.E.",individual,"Saka Anggraini, M.M.",individual,2025-05-22,1958323575,False,
PT Samosir Nashiruddin Tbk,corporation,Tgk. Naradi Lailasari,individual,2025-09-09,15727839635,False,
Ir. Rizki Laksita,individual,Bajragin Nugroho,individual,2024-01-09,1609408822,True,self_funded
Asirwanda Winarsih,individual,Sutan Makuta Pradipta,individual,2024-02-10,65292750,True,smurfing
Perum Handayani (Persero) Tbk,organization,Partai Rakyat Sejahtera,political-party,2024-04-11,47592159,True,smurfing
PT Astuti Yolanda (Persero) Tbk,corporation,Partai Indonesia Maju,political-party,2025-04-16,10329121,True,smurfing
CV Yulianti Lestari (Persero) Tbk,corporation,dr. Makara Yulianti,individual,2024-05-05,14760953415,False,
PT Prakasa Tbk,organization,Partai Harapan Bangsa,political-party,2025-03-11,68748469,True,proxy
R. Farhunnisa Wacana,individual,Dipa Zulkarnain,individual,2025-02-01,415595671,False,
CV Hassanah Latupono Tbk,organization,"Kayun Permadi, S.H.",individual,2024-06-13,36969300,True,smurfing
"Sutan Cager Aryani, S.Psi",individual,Partai Harapan Bangsa,political-party,2024-12-17,74077399,False,
Alambana Pangestu,individual,Partai Kebangkitan Rakyat,political-party,2025-12-03,115997525,False,
Cut Samiah Saputra,individual,"KH. Baktianto Laksita, S.E.I",individual,2025-02-20,225841280,True,self_funded
PT Sirait Firgantoro (Persero) Tbk,corporation,"Hilda Handayani, S.T.",individual,2025-12-11,22264035714,True,self_funded
CV Hassanah Pradipta Tbk,organization,Partai Keadilan Indonesia,political-party,2024-10-13,20072796,True,smurfing
"Hendri Nasyidah, S.Ked",individual,Drs. Farah Mayasari,individual,2025-07-25,1500910621,False,
"T. Dadap Winarsih, S.T.",individual,"Zamira Simanjuntak, M.M.",individual,2025-01-08,555002680,False,
Hafshah Waluyo,individual,Partai Solidaritas Indonesia,political-party,2025-03-21,108221187,False,
Zelda Yolanda,individual,Partai Solidaritas Indonesia,political-party,2025-05-07,79930242,False,
Drs. Talia Marbun,individual,Umi Prastuti,individual,2024-05-18,856889321,False,
UD Wahyudin,corporation,Partai Keadilan Indonesia,political-party,2024-01-30,1463433597,True,proxy
drg. Dacin Hassanah,individual,Partai Solidaritas Indonesia,political-party,2024-04-21,35452094,False,
Tugiman Pertiwi,individual,Belinda Mustofa,individual,2024-07-16,103986590,False,
Jaga Nasyiah,individual,Partai Indonesia Maju,political-party,2024-04-29,176572281,False,
CV Damanik (Persero) Tbk,organization,drg. Murti Winarsih,individual,2024-03-08,18985685,True,smurfing
Adikara Sirait,individual,Nabila Suartini,individual,2024-08-31,1566716205,True,self_funded
PT Hutasoit Lestari,corporation,Ifa Utama,individual,2024-07-29,16585348904,False,
Perum Utama Prastuti,organization,Suci Purnawati,individual,2024-07-11,528791772,True,proxy
PD Sitorus,organization,Partai Amanat Rakyat,political-party,2024-07-20,83066965,True,smurfing
Perum Siregar (Persero) Tbk,corporation,Partai Demokrat,political-party,2024-08-19,313319388,True,proxy
Perum Waskita Hidayat (Persero) Tbk,corporation,Partai Amanat Rakyat,political-party,2024-03-04,522727417,False,
PT Kereta Api Indonesia (Persero),corporation,Partai Solidaritas Indonesia,political-party,2025-01-31,323216877,True,illegal_source
Dadi Pangestu,individual,Partai Amanat Rakyat,political-party,2025-06-15,173152032,False,
Ibrahim Putra,individual,Partai Nasional Demokrat,political-party,2025-06-19,45082922,False,
Aurora Wacana,individual,Partai Amanat Rakyat,political-party,2025-01-03,139090180,False,
Indah Sitompul,individual,Partai Demokrat,political-party,2025-02-02,97171163,False,
PT Tampubolon Hariyah Tbk,organization,"Hj. Tiara Widodo, S.Ked",individual,2025-12-30,1260429911,True,proxy
PD Winarno Tbk,organization,"Lidya Wastuti, S.Pt",individual,2024-05-22,15348710209,False,
UD Waskita Tbk,organization,Partai Nasional Demokrat,political-party,2024-02-05,1903547,True,smurfing
Silvia Simanjuntak,individual,Partai Persatuan,political-party,2024-08-05,158965919,False,
Mutia Laksmiwati,individual,Partai Indonesia Maju,political-party,2024-10-21,120432799,False,
"Laras Pangestu, S.Sos",individual,Partai Demokrat,political-party,2025-11-23,59762444,True,smurfing
Salimah Suryatmi,individual,"Drs. Garda Nurdiyanti, M.M.",individual,2024-02-13,1029928959,False,
CV Yulianti Pranowo (Persero) Tbk,corporation,Partai Indonesia Maju,political-party,2025-04-28,111538845,False,
PT Prakasa Tbk,organization,Partai Keadilan Indonesia,political-party,2024-02-26,414879244,True,proxy
Jatmiko Wibowo,individual,"Kezia Astuti, M.Farm",individual,2025-05-30,1710486353,True,self_funded
PT Kereta Api Indonesia (Persero),corporation,Tgk. Bagas Novitasari,individual,2025-02-26,21392357462,True,illegal_source
Rama Damanik,individual,"Dt. Cawisono Mandasari, M.TI.",individual,2024-11-25,260317151,False,
Perum Mandasari (Persero) Tbk,corporation,Partai Rakyat Sejahtera,political-party,2024-05-20,1330178774,True,proxy
CV Dongoran,corporation,Irsad Winarno,individual,2024-04-24,1207183483,True,proxy
PT Saefullah Maryadi,corporation,Simon Mustofa,individual,2024-04-11,14755839634,True,self_funded
Drs. Hari Aryani,individual,Hendri Mardhiyah,individual,2024-01-23,1336326565,False,
"Uchita Saputra, S.Gz",individual,"drg. Hairyanto Zulkarnain, S.Gz",individual,2024-04-25,438320919,False,
PT Pertiwi Tarihoran,corporation,Hasan Palastri,individual,2025-03-29,6336383659,True,self_funded
"Cecep Nashiruddin, S.Psi",individual,"Drs. Daniswara Jailani, S.Gz",individual,2024-06-30,1372153483,False,
Anom Natsir,individual,Partai Persatuan,political-party,2024-03-09,131004317,False,
UD Purwanti Puspita,organization,Partai Harapan Bangsa,political-party,2025-01-10,65543503,True,smurfing
"Cakrabuana Dabukke, S.Kom",individual,Partai Keadilan Indonesia,political-party,2025-10-03,160583620,False,
CV Irawan Tbk,corporation,"Taufan Wahyuni, S.I.Kom",individual,2024-01-12,1405914617,True,proxy
Perum Habibi (Persero) Tbk,organization,Yance Yuliarti,individual,2024-12-16,19440678,True,smurfing
Perum Handayani (Persero) Tbk,corporation,"Danang Padmasari, M.Kom.",individual,2024-03-11,15980085,True,smurfing
"dr. Dewi Gunarto, M.M.",individual,Partai Nasional Demokrat,political-party,2024-02-09,81072164,True,smurfing
CV Habibi Natsir Tbk,corporation,Partai Kebangkitan Rakyat,political-party,2024-02-11,531785750,False,
Cinta Gunawan,individual,Hj. Latika Usamah,individual,2025-02-11,2005808813,True,self_funded
CV Najmudin,organization,Partai Harapan Bangsa,political-party,2025-10-30,62231165,True,proxy
Kawaya Oktaviani,individual,Partai Nasional Demokrat,political-party,2025-11-17,96023187,False,
Perum Winarsih Kuswandari (Persero) Tbk,corporation,Partai Rakyat Sejahtera,political-party,2024-07-26,1223315066,True,proxy
PT Manullang,corporation,"drg. Bagas Najmudin, M.Pd",individual,2024-09-11,214106518,True,proxy
Padma Laksita,individual,Jasmin Zulaika,individual,2025-02-24,2173029108,False,
Titi Puspasari,individual,Kiandra Rajasa,individual,2024-03-14,1038843962,False,
"Kamaria Saragih, S.H.",individual,Harto Uyainah,individual,2024-06-29,1196655710,False,
Perum Winarsih Tbk,corporation,Partai Nasional Demokrat,political-party,2025-07-03,537224557,False,
PT Mayasari Tbk,corporation,Tedi Tarihoran,individual,2024-10-10,3398874491,False,
Dartono Rahayu,individual,Cawisadi Maheswara,individual,2024-07-12,861046349,False,
Carla Kusumo,individual,Timbul Samosir,individual,2025-02-04,489483763,False,
PD Damanik,corporation,Queen Situmorang,individual,2024-10-06,995391603,True,proxy
Perum Winarno,corporation,Maria Sihotang,individual,2025-09-06,53441396,True,smurfing
Perum Santoso,corporation,Partai Demokrat,political-party,2025-03-04,741796681,True,proxy
"Vanesa Sihombing, M.TI.",individual,Partai Harapan Bangsa,political-party,2025-03-06,35442984,False,
UD Hutasoit,corporation,Ikin Sudiati,individual,2025-01-01,51332990,True,smurfing
Qori Tarihoran,individual,Partai Amanat Rakyat,political-party,2025-09-11,158799009,False,
PT Kurniawan Tbk,organization,Partai Demokrat,political-party,2024-09-25,1308053790,True,over_limit
PD Saragih Manullang,corporation,Gangsar Hasanah,individual,2024-01-14,11242330533,True,self_funded
"R.M. Bambang Utama, M.Farm",individual,Partai Demokrat,political-party,2025-04-03,63024403,False,
Endra Hidayanto,individual,Hari Siregar,individual,2025-12-03,1836170772,False,
CV Pratiwi Usada,corporation,Partai Demokrat,political-party,2024-02-04,114279384,False,
CV Maulana Yuliarti (Persero) Tbk,corporation,Partai Persatuan,political-party,2025-11-05,1877356583,True,proxy
R. Titi Anggriawan,individual,Cut Puput Sitorus,individual,2025-12-01,1930479687,True,self_funded
"Sutan Nasim Halimah, S.Gz",individual,Kenari Padmasari,individual,2024-08-30,561278663,False,
"Tgk. Paris Permata, S.Pd",individual,Partai Harapan Bangsa,political-party,2024-01-16,103204592,False,
UD Hutagalung,organization,Julia Suryatmi,individual,2025-09-06,1398053736,True,proxy
Mulya Yuliarti,individual,Karen Zulaika,individual,2024-12-10,1711475673,False,
PD Firmansyah,organization,Indah Rahmawati,individual,2024-10-25,362601407,True,proxy
Pemerintah Desa Cibeber,organization,Partai Demokrat,political-party,2025-07-12,187834799,True,illegal_source
"R. Timbul Firgantoro, S.E.",individual,"Lanang Laksmiwati, M.Kom.",individual,2024-04-02,2384010238,True,self_funded
Perum Anggraini,corporation,"Hasna Nurdiyanti, S.E.",individual,2024-06-05,4348793047,True,self_funded
UD Kuswoyo Suartini Tbk,organization,Partai Indonesia Maju,political-party,2024-09-10,2757566,False,
CV Ardianto (Persero) Tbk,corporation,"R. Yuni Dabukke, S.IP",individual,2024-12-15,13584592529,False,
CV Siregar Wibisono (Persero) Tbk,corporation,Partai Amanat Rakyat,political-party,2025-03-22,754669659,True,proxy
Lili Laksmiwati,individual,"Raina Handayani, S.E.",individual,2024-07-07,54765779,True,smurfing
CV Prasetyo (Persero) Tbk,organization,Partai Persatuan,political-party,2024-08-04,1335206035,True,proxy
"Maimunah Puspasari, S.Farm",individual,Dt. Balidin Hutagalung,individual,2025-11-16,4780496447,True,over_limit
PD Budiman,organization,Laras Prasetya,individual,2025-07-30,96013825,True,smurfing
UD Hasanah Suwarno Tbk,organization,Partai Persatuan,political-party,2025-06-25,1167274455,True,over_limit
CV Damanik Mahendra,corporation,"Gilda Wijayanti, S.T.",individual,2025-07-31,46433092,True,smurfing
UD Astuti (Persero) Tbk,corporation,Nasab Anggriawan,individual,2024-05-10,11551423627,True,self_funded
UD Maryati Nurdiyanti,corporation,"Tira Safitri, S.IP",individual,2024-12-02,76686548,True,smurfing
CV Saefullah Tbk,organization,"Dt. Gamani Haryanti, S.T.",individual,2025-08-19,271521163,True,proxy
Rini Laksita,individual,Partai Keadilan Indonesia,political-party,2024-12-16,89647889,False,
Perum Dabukke Marpaung (Persero) Tbk,organization,Rina Novitasari,individual,2024-06-03,144351831,True,proxy
Ellis Utami,individual,"Baktiono Wahyudin, S.E.",individual,2024-08-17,138227602,True,self_funded
Dirja Prakasa,individual,"Galang Rahayu, S.Pt",individual,2025-12-08,16933833,True,smurfing
Rahmat Prayoga,individual,Hairyanto Waskita,individual,2025-01-24,2059443592,False,
Ilsa Setiawan,individual,"dr. Malika Hariyah, S.Farm",individual,2024-05-14,2103038706,False,
PD Widodo (Persero) Tbk,corporation,Partai Nasional Demokrat,political-party,2024-12-23,52214625,True,proxy
UD Riyanti Tarihoran,organization,Partai Nasional Demokrat,political-party,2024-10-30,77888295,False,
UD Jailani (Persero) Tbk,organization,Partai Amanat Rakyat,political-party,2024-04-30,962638937,True,over_limit
CV Yulianti,corporation,Partai Kebangkitan Rakyat,political-party,2024-04-11,86738184,True,smurfing
Wirda Kurniawan,individual,Partai Demokrat,political-party,2024-07-12,278348090,True,over_limit
PT Siregar,organization,Tirta Waluyo,individual,2024-05-04,81712731,True,smurfing
Farah Susanti,individual,Yani Siregar,individual,2025-09-05,1299383902,False,
UD Sinaga,organization,Partai Indonesia Maju,political-party,2024-05-07,133715962,False,
UD Novitasari Tbk,corporation,"Nilam Kusmawati, S.T.",individual,2025-03-27,12129152,True,smurfing
"Ir. Cakrabirawa Usada, M.M.",individual,Endah Anggraini,individual,2025-08-22,1623868127,True,self_funded
PD Permadi Puspasari,corporation,Vicky Suryono,individual,2024-10-22,67353250,True,smurfing
Emil Yuliarti,individual,Partai Demokrat,political-party,2024-06-25,140888911,False,
Dt. Rusman Saputra,individual,Partai Keadilan Indonesia,political-party,2024-09-24,17743132,False,
"Tgk. Dimaz Waluyo, M.TI.",individual,Partai Amanat Rakyat,political-party,2025-01-14,80433540,False,
UD Wibowo Putra Tbk,organization,Partai Amanat Rakyat,political-party,2024-04-08,46758612,False,
UD Suartini,organization,Zelaya Haryanto,individual,2025-11-30,87868940,True,smurfing
Perum Sihombing Sirait,corporation,Partai Keadilan Indonesia,political-party,2025-04-27,180955136,False,
R.M. Timbul Usada,individual,"dr. Reksa Hasanah, S.IP",individual,2024-05-15,1535205045,False,
PT Mansur Tbk,organization,Tirtayasa Kurniawan,individual,2025-07-30,45513331494,True,over_limit
H. Garan Irawan,individual,Partai Demokrat,political-party,2025-02-13,136554414,False,
Perum Fujiati Simbolon,corporation,Bakti Pradipta,individual,2025-02-19,14686604401,True,self_funded
PT Hassanah Yuniar Tbk,corporation,Partai Amanat Rakyat,political-party,2024-10-22,475485938,False,
PT Pertamina (Persero),corporation,Melinda Suartini,individual,2025-07-11,29944723339,True,illegal_source
PT Kereta Api Indonesia (Persero),corporation,Partai Amanat Rakyat,political-party,2024-04-17,304910156,True,illegal_source
UD Nugroho Puspasari (Persero) Tbk,corporation,dr. Harjaya Suryono,individual,2025-10-18,1357047947,True,proxy
Malika Suwarno,individual,Partai Nasional Demokrat,political-party,2025-04-01,146487694,False,
PD Laksita (Persero) Tbk,corporation,Lasmono Sudiati,individual,2025-09-12,35093762331,True,over_limit
UD Usamah Tampubolon (Persero) Tbk,corporation,Zalindra Suryono,individual,2025-08-14,17747833716,True,self_funded
CV Latupono Siregar (Persero) Tbk,organization,Partai Keadilan Indonesia,political-party,2025-12-03,283209677,True,proxy
UD Andriani Utama (Persero) Tbk,corporation,"Titin Dongoran, M.Pd",individual,2024-07-11,11397696556,False,
Ir. Ani Zulaika,individual,Partai Harapan Bangsa,political-party,2024-06-26,73265132,False,
"Dr. Bahuraksa Rahmawati, S.Pt",individual,Partai Persatuan,political-party,2025-10-17,65640682,False,
PD Permata (Persero) Tbk,corporation,Nalar Ardianto,individual,2025-06-20,20290544694,False,
PT Puspita Prakasa (Persero) Tbk,organization,Karta Kuswoyo,individual,2025-04-25,94044329,True,smurfing
"R.A. Eka Permata, M.TI.",individual,Kiandra Pudjiastuti,individual,2024-03-07,533791598,False,
Kawaya Anggraini,individual,drg. Artanto Adriansyah,individual,2025-09-23,60461279,True,smurfing
UD Halimah Nugroho,corporation,R.M. Vega Purwanti,individual,2025-04-19,19773208326,True,self_funded
"KH. Estiono Hakim, M.Kom.",individual,Partai Nasional Demokrat,political-party,2025-02-15,14632881,True,smurfing
Perum Hutapea Haryanti Tbk,corporation,Partai Nasional Demokrat,political-party,2024-06-07,416628150,False,
PT Prasasta Irawan,organization,Calista Hasanah,individual,2025-04-20,34836546,True,smurfing
Perum Prasasta (Persero) Tbk,organization,"Cut Maya Laksmiwati, S.T.",individual,2024-09-11,1096203044,True,proxy
CV Wibowo Budiyanto (Persero) Tbk,corporation,Kamila Nasyiah,individual,2024-04-13,1874759951,False,
Olivia Laksita,individual,Partai Kebangkitan Rakyat,political-party,2025-08-22,51813059,False,
Oman Pertiwi,individual,Partai Amanat Rakyat,political-party,2024-09-23,2053552,False,
PD Waluyo,organization,Partai Demokrat,political-party,2025-07-06,339568362,False,
PD Yuliarti Prasetya Tbk,organization,Partai Demokrat,political-party,2025-10-01,304823837,False,
UD Pangestu Saefullah,corporation,Partai Keadilan Indonesia,political-party,2025-09-25,240449045,False,
PD Rahmawati Hutapea (Persero) Tbk,organization,Eli Aryani,individual,2024-07-15,45806129,True,smurfing
UD Putra Hariyah (Persero) Tbk,organization,Anastasia Prasasta,individual,2024-04-23,229279249,True,proxy
PD Prakasa Tbk,corporation,Ajeng Gunarto,individual,2025-07-13,5193922068,False,
"Maman Mandasari, S.T.",individual,Tgk. Mahfud Safitri,individual,2025-10-22,804834716,True,self_funded
Estiawan Saputra,individual,Edi Wijaya,individual,2024-01-11,585767225,False,
Cinta Putra,individual,Partai Amanat Rakyat,political-party,2024-03-11,68612089,False,
"Halima Tampubolon, M.Farm",individual,Cici Narpati,individual,2025-07-26,1559961757,False,
R. Wani Irawan,individual,Partai Indonesia Maju,political-party,2024-10-26,174962686,False,
Perum Palastri,corporation,Partai Indonesia Maju,political-party,2024-07-03,150009600,False,
Perum Marbun (Persero) Tbk,corporation,Partai Persatuan,political-party,2025-12-03,143965598,False,
Latif Suryatmi,individual,Partai Rakyat Sejahtera,political-party,2025-11-01,11920812,False,
UD Yolanda Dabukke (Persero) Tbk,corporation,Partai Keadilan Indonesia,political-party,2024-09-19,1306586310,True,proxy
Perum Najmudin Tbk,organization,Partai Kebangkitan Rakyat,political-party,2025-05-23,156189,True,smurfing
"Hadi Haryanto, S.IP",individual,Partai Keadilan Indonesia,political-party,2025-09-24,120166156,False,
PD Mansur Safitri,corporation,"Caturangga Riyanti, S.Pd",individual,2025-10-21,3980713914,False,
PT Pertamina (Persero),corporation,Kunthara Namaga,individual,2024-08-13,27807847640,True,illegal_source
Perum Hastuti Maryati Tbk,corporation,Silvia Pranowo,individual,2025-06-22,1104159851,True,proxy
Perum Mansur Handayani,corporation,Partai Keadilan Indonesia,political-party,2025-08-28,269019478,False,
"Reksa Kuswandari, S.Farm",individual,Partai Kebangkitan Rakyat,political-party,2025-09-15,171735766,False,
"Drs. Bahuwarna Waskita, M.Ak",individual,Dina Maulana,individual,2024-04-11,1676785777,False,
Vanya Usada,individual,Partai Rakyat Sejahtera,political-party,2025-03-22,60103841,False,
UD Irawan (Persero) Tbk,organization,Partai Demokrat,political-party,2024-03-25,57894289,True,smurfing
"Wadi Lailasari, S.Pt",individual,Partai Persatuan,political-party,2025-04-16,22159370,False,
PT Haryanti,corporation,Belinda Sihotang,individual,2024-02-02,20744386194,False,
Perum Irawan,corporation,Partai Harapan Bangsa,political-party,2024-02-19,1621917606,True,proxy
PT Hardiansyah (Persero) Tbk,corporation,"Tgk. Kayla Nashiruddin, M.Kom.",individual,2024-12-26,839623972,True,proxy
PT Hassanah Mandala,organization,"Latika Zulkarnain, S.E.I",individual,2025-04-08,1903400194,True,proxy
PT Pradana,corporation,Partai Indonesia Maju,political-party,2024-01-30,1913368311,True,proxy
PD Budiyanto Firmansyah,organization,Emas Waskita,individual,2024-11-18,956449745,True,proxy
PT Pertamina (Persero),corporation,Zizi Manullang,individual,2025-07-06,18282163735,True,illegal_source
PD Maheswara (Persero) Tbk,organization,Partai Harapan Bangsa,political-party,2024-06-18,649671533,True,proxy
PD Rahmawati Tbk,corporation,Partai Persatuan,political-party,2025-10-13,715826201,False,
Paulin Zulaika,individual,"Galih Safitri, M.Farm",individual,2024-03-24,1911581440,False,
PT Putra Andriani Tbk,corporation,Partai Nasional Demokrat,political-party,2025-12-03,1502516101,True,over_limit
PT Zulaika Tbk,organization,Kasiran Sirait,individual,2025-07-15,1459698091,True,proxy
PT Wasita Usada (Persero) Tbk,organization,Embuh Puspasari,individual,2025-03-31,62328615,True,smurfing
R. Hana Narpati,individual,drg. Wadi Sirait,individual,2025-11-12,72690114,True,smurfing
PD Manullang,corporation,Jayeng Sihombing,individual,2024-05-01,18791029913,True,self_funded
UD Kurniawan,organization,"Dt. Edi Januar, S.H.",individual,2024-11-05,22160536116,False,
"Sakura Megantara, M.Pd",individual,Partai Keadilan Indonesia,political-party,2024-08-18,117190226,False,
Rina Hidayat,individual,Partai Persatuan,political-party,2024-09-12,91082621,False,
Mursita Lestari,individual,Partai Kebangkitan Rakyat,political-party,2025-06-06,79292490,True,smurfing
Perum Sinaga Budiyanto,corporation,Eman Habibi,individual,2024-04-08,31648182583,True,over_limit
Ir. Yosef Hassanah,individual,Partai Amanat Rakyat,political-party,2025-02-26,28701133,False,
"R.A. Ani Hastuti, S.Ked",individual,Partai Kebangkitan Rakyat,political-party,2024-12-23,160505561,False,
PD Hutapea Tbk,corporation,Zaenab Utami,individual,2025-09-20,16751809751,False,
"Ani Mayasari, S.Farm",individual,"KH. Gilang Suwarno, S.E.",individual,2024-08-08,2172134053,True,self_funded
Chandra Mardhiyah,individual,Radika Nainggolan,individual,2025-09-09,52906792,True,smurfing
UD Maulana Firmansyah,corporation,Sari Sitorus,individual,2025-10-15,977367958,False,
Perum Situmorang,corporation,Bakti Gunarto,individual,2024-01-15,7157906920,False,
Dt. Lasmanto Hidayat,individual,Laswi Suwarno,individual,2024-06-25,2778467337,True,over_limit
Drs. Novi Gunarto,individual,R. Azalea Wastuti,individual,2025-07-09,2211146476,True,self_funded
Yessi Utami,individual,Partai Nasional Demokrat,political-party,2024-03-08,143901784,False,
CV Halimah Winarsih Tbk,corporation,Partai Demokrat,political-party,2025-10-07,1977217241,True,proxy
Perum Andriani Tbk,organization,Usyi Mandasari,individual,2025-11-27,9362453787,False,
PD Pranowo Haryanti,corporation,Partai Nasional Demokrat,political-party,2025-03-30,186037719,False,
UD Sitompul Sihombing,organization,Partai Demokrat,political-party,2025-05-28,265982973,False,
UD Natsir Setiawan Tbk,corporation,Salsabila Tarihoran,individual,2024-07-22,19435119207,True,self_funded
Ibun Wibowo,individual,"Kawaya Hutapea, M.M.",individual,2025-05-22,1642438623,False,
"Nadine Saptono, S.Pt",individual,Cut Sabrina Wasita,individual,2024-11-08,491098933,False,
KH. Jagaraga Rajata,individual,Zulfa Zulaika,individual,2025-05-20,1349147830,True,self_funded
PT Samosir Utama,corporation,"Dt. Uda Tamba, S.Kom",individual,2025-06-13,48346656655,True,over_limit
PD Samosir,organization,Halim Mardhiyah,individual,2025-12-17,8682909,True,smurfing
PT Pranowo Susanti Tbk,organization,Partai Keadilan Indonesia,political-party,2024-11-17,90773531,True,smurfing
UD Agustina (Persero) Tbk,organization,Partai Indonesia Maju,political-party,2024-09-01,1002437364,True,proxy
PT Sinaga,corporation,Mujur Haryanto,individual,2024-04-14,3271390107,False,
Perum Zulkarnain Pangestu,corporation,Jumari Hakim,individual,2024-04-29,20731319981,False,
Edi Handayani,individual,Bala Hasanah,individual,2024-09-10,1366152992,False,
Perum Mansur Halim Tbk,corporation,Partai Indonesia Maju,political-party,2025-09-04,484906341,False,
Perum Novitasari,organization,Damar Nainggolan,individual,2025-11-16,10403269981,False,
Dr. Maryanto Prastuti,individual,Padmi Nashiruddin,individual,2025-05-13,807686497,True,self_funded
PD Lailasari,corporation,Cengkir Lazuardi,individual,2024-01-20,1663441373,True,self_funded
Gina Kusmawati,individual,"Olga Budiyanto, S.Ked",individual,2025-02-27,860661452,False,
CV Suryatmi Wibowo Tbk,organization,Cut Zelda Mustofa,individual,2025-01-10,38844243,True,smurfing
Leo Pradipta,individual,Wahyu Hassanah,individual,2025-10-16,617155651,False,
Paris Mardhiyah,individual,Yance Marbun,individual,2024-07-18,4203281524,True,over_limit
PT Widiastuti (Persero) Tbk,corporation,Partai Rakyat Sejahtera,political-party,2025-03-28,553350741,False,
PT Maulana Prasetyo Tbk,corporation,Zamira Mustofa,individual,2024-05-22,7120884806,True,self_funded
Perum Manullang,organization,Hasim Nababan,individual,2025-10-24,9969785229,False,
PT Hutagalung (Persero) Tbk,organization,KH. Balidin Nasyidah,individual,2024-05-02,1147131967,True,proxy
Imam Purwanti,individual,Lala Samosir,individual,2024-08-28,1940002491,True,self_funded
PD Firgantoro Januar,corporation,Partai Amanat Rakyat,political-party,2025-06-06,168923590,False,
Lanjar Simanjuntak,individual,"Drs. Anita Anggriawan, S.Ked",individual,2025-09-09,1426978241,False,
Vanesa Maheswara,individual,Partai Nasional Demokrat,political-party,2024-08-07,57034966,False,
"Rahmat Rahayu, S.H.",individual,Partai Keadilan Indonesia,political-party,2025-10-09,125997305,False,
Dalima Maryati,individual,Galak Wijaya,individual,2025-02-22,2053753022,True,self_funded
Violet Pudjiastuti,individual,Partai Persatuan,political-party,2025-01-04,55283974,False,
Perum Waluyo (Persero) Tbk,organization,Bakda Hutasoit,individual,2025-09-10,1680004096,True,proxy
Perum Prayoga Oktaviani,corporation,"Eka Anggraini, M.Farm",individual,2025-07-05,293844855,True,proxy
Hamima Mansur,individual,"drg. Malik Mandala, M.Farm",individual,2024-07-16,1870049474,False,
Balangga Kusumo,individual,"Dr. Eluh Winarsih, S.Ked",individual,2024-11-07,2134463752,False,
Mila Budiman,individual,"Tgk. Cinta Pradipta, S.Ked",individual,2025-04-14,1238692745,True,self_funded
PD Mulyani Nainggolan (Persero) Tbk,corporation,Kardi Yulianti,individual,2025-07-29,8010982012,False,
CV Manullang Damanik,corporation,Partai Rakyat Sejahtera,political-party,2025-08-15,129440873,False,
PD Uyainah Tbk,corporation,Lalita Saragih,individual,2025-08-25,8765497023,True,self_funded
CV Nababan Prayoga (Persero) Tbk,corporation,Partai Nasional Demokrat,political-party,2025-10-11,842242993,True,proxy
Puti Queen Firmansyah,individual,Icha Safitri,individual,2025-10-19,1921604483,True,self_funded
PT Maheswara Salahudin,corporation,Partai Persatuan,political-party,2025-02-28,74545778,False,
UD Nababan,corporation,Ridwan Manullang,individual,2024-06-30,83637487,True,proxy
Shakila Hastuti,individual,Dalimin Maryati,individual,2024-12-02,924549282,True,self_funded
PD Yuniar (Persero) Tbk,organization,Jatmiko Wacana,individual,2024-11-27,29416570438,True,over_limit
Dt. Utama Sudiati,individual,Maya Ramadan,individual,2025-05-31,1698317373,False,
Perum Zulaika Tbk,organization,T. Hasan Firmansyah,individual,2024-08-04,2914107689,False,
PD Nainggolan Melani (Persero) Tbk,corporation,Partai Solidaritas Indonesia,political-party,2025-06-17,66907645,False,
PD Kusumo (Persero) Tbk,corporation,Agnes Simanjuntak,individual,2025-11-24,1993728722,True,proxy
CV Budiman Kusumo (Persero) Tbk,corporation,"Gilda Hasanah, M.Farm",individual,2025-06-23,60326853,True,proxy
PD Kurniawan,organization,Puti Yulianti,individual,2024-02-25,40890419,True,smurfing
PT Telekomunikasi Indonesia (Persero),corporation,Sadina Setiawan,individual,2024-07-12,7466300683,True,illegal_source
Irsad Nuraini,individual,Darsirah Iswahyudi,individual,2024-06-17,872268371,False,
UD Zulaika Gunarto (Persero) Tbk,organization,Partai Amanat Rakyat,political-party,2025-07-29,1419821801,True,proxy
Banawa Haryanti,individual,Partai Harapan Bangsa,political-party,2025-05-25,142015041,False,
Dr. Restu Pradipta,individual,Partai Rakyat Sejahtera,political-party,2024-06-22,145170752,False,
Perum Dabukke Kurniawan,corporation,Tiara Halim,individual,2024-12-25,1989887632,True,proxy
Atmaja Astuti,individual,Wakiman Mansur,individual,2025-04-21,248518487,True,self_funded
UD Nashiruddin Wibisono Tbk,organization,Partai Solidaritas Indonesia,political-party,2025-01-03,15640784,True,smurfing
PT Pertamina (Persero),corporation,Partai Nasional Demokrat,political-party,2024-06-21,1089947973,True,illegal_source
Kementerian Keuangan,organization,Partai Harapan Bangsa,political-party,2024-01-26,377822808,True,illegal_source
PD Napitupulu Palastri (Persero) Tbk,organization,Partai Amanat Rakyat,political-party,2025-06-20,680199914,False,
PD Anggriawan,corporation,Kanda Sirait,individual,2024-03-20,1745450063,True,proxy
Perum Pangestu Prabowo (Persero) Tbk,corporation,Sabrina Wahyuni,individual,2025-10-28,1006270375,True,proxy
PT Novitasari Kuswandari,corporation,Gamblang Susanti,individual,2024-06-05,58199734,True,smurfing
Perum Mahendra Tbk,corporation,Partai Amanat Rakyat,political-party,2024-07-21,78916486,True,smurfing
CV Sihotang,organization,Digdaya Samosir,individual,2024-03-31,96892363,True,smurfing
CV Susanti Tbk,organization,Partai Solidaritas Indonesia,political-party,2025-02-07,93918134,True,smurfing
UD Wulandari,corporation,Partai Solidaritas Indonesia,political-party,2025-10-20,289108962,True,proxy
Endra Permata,individual,Partai Amanat Rakyat,political-party,2024-06-04,114239697,False,
Ellis Widodo,individual,Sutan Harjasa Mayasari,individual,2025-08-07,1267277765,False,
drg. Malika Anggriawan,individual,Ika Natsir,individual,2024-04-01,2128699594,False,
CV Winarsih,organization,Tgk. Lala Saptono,individual,2024-01-04,145738117,True,proxy
Perum Mayasari Suryono,corporation,Partai Demokrat,political-party,2024-07-11,1236859624,True,proxy
PT Fujiati Rajasa Tbk,organization,Partai Indonesia Maju,political-party,2024-06-26,378306863,True,proxy
Pemkot Bogor,organization,Partai Kebangkitan Rakyat,political-party,2024-12-24,59170677,True,illegal_source
"Drs. Lurhur Andriani, M.M.",individual,Harjasa Rahimah,individual,2024-05-19,1309231977,True,self_funded
Zizi Pradipta,individual,Mila Irawan,individual,2024-07-26,1080380429,False,
UD Waskita Prastuti (Persero) Tbk,corporation,Julia Wibisono,individual,2025-11-18,18155238872,True,self_funded
PD Astuti,organization,Himawan Sitompul,individual,2024-02-20,1955272508,True,proxy
PD Rajata,organization,Partai Keadilan Indonesia,political-party,2025-05-05,263025717,False,
UD Saragih Wasita (Persero) Tbk,corporation,Partai Amanat Rakyat,political-party,2025-09-19,407641331,False,
"Tgk. Candrakanta Pangestu, S.Pd",individual,Partai Amanat Rakyat,political-party,2024-11-06,14626913,False,
CV Aryani Handayani Tbk,corporation,"R. Salman Yulianti, S.IP",individual,2025-09-05,17249374476,False,
Ghaliyati Ramadan,individual,Adhiarja Hidayanto,individual,2024-05-21,2378924878,True,self_funded
Legawa Mangunsong,individual,Partai Kebangkitan Rakyat,political-party,2025-10-12,41248472,True,smurfing
CV Wibisono (Persero) Tbk,organization,Partai Amanat Rakyat,political-party,2025-09-24,1548788274,True,proxy
UD Anggriawan (Persero) Tbk,corporation,T. Karna Jailani,individual,2025-08-22,715519324,True,proxy
PD Kusmawati Novitasari,corporation,Dasa Aryani,individual,2024-12-13,203976166,True,proxy
PT Winarsih Zulaika,corporation,Ani Novitasari,individual,2025-03-23,5744978024,False,
Perum Hidayanto Tbk,corporation,Partai Amanat Rakyat,political-party,2025-08-13,482612286,False,
Hafshah Riyanti,individual,Partai Persatuan,political-party,2024-01-05,3499557,False,
Perum Mangunsong Oktaviani,corporation,"Sutan Adika Mansur, S.Ked",individual,2024-04-14,18961729863,True,self_funded
PT Prasasta Pudjiastuti (Persero) Tbk,corporation,"Endra Dongoran, M.Kom.",individual,2024-06-23,45146076,True,proxy
"Zulaikha Utami, M.Kom.",individual,Harjo Saefullah,individual,2025-03-15,326168312,False,
PD Winarno Prakasa Tbk,corporation,Partai Persatuan,political-party,2025-07-17,24833278,True,smurfing
PD Jailani Kurniawan,corporation,"R. Rafid Hariyah, S.I.Kom",individual,2025-05-20,9170480687,True,self_funded
Tami Suryatmi,individual,Partai Rakyat Sejahtera,political-party,2025-02-25,28966633,True,smurfing
Sutan Hasim Kusumo,individual,Partai Kebangkitan Rakyat,political-party,2025-08-14,2179920,True,smurfing
PD Usada Kusumo,organization,Partai Kebangkitan Rakyat,political-party,2024-09-30,441473460,False,
PD Suartini Puspita Tbk,organization,Hendra Wibowo,individual,2024-03-18,1352257727,True,proxy
Mumpuni Yuliarti,individual,Partai Demokrat,political-party,2024-08-21,323718096,True,over_limit
"Tgk. Jelita Waskita, S.Kom",individual,"R.A. Rahayu Kurniawan, M.M.",individual,2024-04-17,1428529445,True,self_funded
UD Haryanti Nababan (Persero) Tbk,corporation,Hj. Natalia Kuswandari,individual,2024-08-21,21524404196,False,
CV Permata Kusumo Tbk,organization,"Koko Wijaya, S.Pd",individual,2024-08-21,17986767243,False,
"drg. Maida Utami, M.Ak",individual,Taswir Usada,individual,2024-05-09,44848425,True,smurfing
"Gading Maryati, M.Farm",individual,"Aurora Saptono, S.IP",individual,2025-12-17,1307744903,False,
Perum Wastuti,corporation,Partai Demokrat,political-party,2025-11-16,659452653,False,
Perum Gunarto Tbk,corporation,Elvin Hartati,individual,2024-06-09,1498535967,False,
Perum Wacana Wahyudin,organization,Partai Amanat Rakyat,political-party,2024-12-29,210336722,True,proxy
UD Situmorang Tbk,organization,Yuni Prastuti,individual,2025-08-11,94009578,True,smurfing
Vero Astuti,individual,Partai Demokrat,political-party,2025-06-07,39733410,False,
"Drs. Maya Sihombing, S.Ked",individual,Ulva Lailasari,individual,2024-10-09,1531800392,True,self_funded
Gasti Sudiati,individual,Lala Kuswandari,individual,2025-05-13,1912118198,False,
"Cawuk Padmasari, S.Psi",individual,Partai Rakyat Sejahtera,political-party,2024-03-21,7577865,False,
PT Prasetya,corporation,Partai Solidaritas Indonesia,political-party,2024-04-11,54639863,True,smurfing
Perum Dongoran Pudjiastuti Tbk,organization,Partai Solidaritas Indonesia,political-party,2024-11-25,1844593,False,
UD Hasanah Januar,corporation,Narji Anggraini,individual,2025-10-05,23865143,True,smurfing
PD Situmorang Maulana Tbk,organization,Partai Nasional Demokrat,political-party,2024-02-02,5086035,True,smurfing
Dalima Haryanto,individual,"Dr. Irma Anggraini, S.T.",individual,2024-09-09,525626411,False,
Perum Adriansyah Tbk,corporation,"R. Amalia Gunarto, S.H.",individual,2025-07-02,5477566487,True,self_funded
CV Astuti Marpaung,organization,Partai Amanat Rakyat,political-party,2025-07-30,89518141,False,
"Dr. Yuliana Pratama, S.Pt",individual,Partai Demokrat,political-party,2024-03-09,172809664,False,
Viman Utami,individual,Partai Amanat Rakyat,political-party,2024-08-20,89399892,False,
Pemerintah Desa Cibeber,organization,Partai Amanat Rakyat,political-party,2024-10-07,279418734,True,illegal_source
CV Januar Hutapea,corporation,Partai Amanat Rakyat,political-party,2024-11-13,1466683203,True,proxy
Pemerintah Desa Sukamulya,organization,"Yance Novitasari, S.Pt",individual,2025-05-16,19751787686,True,illegal_source
Laras Kuswoyo,individual,Partai Harapan Bangsa,political-party,2024-12-26,46493914,True,smurfing
PT Zulkarnain,organization,Partai Persatuan,political-party,2024-04-18,1858926923,True,proxy
PD Mahendra Napitupulu (Persero) Tbk,corporation,Partai Harapan Bangsa,political-party,2024-02-27,147597590,False,
"Safina Lazuardi, S.T.",individual,Galuh Hakim,individual,2025-07-31,555632914,False,
BUMD Energi Nusantara,organization,Gamanto Wijayanti,individual,2024-08-17,6775074074,True,illegal_source
PD Aryani Usada,corporation,"Danu Manullang, M.Ak",individual,2025-07-29,20047579257,True,self_funded
"Ozy Prayoga, M.Kom.",individual,Partai Indonesia Maju,political-party,2024-09-25,24793226,True,smurfing
CV Samosir,corporation,Paramita Astuti,individual,2024-03-18,10230675992,True,self_funded
PT Saptono,corporation,"Diana Iswahyudi, S.I.Kom",individual,2024-11-05,774553856,False,
PT Marpaung Pratiwi (Persero) Tbk,corporation,"KH. Eluh Damanik, S.Sos",individual,2025-12-28,1544699526,True,proxy
"R. Heru Saefullah, S.H.",individual,Viktor Wahyuni,individual,2024-07-10,1976633406,False,
Tasdik Setiawan,individual,Vanya Budiyanto,individual,2025-05-16,1552602753,False,
UD Pratiwi Tbk,organization,"drg. Raharja Wijaya, S.IP",individual,2025-08-17,20047513392,False,
PT Hutapea,corporation,Kasusra Suartini,individual,2024-11-11,7657072050,False,
BUMD Energi Nusantara,organization,Partai Demokrat,political-party,2024-01-31,829789406,True,illegal_source
Wadi Hidayanto,individual,Partai Amanat Rakyat,political-party,2024-12-09,87905955,False,
Rosman Mandasari,individual,Partai Harapan Bangsa,political-party,2025-05-21,149582248,False,
CV Zulaika Prasetya,organization,Partai Keadilan Indonesia,political-party,2025-08-25,1371315422,True,proxy
Taufik Pratama,individual,Partai Nasional Demokrat,political-party,2024-05-26,58996158,False,
PT PLN (Persero),corporation,Partai Kebangkitan Rakyat,political-party,2025-11-21,73580789,True,illegal_source
"Dr. Nilam Agustina, S.Kom",individual,Partai Demokrat,political-party,2025-11-02,143696150,False,
PT Latupono (Persero) Tbk,corporation,"Galih Situmorang, S.H.",individual,2025-11-12,20828691671,False,
Puji Mayasari,individual,Partai Harapan Bangsa,political-party,2024-01-26,74887789,False,
PD Hariyah,corporation,Aswani Halim,individual,2025-08-04,644529308,True,proxy
Cut Ami Mulyani,individual,"Mitra Nuraini, M.Farm",individual,2024-04-21,2168928031,False,
Perum Hardiansyah Wastuti Tbk,corporation,Partai Keadilan Indonesia,political-party,2024-07-21,28874144,True,smurfing
Perum Hartati (Persero) Tbk,organization,Partai Nasional Demokrat,political-party,2024-03-13,1544965016,True,proxy
PD Zulaika,organization,"R. Cagak Padmasari, S.E.I",individual,2024-03-07,16462499853,False,
Bala Pratiwi,individual,Maria Yuliarti,individual,2025-05-24,1239656507,False,
Ir. Marsudi Gunawan,individual,Partai Harapan Bangsa,political-party,2025-10-10,53556588,False,
PT Handayani Nuraini,corporation,Partai Keadilan Indonesia,political-party,2024-03-21,417494304,False,
UD Hartati Tarihoran Tbk,corporation,"Paiman Tampubolon, S.Farm",individual,2024-09-22,4000762223,False,
"Raharja Marpaung, S.Gz",individual,Ophelia Kusmawati,individual,2024-06-23,1065794780,False,
Cahyono Wijayanti,individual,"Ir. Mahesa Usada, S.I.Kom",individual,2025-01-17,1987947079,False,
Perum Haryanti Usamah,corporation,Jamalia Mansur,individual,2025-12-06,4210372922,True,self_funded
Lala Sihombing,individual,"Dr. Elvina Kusumo, S.H.",individual,2024-01-11,1966605397,True,self_funded
"Drs. Galiono Prastuti, M.Pd",individual,Partai Kebangkitan Rakyat,political-party,2024-10-31,89067392,False,
PT Agustina,organization,dr. Marwata Suwarno,individual,2025-07-23,18236228,True,smurfing
CV Nugroho Tbk,corporation,"Lulut Nainggolan, S.Pt",individual,2024-04-21,86019993,True,smurfing
Perum Prabowo,organization,Warsita Usada,individual,2025-10-09,1229924748,True,proxy
"Zulfa Fujiati, M.Pd",individual,Partai Kebangkitan Rakyat,political-party,2025-01-13,100941834,False,
Chelsea Tamba,individual,"R. Radika Fujiati, S.H.",individual,2024-04-26,389448483,False,
CV Saragih (Persero) Tbk,corporation,Ade Simbolon,individual,2024-01-14,23273623584,True,self_funded
Oliva Winarsih,individual,Ulva Winarsih,individual,2024-11-30,1295786589,False,
Perum Widodo Puspasari Tbk,organization,"Tgk. Putri Haryanti, S.Ked",individual,2025-09-02,42363287,True,smurfing
Kamaria Latupono,individual,"Cakrajiya Prasetyo, S.Pd",individual,2024-06-07,1451993905,False,
Elvina Saputra,individual,Partai Harapan Bangsa,political-party,2024-05-01,144878732,False,
CV Nashiruddin Wibowo,organization,Puspa Lestari,individual,2024-02-02,18995046,True,smurfing
Jabal Mardhiyah,individual,Hilda Simbolon,individual,2024-09-04,1195325152,False,
"Eka Palastri, S.Gz",individual,"dr. Restu Puspasari, S.E.I",individual,2024-11-29,2754849601,True,over_limit
Septi Uwais,individual,Partai Harapan Bangsa,political-party,2025-12-27,13275804,False,
CV Zulkarnain Simanjuntak,corporation,Partai Indonesia Maju,political-party,2024-12-29,34830623,True,proxy
PD Marpaung,corporation,Iriana Prasetyo,individual,2024-05-22,19255465613,False,
PT Marpaung Suwarno (Persero) Tbk,corporation,Partai Keadilan Indonesia,political-party,2024-12-30,30238806,True,smurfing
Ratna Prakasa,individual,Rizki Hutapea,individual,2025-07-17,1542129242,False,
Raden Pratiwi,individual,Partai Indonesia Maju,political-party,2024-06-15,86709101,False,
PT Pradipta Iswahyudi (Persero) Tbk,organization,Jumadi Pratama,individual,2024-09-22,14873958,True,smurfing
PD Marpaung Tbk,corporation,Omar Marpaung,individual,2024-10-07,1514069609,True,proxy
PD Zulkarnain Putra (Persero) Tbk,organization,Partai Amanat Rakyat,political-party,2025-10-25,225021013,False,
CV Mandasari Hutasoit (Persero) Tbk,corporation,Zulfa Maryadi,individual,2025-04-15,8870004834,True,self_funded
"Fitria Sihombing, M.Ak",individual,Partai Harapan Bangsa,political-party,2025-05-16,85361915,False,
CV Januar Budiman,organization,Genta Iswahyudi,individual,2024-11-22,200125708,True,proxy
Endah Zulkarnain,individual,Partai Persatuan,political-party,2025-02-12,153795815,False,
Damar Sihombing,individual,Partai Demokrat,political-party,2025-03-18,68552475,True,smurfing
Ir. Olivia Purnawati,individual,Partai Persatuan,political-party,2025-04-04,47744094,False,
"Betania Siregar, S.IP",individual,Partai Rakyat Sejahtera,political-party,2024-05-14,114458416,False,
Rendy Sihombing,individual,Hardana Winarno,individual,2025-09-10,2313313047,True,self_funded
Pemerintah Kota Surabaya,organization,"Dt. Bahuraksa Winarsih, S.Sos",individual,2024-10-09,5773169916,True,illegal_source
Gandi Nuraini,individual,Nrima Lazuardi,individual,2024-01-18,829440079,True,self_funded
Latika Saragih,individual,"Cakrabirawa Napitupulu, M.Ak",individual,2024-08-04,1670128091,False,
CV Damanik Zulkarnain,organization,Partai Kebangkitan Rakyat,political-party,2024-06-14,708065368,False,
Kala Tampubolon,individual,Partai Demokrat,political-party,2025-07-08,58821056,False,
Zizi Sihombing,individual,Bella Maulana,individual,2025-07-15,2085988237,True,self_funded
UD Purnawati Tbk,corporation,Partai Amanat Rakyat,political-party,2024-03-25,776912280,True,proxy
PT Kereta Api Indonesia (Persero),corporation,Partai Rakyat Sejahtera,political-party,2025-05-02,139271313,True,illegal_source
CV Budiyanto Laksita (Persero) Tbk,corporation,Adiarja Nugroho,individual,2025-12-20,65304779,True,smurfing
PT Ramadan,corporation,Halim Adriansyah,individual,2024-01-18,1735502678,True,self_funded
"Ir. Jane Rajata, S.E.",individual,Yuni Agustina,individual,2025-07-29,1824418041,False,
Bagya Uyainah,individual,Partai Solidaritas Indonesia,political-party,2025-06-23,59274739,True,smurfing
CV Salahudin Lailasari Tbk,organization,Partai Nasional Demokrat,political-party,2024-12-31,502063245,False,
PD Saputra (Persero) Tbk,organization,Partai Rakyat Sejahtera,political-party,2024-01-21,96277571,True,smurfing
"Silvia Wacana, M.Kom.",individual,Partai Persatuan,political-party,2025-11-08,60254366,False,
Among Irawan,individual,"Uli Natsir, S.Kom",individual,2025-12-03,2407636181,True,self_funded
Perum Purwanti,organization,Ivan Adriansyah,individual,2025-10-13,3502553011,False,
PT Adriansyah Tbk,corporation,"Ratih Lazuardi, S.IP",individual,2024-11-19,4336926104,False,
PT Anggriawan Wahyuni Tbk,corporation,Partai Persatuan,political-party,2025-11-23,131565117,False,
Drs. Lalita Nababan,individual,Sutan Pangeran Ramadan,individual,2024-10-19,1907251483,False,
Daru Mustofa,individual,"H. Asman Budiman, S.Ked",individual,2024-03-15,780766191,False,
"Hj. Mala Laksmiwati, S.E.",individual,"Tgk. Daruna Hakim, M.TI.",individual,2024-03-24,747121200,False,
T. Saka Melani,individual,Partai Kebangkitan Rakyat,political-party,2025-08-12,70915563,False,
Pemkab Toba,organization,Partai Indonesia Maju,political-party,2024-04-29,280269354,True,illegal_source
"Lanang Prabowo, M.Farm",individual,Karsa Pertiwi,individual,2024-05-20,61980406,True,smurfing
R.A. Endah Lestari,individual,Agnes Lazuardi,individual,2024-03-30,2209613722,False,
PT Yulianti Lailasari,organization,"Devi Sitompul, S.Pt",individual,2024-03-14,1790876925,True,proxy
"Ir. Zaenab Saragih, S.Farm",individual,Drs. Gandewa Nababan,individual,2025-05-08,1868445000,False,
CV Latupono Suryono,corporation,Partai Kebangkitan Rakyat,political-party,2025-09-25,646454569,False,
PT Hutapea,organization,Partai Nasional Demokrat,political-party,2025-06-08,69355539,True,smurfing
"H. Bancar Waskita, M.Pd",individual,Partai Nasional Demokrat,political-party,2024-04-19,131809633,False,
Rafid Salahudin,individual,"R. Radit Suwarno, M.M.",individual,2025-01-05,1860306436,False,
Dr. Adiarja Halimah,individual,Partai Demokrat,political-party,2024-01-04,154170117,False,
CV Suartini (Persero) Tbk,organization,"Ayu Wibowo, S.Pt",individual,2025-08-29,741348763,True,proxy
H. Parman Maryadi,individual,Dimaz Namaga,individual,2024-01-03,2005399515,False,
"Tgk. Balamantri Gunarto, M.Kom.",individual,"Naradi Saragih, S.Ked",individual,2025-06-01,2176942586,True,self_funded
PD Marbun Zulkarnain Tbk,corporation,Partai Amanat Rakyat,political-party,2025-11-15,65551967,True,smurfing
Kurnia Saptono,individual,Partai Demokrat,political-party,2025-06-04,59276031,False,
Vega Gunarto,individual,Partai Solidaritas Indonesia,political-party,2025-01-04,125514227,False,
PT Haryanti (Persero) Tbk,organization,Zahra Marpaung,individual,2024-06-12,1197908358,True,proxy
Karma Laksmiwati,individual,Partai Indonesia Maju,political-party,2024-09-27,49990840,True,smurfing
PD Samosir Santoso,corporation,"T. Bahuwarna Mandasari, S.E.",individual,2024-06-19,15761845422,True,self_funded
"Wardi Prasetyo, M.Ak",individual,Garan Jailani,individual,2025-04-01,1439488186,True,self_funded
Perum Budiman Tbk,corporation,"Tgk. Jaka Mardhiyah, S.Gz",individual,2024-01-12,11877708219,True,self_funded
PD Pranowo Prasetyo Tbk,corporation,Bakti Adriansyah,individual,2025-02-16,10420287538,False,
PT Pradipta,organization,dr. Dadap Nababan,individual,2025-02-12,84309012,True,smurfing
PD Thamrin,corporation,"Amalia Yolanda, M.Pd",individual,2024-02-17,4935708650,True,self_funded
CV Andriani Sihotang (Persero) Tbk,organization,Titin Yuliarti,individual,2024-04-07,1240735382,True,proxy
PD Haryanti,organization,Partai Persatuan,political-party,2025-12-12,7802758,True,smurfing
"Clara Wahyuni, S.H.",individual,Partai Kebangkitan Rakyat,political-party,2024-09-11,165029251,False,
"Drs. Rama Mayasari, S.Pd",individual,Hendra Hariyah,individual,2024-07-07,242456900,True,self_funded
"R.A. Maimunah Novitasari, S.E.",individual,Partai Demokrat,political-party,2025-12-17,148611568,False,
Zaenab Sihombing,individual,Partai Persatuan,political-party,2025-07-06,79684251,False,
Dewi Kusumo,individual,Puji Wasita,individual,2025-09-06,457364774,True,self_funded
Padmi Megantara,individual,Diana Tarihoran,individual,2025-06-03,1677308515,False,
Radit Nuraini,individual,Paris Pratama,individual,2024-01-26,1867378507,False,
PT Sinaga Astuti Tbk,organization,Partai Solidaritas Indonesia,political-party,2024-07-31,36982985,True,smurfing
PT Pratama Tbk,organization,Partai Demokrat,political-party,2024-12-26,96223702,False,
UD Nasyiah,organization,Hj. Chelsea Kurniawan,individual,2025-08-20,80618708,True,smurfing
PD Widodo Laksita (Persero) Tbk,organization,"Drs. Almira Mulyani, S.I.Kom",individual,2024-01-13,1390514445,True,proxy
Gantar Saragih,individual,R. Kusuma Simbolon,individual,2024-04-01,1873076213,False,
PD Putra (Persero) Tbk,organization,Partai Indonesia Maju,political-party,2025-09-02,1698704232,True,proxy
PT Damanik Novitasari (Persero) Tbk,organization,Darijan Samosir,individual,2025-10-02,12026979383,False,
CV Prasetyo Purwanti Tbk,corporation,Prima Nasyidah,individual,2024-04-02,17102953718,False,
PT Hartati Tbk,organization,"Sutan Prima Saefullah, S.E.I",individual,2024-10-09,1927097880,True,proxy
dr. Adhiarja Permadi,individual,Dinda Januar,individual,2025-07-08,965540707,True,self_funded
Baktiono Wahyudin,individual,"KH. Nyana Mansur, S.Sos",individual,2024-04-09,1728498293,False,
UD Budiman Latupono Tbk,corporation,Melinda Sihombing,individual,2024-11-11,22496786729,False,
"Usman Wijayanti, S.Pt",individual,"R. Ifa Nuraini, M.Pd",individual,2024-05-25,2018204881,True,self_funded
"Elisa Pratama, S.Psi",individual,Cut Kiandra Maulana,individual,2025-01-11,1662518470,False,
PD Zulaika Lailasari (Persero) Tbk,corporation,"Tirtayasa Wijayanti, S.Sos",individual,2024-06-14,11056891279,False,
Jaya Ardianto,individual,dr. Taufan Hidayat,individual,2025-03-09,1173195803,False,
PD Jailani,corporation,Jagaraga Putra,individual,2024-02-17,7309444226,True,self_funded
Perum Kurniawan,organization,Mutia Gunarto,individual,2025-11-12,53719833,True,smurfing
Perum Latupono Hassanah,corporation,Luwes Putra,individual,2024-06-13,4743301778,False,
PT Kusmawati Fujiati (Persero) Tbk,corporation,Intan Pratama,individual,2025-07-04,5694254531,True,self_funded
Winda Natsir,individual,Sadina Anggraini,individual,2024-04-17,600818422,True,self_funded
CV Sinaga,corporation,Partai Indonesia Maju,political-party,2024-11-27,369521704,True,proxy
CV Setiawan (Persero) Tbk,organization,Partai Demokrat,political-party,2024-07-17,49925371,True,smurfing
PT Adriansyah,corporation,"Ika Ramadan, S.Kom",individual,2024-11-01,6103820223,False,
PD Jailani Laksmiwati,corporation,Partai Rakyat Sejahtera,political-party,2025-07-14,94890259,False,
Bagya Pranowo,individual,"Maida Anggraini, M.Pd",individual,2024-06-20,1761481460,True,self_funded
PD Saptono Suryono (Persero) Tbk,corporation,Partai Kebangkitan Rakyat,political-party,2025-07-16,321887110,True,proxy
PT Adriansyah Sinaga,corporation,"Arsipatra Simbolon, S.E.",individual,2024-07-28,9919521728,True,self_funded
PD Sihombing,organization,Partai Kebangkitan Rakyat,political-party,2024-10-29,1828949898,True,proxy
UD Napitupulu,corporation,"Kania Sirait, M.Ak",individual,2025-05-01,5754268040,False,
Padmi Fujiati,individual,Partai Harapan Bangsa,political-party,2025-11-05,20215882,True,smurfing
Eka Putra,individual,Partai Indonesia Maju,political-party,2024-01-09,95322676,False,
PD Habibi Tbk,corporation,Partai Kebangkitan Rakyat,political-party,2024-02-29,196175029,False,
Puti Diah Wahyudin,individual,Tgk. Qori Laksita,individual,2025-12-08,1312173679,True,self_funded
Sakura Anggraini,individual,Partai Kebangkitan Rakyat,political-party,2025-08-23,131551162,False,
Perum Marbun,corporation,Partai Demokrat,political-party,2024-04-25,592475046,False,
PT Tarihoran Napitupulu Tbk,corporation,Partai Solidaritas Indonesia,political-party,2024-10-13,85937384,True,smurfing
CV Anggriawan (Persero) Tbk,organization,Partai Nasional Demokrat,political-party,2024-12-09,1818385577,True,proxy
"Puti Widya Saragih, S.E.",individual,Partai Demokrat,political-party,2024-08-20,75389608,False,
Ajiman Pratama,individual,Zelda Zulkarnain,individual,2025-08-05,588299975,False,
PD Narpati,corporation,dr. Rika Winarno,individual,2024-07-02,849539657,True,proxy
PD Sihombing Rahimah,organization,Partai Amanat Rakyat,political-party,2025-01-23,98018602,True,smurfing
PT Waskita (Persero) Tbk,organization,Partai Keadilan Indonesia,political-party,2024-08-30,962755255,True,proxy
drg. Iriana Suryatmi,individual,Ir. Diana Hakim,individual,2024-04-01,471308090,True,self_funded
CV Mansur Mansur,corporation,Ani Firmansyah,individual,2024-09-05,12109098607,True,self_funded
"Ulya Prasasta, S.H.",individual,Partai Demokrat,political-party,2024-03-22,22261459,False,
Galur Jailani,individual,Maryanto Usada,individual,2024-02-27,1827042674,False,
PD Kurniawan Astuti Tbk,organization,Partai Kebangkitan Rakyat,political-party,2025-05-08,1190534127,True,over_limit
UD Sirait Oktaviani Tbk,corporation,Partai Demokrat,political-party,2025-05-19,1443497449,True,over_limit
"Ir. Cinthia Santoso, S.Gz",individual,Partai Kebangkitan Rakyat,political-party,2024-01-20,86596941,False,
Galih Rajata,individual,Wira Usada,individual,2024-10-07,190049059,False,
Kurnia Suryatmi,individual,Partai Solidaritas Indonesia,political-party,2024-10-03,108879343,False,
"Enteng Maheswara, M.M.",individual,Partai Amanat Rakyat,political-party,2025-03-26,82299897,False,
CV Purwanti Tbk,corporation,Tgk. Natalia Usamah,individual,2025-11-03,11085850898,True,self_funded
Kemal Mangunsong,individual,Ira Suartini,individual,2024-09-12,55812839,True,smurfing
UD Yuniar Tbk,corporation,Partai Kebangkitan Rakyat,political-party,2024-01-23,278680166,False,
UD Widodo Winarsih Tbk,organization,Tri Purwanti,individual,2024-02-01,63410901,True,smurfing
Sutan Omar Sihombing,individual,drg. Ajiono Suartini,individual,2025-07-12,776177414,False,
Cinta Anggraini,individual,Partai Amanat Rakyat,political-party,2024-01-29,103212568,False,
Perum Handayani Tbk,corporation,dr. Kasiyah Pratiwi,individual,2025-11-07,13420625165,False,
Calista Sihotang,individual,Partai Kebangkitan Rakyat,political-party,2024-02-04,56553502,True,smurfing
PT Narpati (Persero) Tbk,corporation,"Nadia Maulana, S.T.",individual,2024-05-26,12304909364,False,
Perum Latupono,corporation,"R. Gasti Prastuti, S.E.I",individual,2025-01-13,15795546191,False,
Perum Uyainah Adriansyah,corporation,Partai Rakyat Sejahtera,political-party,2024-08-29,642812815,True,proxy
PD Fujiati Tbk,organization,Kadir Nainggolan,individual,2024-12-09,4914023448,False,
UD Lestari (Persero) Tbk,organization,Partai Persatuan,political-party,2025-10-03,271974489,False,
Perum Widodo (Persero) Tbk,corporation,Partai Rakyat Sejahtera,political-party,2025-09-04,456124544,False,
PT Januar Sihombing,corporation,Partai Demokrat,political-party,2025-09-16,125041560,True,proxy
UD Putra Saputra (Persero) Tbk,organization,Partai Demokrat,political-party,2024-08-23,660372809,False,
UD Laksita,corporation,Partai Indonesia Maju,political-party,2025-07-19,597145553,True,proxy
Legawa Manullang,individual,Cengkir Marpaung,individual,2025-02-15,1227019996,False,
"T. Galih Anggraini, S.I.Kom",individual,Usyi Handayani,individual,2024-09-21,696510556,True,self_funded
UD Yuliarti,organization,Partai Nasional Demokrat,political-party,2024-01-13,596714499,True,proxy
CV Agustina Tbk,corporation,Partai Indonesia Maju,political-party,2024-07-14,38870628,True,smurfing
PD Suartini Nashiruddin,organization,Partai Harapan Bangsa,political-party,2024-12-30,293818817,True,proxy
UD Maryati Sihotang (Persero) Tbk,corporation,Among Wijayanti,individual,2025-09-22,17009212399,True,self_funded
UD Sinaga,corporation,Luluh Gunawan,individual,2025-04-12,18864859592,False,
Diana Yuniar,individual,Hendra Rajasa,individual,2024-05-27,1470933985,False,
Usyi Winarno,individual,Rika Purwanti,individual,2025-09-22,406951242,True,self_funded
CV Palastri Tbk,corporation,Nugraha Pangestu,individual,2025-06-08,15667759510,False,
Luwes Wasita,individual,"Halim Zulkarnain, S.Ked",individual,2024-04-25,2184446937,False,
Kurnia Firgantoro,individual,Partai Persatuan,political-party,2024-07-01,9078704,False,
Perum Purnawati (Persero) Tbk,organization,Partai Amanat Rakyat,political-party,2025-04-19,1843140799,True,proxy
Jessica Sirait,individual,Partai Nasional Demokrat,political-party,2025-07-05,124806321,False,
Raharja Usamah,individual,Partai Rakyat Sejahtera,political-party,2025-04-20,77095444,False,
"Ajiman Widodo, M.Farm",individual,Yunita Pudjiastuti,individual,2024-02-15,1329874330,True,self_funded
UD Lazuardi Andriani Tbk,organization,Partai Harapan Bangsa,political-party,2025-03-03,99071249,True,smurfing
Perum Halim,corporation,Warji Halimah,individual,2024-01-25,41590403,True,smurfing
Perum Mangunsong,corporation,Tira Sinaga,individual,2025-11-17,23916734002,True,self_funded
PT Mustofa Nashiruddin,organization,Partai Persatuan,political-party,2024-01-21,78691320,True,smurfing
Perum Haryanto Tbk,corporation,Partai Persatuan,political-party,2025-11-24,41392818,True,smurfing
"Ade Dongoran, S.E.",individual,dr. Winda Laksmiwati,individual,2024-05-29,1481975503,False,
Sakura Halim,individual,Partai Kebangkitan Rakyat,political-party,2025-04-23,142108026,False,
T. Mahmud Kusmawati,individual,"R.M. Bajragin Saptono, S.Farm",individual,2024-03-01,1913744108,False,
PT Saptono Utami,corporation,Partai Rakyat Sejahtera,political-party,2025-05-25,642474946,False,
Queen Yuliarti,individual,Partai Indonesia Maju,political-party,2024-07-28,113459547,False,
PT Uyainah (Persero) Tbk,corporation,Partai Keadilan Indonesia,political-party,2025-11-05,407479665,False,
Eman Wijayanti,individual,Ganda Halim,individual,2025-05-12,974835902,False,
PT Puspita Tbk,corporation,Simon Mulyani,individual,2025-04-14,53232257,True,smurfing
"Drs. Surya Uyainah, S.Gz",individual,Partai Kebangkitan Rakyat,political-party,2024-03-04,94184628,False,
Kementerian Keuangan,organization,Partai Solidaritas Indonesia,political-party,2025-03-28,520715577,True,illegal_source
PT Prasetyo (Persero) Tbk,corporation,Partai Kebangkitan Rakyat,political-party,2025-03-27,559760486,False,
Paris Salahudin,individual,Partai Solidaritas Indonesia,political-party,2024-05-27,111207975,False,
Elvina Hassanah,individual,"Tgk. Omar Manullang, S.Kom",individual,2024-06-05,2190729564,True,self_funded
Perum Mulyani Tbk,corporation,Febi Santoso,individual,2024-05-15,23195214957,True,self_funded
"Dr. Laras Sinaga, S.Pt",individual,"KH. Lulut Hidayanto, M.Kom.",individual,2025-05-04,1857290706,True,self_funded
CV Melani (Persero) Tbk,organization,Partai Harapan Bangsa,political-party,2024-08-28,1801372634,True,proxy
Raditya Kurniawan,individual,Partai Indonesia Maju,political-party,2025-11-13,148372041,False,
UD Utami Salahudin,corporation,"Hj. Mala Mangunsong, S.Pt",individual,2025-10-09,1795118123,True,proxy
PD Pertiwi Padmasari,organization,Partai Keadilan Indonesia,political-party,2024-01-19,76456184,True,smurfing
Nova Tamba,individual,Cut Cinta Kusmawati,individual,2025-11-02,1932522263,True,self_funded
Raden Pradana,individual,Partai Amanat Rakyat,political-party,2024-08-05,1823821,False,
Maimunah Sinaga,individual,Partai Rakyat Sejahtera,political-party,2024-12-11,88401717,False,
PT PLN (Persero),corporation,"Tgk. Kamidin Purwanti, S.IP",individual,2024-09-04,8672564127,True,illegal_source
UD Yulianti Mayasari (Persero) Tbk,corporation,"Darmanto Yolanda, S.Sos",individual,2024-06-13,4232852771,False,
Ira Nasyiah,individual,Partai Rakyat Sejahtera,political-party,2025-08-10,135467229,False,
CV Andriani Tbk,corporation,Jinawi Zulkarnain,individual,2024-01-19,14640315280,False,
CV Januar Utami (Persero) Tbk,corporation,"Ghaliyati Manullang, S.H.",individual,2024-04-04,18884653830,False,
PD Hartati Lailasari (Persero) Tbk,corporation,R. Tiara Widiastuti,individual,2025-03-09,13712158473,False,
PT Situmorang Thamrin,organization,Partai Nasional Demokrat,political-party,2024-10-03,67036809,True,smurfing
CV Mansur Wacana,corporation,Partai Rakyat Sejahtera,political-party,2025-01-12,571334978,False,
CV Pudjiastuti Tbk,corporation,Partai Solidaritas Indonesia,political-party,2025-01-19,131285864,False,
PD Laksmiwati Kuswandari (Persero) Tbk,corporation,Partai Nasional Demokrat,political-party,2024-10-01,609519976,False,
CV Hutasoit,organization,"Sutan Endra Sinaga, S.Psi",individual,2025-10-07,8114571848,False,
UD Rajata Tbk,corporation,Anita Situmorang,individual,2024-07-09,19963973899,False,
"H. Cakrabuana Rahayu, S.Pd",individual,Partai Keadilan Indonesia,political-party,2024-09-25,43465661,False,
Perum Budiman,corporation,Hamima Wasita,individual,2025-10-14,21823612252,False,
PD Hutapea Tbk,organization,Partai Persatuan,political-party,2024-03-19,391474941,False,
PD Hutagalung Fujiati Tbk,corporation,Kemal Waskita,individual,2025-11-11,1958088908,False,
"Laswi Puspita, M.Farm",individual,Partai Persatuan,political-party,2024-09-06,171119235,False,
PD Maulana (Persero) Tbk,corporation,Partai Persatuan,political-party,2024-08-12,145463666,False,
Perum Pratama Anggraini (Persero) Tbk,corporation,"Yance Yolanda, S.H.",individual,2024-08-19,10338259,True,smurfing
PT Nurdiyanti,organization,Partai Kebangkitan Rakyat,political-party,2024-07-09,1402311114,True,proxy
Padmi Yulianti,individual,Irma Jailani,individual,2024-04-12,714526793,False,
T. Emong Rahimah,individual,Dr. Panji Prayoga,individual,2025-02-23,478387435,False,
PT Farida Hartati Tbk,corporation,Eja Gunawan,individual,2025-09-21,56590004,True,smurfing
PD Hutagalung Nashiruddin,corporation,Adiarja Farida,individual,2024-04-22,10423198369,False,
PD Wijayanti Yulianti (Persero) Tbk,corporation,Ani Mahendra,individual,2025-01-25,48683088467,True,over_limit
dr. Prabu Habibi,individual,Farah Hutapea,individual,2025-01-02,1315194423,False,
Zelaya Budiyanto,individual,Partai Harapan Bangsa,political-party,2025-11-18,66971136,False,
PT Rajasa Suryatmi,corporation,Drs. Ani Rahmawati,individual,2024-08-19,1127038215,True,proxy
CV Kuswoyo Dongoran (Persero) Tbk,corporation,Makuta Siregar,individual,2024-03-04,31457221,True,smurfing
PD Maulana Wastuti,corporation,Partai Rakyat Sejahtera,political-party,2024-05-25,540719400,False,
Jelita Wahyudin,individual,Partai Keadilan Indonesia,political-party,2025-11-09,79758581,False,
Karimah Tamba,individual,Partai Solidaritas Indonesia,political-party,2025-06-14,107305102,False,
CV Rahayu Iswahyudi,corporation,"Mustika Napitupulu, M.Kom.",individual,2024-06-17,414250468,True,proxy
PD Wijaya Narpati,corporation,Ir. Ajiono Mulyani,individual,2025-09-04,16625549389,True,self_funded
UD Sudiati Samosir (Persero) Tbk,corporation,Partai Nasional Demokrat,political-party,2024-09-14,540679090,False,
"Martaka Utama, S.Ked",individual,Yance Sirait,individual,2025-02-26,396618791,False,
PT Prasasta,organization,Partai Rakyat Sejahtera,political-party,2025-01-04,1070415463,True,over_limit
Perum Mahendra,corporation,Kajen Pradipta,individual,2025-05-21,9904037214,False,
H. Ega Firmansyah,individual,Partai Solidaritas Indonesia,political-party,2024-04-30,16222103,False,
PD Nugroho Hutasoit (Persero) Tbk,organization,Partai Demokrat,political-party,2025-06-27,483373721,False,
PD Lailasari Usamah,corporation,Partai Amanat Rakyat,political-party,2024-01-15,466303959,False,
CV Yulianti Tbk,organization,Lanang Winarno,individual,2024-03-08,56809259,True,smurfing
CV Hartati Sihombing (Persero) Tbk,corporation,Partai Kebangkitan Rakyat,political-party,2024-01-31,864479732,True,proxy
PD Yolanda Kusmawati,corporation,Sadina Pangestu,individual,2025-08-10,28548679,True,smurfing
Drs. Widya Palastri,individual,Janet Pratiwi,individual,2025-10-30,1461356827,True,self_funded
Perum Saefullah Tbk,organization,"Sutan Hendri Puspasari, M.Pd",individual,2025-01-09,66056427,True,smurfing
"T. Jatmiko Suartini, S.H.",individual,Partai Keadilan Indonesia,political-party,2024-11-23,11001998,False,
Tania Iswahyudi,individual,Ifa Mandala,individual,2025-12-30,884070148,True,self_funded
Irsad Rajasa,individual,Partai Indonesia Maju,political-party,2024-01-19,109606554,False,
Perum Nuraini Wibisono,corporation,Partai Solidaritas Indonesia,political-party,2025-12-03,624262084,True,proxy
CV Samosir Permata (Persero) Tbk,organization,Jail Kurniawan,individual,2025-08-01,1357086437,True,proxy
"dr. Jagapati Hariyah, S.Farm",individual,Partai Solidaritas Indonesia,political-party,2025-10-28,2204048,False,
Anggabaya Wahyuni,individual,Partai Keadilan Indonesia,political-party,2025-02-02,40161701,True,smurfing
UD Astuti,corporation,Sutan Marsudi Maheswara,individual,2024-07-27,21291878351,False,
"Sadina Hutapea, S.IP",individual,Partai Rakyat Sejahtera,political-party,2025-03-28,7675331,False,
UD Susanti,corporation,Ella Oktaviani,individual,2025-01-26,12230010621,True,self_funded
Perum Lazuardi Mustofa (Persero) Tbk,corporation,Partai Rakyat Sejahtera,political-party,2025-10-12,682294797,False,
CV Novitasari,organization,Partai Harapan Bangsa,political-party,2025-04-13,682710032,True,proxy
UD Anggraini,corporation,Devi Hidayat,individual,2024-12-22,8178937436,False,
"R.A. Kezia Permadi, S.Psi",individual,Partai Solidaritas Indonesia,political-party,2025-04-04,13065634,False,
Najib Sinaga,individual,T. Hairyanto Widodo,individual,2024-12-10,2147903191,False,
UD Mangunsong Yulianti Tbk,corporation,Partai Nasional Demokrat,political-party,2024-08-27,43627560,False,
CV Laksmiwati,organization,"Cut Uchita Suryono, S.E.I",individual,2024-04-09,15978904388,False,
PT Pertamina (Persero),corporation,"R.M. Jamil Mulyani, M.M.",individual,2025-01-22,13872065399,True,illegal_source
PT Mulyani Wulandari,corporation,"Winda Prastuti, S.Psi",individual,2024-05-21,13832910208,True,self_funded
CV Gunarto Pranowo,corporation,Partai Nasional Demokrat,political-party,2024-11-30,938408147,True,proxy
Endah Dabukke,individual,Nasim Rahayu,individual,2025-02-19,2394356513,True,self_funded
UD Hutagalung,organization,Partai Indonesia Maju,political-party,2025-11-20,1737114466,True,proxy
UD Megantara Hidayanto,corporation,Partai Nasional Demokrat,political-party,2024-02-16,926244772,True,over_limit
"Wisnu Natsir, S.Sos",individual,Partai Kebangkitan Rakyat,political-party,2024-09-08,73453088,False,
CV Saefullah Yuliarti,organization,Drajat Puspasari,individual,2025-04-11,54369083,True,smurfing
UD Habibi Mustofa Tbk,corporation,Anita Wulandari,individual,2025-05-18,13711719247,True,self_funded
Sutan Empluk Haryanti,individual,Partai Demokrat,political-party,2024-12-02,26334933,False,
"Drs. Oliva Palastri, S.Pt",individual,Partai Nasional Demokrat,political-party,2025-09-02,2546206,True,smurfing
PT Dongoran (Persero) Tbk,corporation,Partai Persatuan,political-party,2025-05-04,1652686495,True,proxy
Perum Saputra Tbk,corporation,Partai Keadilan Indonesia,political-party,2025-10-10,917501637,True,over_limit
"Harimurti Prasetya, S.E.",individual,Unjani Wibisono,individual,2025-05-25,1973843241,False,
PT Uyainah,corporation,Ilsa Susanti,individual,2024-03-27,6219892739,True,self_funded
PT Uwais,corporation,Mariadi Nainggolan,individual,2024-11-24,469629313,True,proxy
Danu Oktaviani,individual,KH. Tugiman Tarihoran,individual,2024-10-13,1668693359,False,
Siti Kuswandari,individual,"Irsad Putra, S.Psi",individual,2024-07-10,877037221,True,self_funded
UD Tamba Yuliarti,organization,Mila Namaga,individual,2025-10-31,1619012619,True,proxy
CV Wijaya Lestari,corporation,Emas Rahayu,individual,2024-08-14,1260196530,True,proxy
Yunita Nainggolan,individual,Partai Indonesia Maju,political-party,2025-03-09,124355592,False,
"Vanesa Melani, S.Pt",individual,Partai Rakyat Sejahtera,political-party,2024-09-06,35143777,False,
Perum Mangunsong Tbk,corporation,"Adikara Rajasa, M.Ak",individual,2025-05-17,6695744980,False,
Ika Nasyidah,individual,Cut Gilda Damanik,individual,2024-07-16,1982772749,False,
"drg. Harja Saragih, S.I.Kom",individual,Ifa Sitompul,individual,2025-04-24,126109213,False,
"Ayu Sitorus, S.Psi",individual,Partai Rakyat Sejahtera,political-party,2024-09-20,22668197,False,
CV Wibowo Tbk,organization,Partai Persatuan,political-party,2025-08-02,1142513440,True,proxy
Drs. Maimunah Natsir,individual,Partai Rakyat Sejahtera,political-party,2024-07-15,37700288,False,
Perum Hastuti Widodo,corporation,"Hesti Habibi, M.Farm",individual,2024-01-07,114774426,False,
CV Setiawan Anggraini,organization,Partai Amanat Rakyat,political-party,2024-10-30,584179527,False,
PT Riyanti Tbk,corporation,"Asmadi Maheswara, M.Pd",individual,2024-02-23,4003540099,False,
CV Hardiansyah Rajasa,corporation,Lukita Novitasari,individual,2024-10-27,17364970563,True,self_funded
Dodo Hasanah,individual,Partai Solidaritas Indonesia,political-party,2025-03-22,168165705,False,
Pemkot Bogor,organization,Partai Kebangkitan Rakyat,political-party,2025-06-23,591473320,True,illegal_source
Jayadi Sirait,individual,Partai Nasional Demokrat,political-party,2024-06-11,178893835,False,
Zelaya Sitompul,individual,Partai Demokrat,political-party,2025-05-27,32092371,False,
"dr. Yunita Habibi, M.Farm",individual,Mala Nababan,individual,2024-05-23,1086518787,True,self_funded
Pemerintah Provinsi Bali,organization,Partai Indonesia Maju,political-party,2024-07-21,918029498,True,illegal_source
Perum Haryanto Natsir (Persero) Tbk,corporation,Partai Demokrat,political-party,2024-09-30,1263917331,True,proxy
UD Farida Hutagalung,corporation,Partai Amanat Rakyat,political-party,2025-07-08,971760773,True,over_limit
"Gaduh Sinaga, S.E.",individual,Ayu Pudjiastuti,individual,2025-02-06,1537521292,False,
CV Uwais Habibi,organization,"Hasna Dabukke, S.I.Kom",individual,2025-08-09,660907834,True,proxy
UD Iswahyudi,organization,Kani Pangestu,individual,2025-07-31,1564979846,True,proxy
UD Pradipta,corporation,Harja Firmansyah,individual,2024-04-11,8138224624,False,
Rahayu Mansur,individual,Kanda Uwais,individual,2025-12-13,1171298231,True,self_funded
Perum Halim,corporation,Partai Nasional Demokrat,political-party,2025-12-10,397251062,False,
Juli Permadi,individual,Partai Indonesia Maju,political-party,2024-02-09,142916638,False,
PD Zulaika Lazuardi Tbk,organization,Tira Halim,individual,2024-11-08,931131530,True,proxy
Zalindra Mardhiyah,individual,Partai Amanat Rakyat,political-party,2024-03-24,63408181,False,
drg. Jane Marbun,individual,Partai Persatuan,political-party,2024-08-30,90872644,False,
Cut Almira Tamba,individual,Partai Nasional Demokrat,political-party,2025-10-14,37589600,False,
PT Siregar Pradana,organization,dr. Balijan Jailani,individual,2024-09-17,20120057445,False,
CV Siregar Wasita Tbk,corporation,Jagaraga Narpati,individual,2024-06-13,592951272,True,self_funded
UD Tampubolon Padmasari,corporation,Prakosa Utami,individual,2024-09-22,34837302,True,smurfing
Chelsea Sinaga,individual,Partai Solidaritas Indonesia,political-party,2025-01-14,32999742,False,
CV Ramadan Lestari,organization,Partai Rakyat Sejahtera,political-party,2024-12-05,620520494,True,proxy
PD Yolanda,organization,Partai Demokrat,political-party,2025-02-02,23306236,True,smurfing
UD Farida,organization,Samiah Hassanah,individual,2024-05-17,19394967736,False,
PD Yulianti Novitasari Tbk,organization,Partai Indonesia Maju,political-party,2025-05-10,94463332,False,
Gatot Gunarto,individual,Tirta Waskita,individual,2024-10-17,629181823,False,
Perum Widiastuti Tbk,corporation,Partai Keadilan Indonesia,political-party,2024-12-23,697647877,False,
Tgk. Aurora Astuti,individual,"Ajiono Januar, S.Psi",individual,2025-08-23,1429683761,False,
Aslijan Nababan,individual,Partai Nasional Demokrat,political-party,2025-08-03,67386980,False,
PD Kusmawati Habibi,corporation,Partai Kebangkitan Rakyat,political-party,2025-06-16,104113356,False,
"R.M. Karman Wijaya, M.TI.",individual,Bakda Najmudin,individual,2025-07-17,1475675711,True,self_funded
Johan Hassanah,individual,R.A. Safina Prastuti,individual,2024-12-15,1129993365,False,
Cornelia Mansur,individual,Tgk. Dimaz Laksmiwati,individual,2025-07-09,361179144,False,
dr. Daryani Andriani,individual,"Simon Salahudin, S.Pd",individual,2025-07-12,300638032,False,
PT Melani Ramadan,organization,Partai Amanat Rakyat,political-party,2025-03-31,1073408245,True,proxy
PT Rahimah Tbk,corporation,Laras Tampubolon,individual,2025-06-28,16208792026,True,self_funded
"Samsul Nuraini, S.Kom",individual,H. Cakrawangsa Susanti,individual,2024-04-19,2162308696,False,
Darmana Namaga,individual,Tgk. Asirwada Putra,individual,2024-08-18,1302030083,True,self_funded
Kusuma Siregar,individual,Partai Solidaritas Indonesia,political-party,2024-12-21,29520791,False,
"Ir. Galar Puspasari, S.Gz",individual,Paiman Ramadan,individual,2024-06-06,2017599,True,smurfing
PD Anggraini,corporation,Zelaya Lazuardi,individual,2024-11-25,4790715361,False,
Laila Uyainah,individual,Partai Nasional Demokrat,political-party,2024-01-11,115346911,False,
Eva Tarihoran,individual,Partai Nasional Demokrat,political-party,2025-10-11,173375407,False,
dr. Danu Najmudin,individual,Partai Indonesia Maju,political-party,2024-07-19,99000512,False,
UD Adriansyah,corporation,Indra Susanti,individual,2024-05-26,11269767846,True,self_funded
UD Hutapea Tbk,corporation,"Praba Astuti, S.Gz",individual,2025-09-11,409568747,True,self_funded
CV Wibowo,corporation,"Drs. Rangga Damanik, S.Ked",individual,2024-08-02,12604549585,False,
Rahmi Nuraini,individual,"Humaira Hassanah, S.Pd",individual,2024-05-07,2104194743,False,
CV Ardianto Widiastuti (Persero) Tbk,corporation,Partai Nasional Demokrat,political-party,2025-08-19,231272871,False,
Perum Pradipta Siregar,corporation,Abyasa Lazuardi,individual,2024-01-19,23409526,True,smurfing
Perum Prasasta Rajata,corporation,Ratna Hartati,individual,2024-08-09,9839960,True,self_funded
Ana Wastuti,individual,Partai Kebangkitan Rakyat,political-party,2024-05-20,26497792,False,
H. Dalimin Kusumo,individual,"Pia Damanik, S.Gz",individual,2024-06-19,1779452253,True,self_funded
PT Mulyani (Persero) Tbk,organization,"Budi Megantara, S.Sos",individual,2025-03-16,55717640,True,smurfing
Perum Hasanah,corporation,Partai Persatuan,political-party,2024-09-27,1486398230,True,proxy
PT Suartini,organization,dr. Halima Widiastuti,individual,2025-01-19,862399525,True,proxy
UD Adriansyah,corporation,Partai Nasional Demokrat,political-party,2025-03-04,105665792,False,
Darmana Jailani,individual,Rahmat Halimah,individual,2025-01-30,750494016,False,
Darimin Pertiwi,individual,Partai Demokrat,political-party,2025-12-21,176783298,False,
"Cut Ilsa Prakasa, M.TI.",individual,Partai Kebangkitan Rakyat,political-party,2025-03-18,126685451,False,
Perum Firgantoro Halimah,organization,Partai Solidaritas Indonesia,political-party,2025-01-06,347422532,True,proxy
Perum Purnawati (Persero) Tbk,corporation,Partai Persatuan,political-party,2025-07-24,446994284,False,
"Sidiq Maryadi, S.Pd",individual,Harja Anggraini,individual,2025-06-07,2075096798,True,self_funded
"Kenes Anggraini, M.Kom.",individual,Partai Solidaritas Indonesia,political-party,2025-05-19,22479648,False,
Gantar Napitupulu,individual,Zulfa Pertiwi,individual,2024-10-15,1179510139,False,
Perum Saputra Hutasoit,corporation,Xanana Widiastuti,individual,2025-07-21,2713192814,True,self_funded
Perum Marbun Wahyudin,corporation,Baktianto Zulaika,individual,2024-05-08,1905442368,True,proxy
PT Susanti Wastuti (Persero) Tbk,corporation,Partai Nasional Demokrat,political-party,2024-11-24,73007881,False,
"Endah Nugroho, M.Pd",individual,Partai Demokrat,political-party,2025-08-13,160474483,False,
"Tgk. Siti Uyainah, S.I.Kom",individual,Partai Indonesia Maju,political-party,2024-09-19,124600565,False,
PT Natsir Saefullah Tbk,organization,Partai Harapan Bangsa,political-party,2024-04-21,24455530,True,smurfing
PD Mansur Yolanda Tbk,corporation,Karimah Dongoran,individual,2024-07-20,22790054529,True,self_funded
Kasusra Nasyiah,individual,Emong Hutasoit,individual,2024-06-14,906855356,False,
Virman Iswahyudi,individual,Irma Sihombing,individual,2024-03-07,403408039,False,
PD Simbolon,corporation,Ismail Waskita,individual,2024-03-21,9133168443,False,
"Titi Rajasa, M.TI.",individual,dr. Titi Prasasta,individual,2025-03-11,173598659,False,
"Hj. Ani Hidayat, S.Sos",individual,Partai Indonesia Maju,political-party,2025-11-10,42358130,False,
"Hj. Vanya Pudjiastuti, S.Gz",individual,Maryadi Astuti,individual,2024-01-01,1483979233,True,self_funded
Carla Tampubolon,individual,Partai Demokrat,political-party,2025-01-06,52258837,True,smurfing
PT Wulandari Tbk,organization,Partai Kebangkitan Rakyat,political-party,2025-11-25,290252433,False,
Cawisadi Maryadi,individual,Partai Kebangkitan Rakyat,political-party,2025-12-04,60784656,False,
"dr. Zulfa Siregar, S.E.",individual,Anastasia Hasanah,individual,2025-04-06,1218494936,False,
Tira Pudjiastuti,individual,Usyi Nasyiah,individual,2025-09-14,38363603,True,smurfing
PD Widodo Rahmawati (Persero) Tbk,corporation,Mala Prakasa,individual,2024-08-10,116536691,True,proxy
Cawuk Agustina,individual,Partai Kebangkitan Rakyat,political-party,2024-02-02,174023621,False,
Gatot Sitompul,individual,Tomi Pranowo,individual,2025-08-14,2367106402,True,self_funded
CV Wahyudin Marpaung,organization,KH. Virman Nuraini,individual,2025-12-14,30714610784,True,over_limit
Perum Rahmawati Pudjiastuti,corporation,"R. Candra Laksmiwati, S.T.",individual,2025-07-22,1064078672,True,self_funded
Perum Zulkarnain Sitompul Tbk,corporation,Partai Harapan Bangsa,political-party,2025-06-18,278738283,False,
PD Laksmiwati,organization,"Cut Icha Widodo, S.Gz",individual,2024-10-09,763087039,True,proxy
Perum Pratama,corporation,"Febi Suryono, S.E.",individual,2025-12-01,36007254,True,smurfing
CV Namaga,corporation,Partai Persatuan,political-party,2024-09-27,101870863,True,proxy
"Joko Kurniawan, S.E.I",individual,KH. Irfan Pratama,individual,2025-04-21,36166616,True,smurfing
PD Anggraini Widodo,corporation,Partai Indonesia Maju,political-party,2025-07-29,254499011,False,
PD Firgantoro Usamah Tbk,corporation,"R. Zaenab Novitasari, M.Farm",individual,2025-12-29,20088927364,False,
Safina Laksmiwati,individual,"Zalindra Haryanto, S.Farm",individual,2024-05-24,1542942318,False,
"R. Laksana Maheswara, S.Gz",individual,Partai Harapan Bangsa,political-party,2025-04-13,154972470,False,
PD Mardhiyah,organization,Partai Rakyat Sejahtera,political-party,2024-04-29,62957747,True,smurfing
"R. Sabrina Saefullah, S.E.I",individual,Prayitna Novitasari,individual,2025-03-20,139051286,False,
Perum Wulandari Mangunsong,organization,Partai Harapan Bangsa,political-party,2024-09-08,1100406389,True,proxy
PD Tamba,corporation,Puji Laksita,individual,2024-09-24,57277830,True,smurfing
PT PLN (Persero),corporation,Banawi Pangestu,individual,2025-09-07,12150693517,True,illegal_source
CV Uyainah,corporation,Cakrabirawa Utama,individual,2024-04-15,1583032810,True,self_funded
UD Ardianto Megantara (Persero) Tbk,corporation,Karsana Wasita,individual,2025-12-09,24865963275,True,self_funded
Perum Simanjuntak Sinaga,organization,Usyi Usada,individual,2025-06-04,1407164318,True,proxy
Karja Nasyiah,individual,Unjani Gunarto,individual,2025-03-09,21013188,True,smurfing
Ani Saefullah,individual,Partai Harapan Bangsa,political-party,2025-08-13,161196937,False,
Perum Wibisono Hassanah (Persero) Tbk,organization,"Kadir Haryanto, S.Psi",individual,2024-07-10,175659850,True,proxy
"Jasmani Pertiwi, S.E.",individual,Partai Amanat Rakyat,political-party,2024-09-14,54901525,False,
Restu Hutapea,individual,Ulya Haryanti,individual,2025-12-04,1436987884,False,
Rika Gunarto,individual,Partai Rakyat Sejahtera,political-party,2024-07-08,32764636,False,
Perum Andriani Usada Tbk,organization,Partai Rakyat Sejahtera,political-party,2025-02-24,530048089,True,proxy
UD Tamba Mandasari (Persero) Tbk,corporation,Partai Harapan Bangsa,political-party,2025-11-25,407329342,False,
T. Gilang Saefullah,individual,Partai Demokrat,political-party,2024-07-26,60145010,False,
UD Purwanti,organization,Partai Demokrat,political-party,2025-01-11,1263303315,True,proxy
Qori Uyainah,individual,Muhammad Salahudin,individual,2024-10-06,1916107726,True,self_funded
Pemerintah Kabupaten Banyumas,organization,Galak Halimah,individual,2025-12-03,14358519382,True,illegal_source
H. Galih Laksita,individual,Hafshah Purwanti,individual,2025-10-28,47444889,True,smurfing
CV Wijayanti Farida Tbk,corporation,"Puti Puput Suryatmi, M.M.",individual,2024-04-29,989171777,True,proxy
"R. Soleh Megantara, M.M.",individual,Drs. Harja Rahimah,individual,2024-09-16,1110095584,False,
Perum Pertiwi,corporation,Partai Indonesia Maju,political-party,2025-07-22,593319914,True,proxy
T. Narji Riyanti,individual,Warsita Natsir,individual,2025-05-12,72521411,True,smurfing
PD Kuswandari Purwanti,organization,Partai Keadilan Indonesia,political-party,2025-04-08,1947245742,True,proxy
PD Rahimah Pertiwi,organization,Hj. Lili Oktaviani,individual,2025-03-20,1353228203,True,proxy
UD Wastuti (Persero) Tbk,corporation,Ir. Luhung Rahayu,individual,2024-06-21,41457256,True,smurfing
PD Puspasari Hidayat,corporation,Sakura Salahudin,individual,2025-11-16,17458540345,True,self_funded
PT Rahimah,corporation,Partai Kebangkitan Rakyat,political-party,2025-04-22,144902146,False,
Perum Hutasoit,corporation,Partai Indonesia Maju,political-party,2024-01-05,190711091,False,
Hamzah Nugroho,individual,Raihan Widodo,individual,2025-09-04,87675549,True,smurfing
"Hj. Tantri Suryono, S.T.",individual,"Yuliana Wibowo, S.E.I",individual,2025-11-28,2242163383,False,
Galuh Adriansyah,individual,Ozy Nainggolan,individual,2024-03-04,726243350,False,
Gatot Mardhiyah,individual,Partai Demokrat,political-party,2025-04-29,171185246,False,
CV Sitompul Pradana,organization,Partai Solidaritas Indonesia,political-party,2024-10-22,59782511,True,smurfing
Prayoga Fujiati,individual,Partai Nasional Demokrat,political-party,2025-06-29,169337150,False,
CV Kusmawati Tbk,organization,Partai Keadilan Indonesia,political-party,2024-10-05,893193591,True,proxy
"Bahuraksa Wijayanti, S.IP",individual,Raisa Suwarno,individual,2025-03-12,1355375239,True,self_funded
Nalar Pangestu,individual,Legawa Hassanah,individual,2025-03-03,1603454114,True,self_funded
drg. Oliva Yulianti,individual,Partai Solidaritas Indonesia,political-party,2025-08-08,35158126,True,smurfing
Latika Halim,individual,Lurhur Waluyo,individual,2025-05-19,1242194846,True,self_funded
CV Samosir (Persero) Tbk,corporation,Partai Keadilan Indonesia,political-party,2025-01-14,413707794,False,
Pemerintah Provinsi Bali,organization,Partai Demokrat,political-party,2024-10-25,404211819,True,illegal_source
"Tgk. Hari Hasanah, M.Kom.",individual,Galih Widiastuti,individual,2024-07-25,576389085,False,
Liman Susanti,individual,Kayun Usamah,individual,2025-11-18,1548572573,True,self_funded
Perum Kuswandari Tbk,corporation,Partai Nasional Demokrat,political-party,2024-04-20,1493958007,True,proxy
UD Puspasari Pranowo,corporation,Partai Solidaritas Indonesia,political-party,2024-04-05,1347769367,True,proxy
Gandewa Tarihoran,individual,Partai Persatuan,political-party,2024-08-19,69808298,False,
"Taufan Wastuti, S.Ked",individual,"dr. Juli Wijayanti, M.Ak",individual,2024-04-17,398632444,False,
Farhunnisa Sudiati,individual,Hj. Ellis Suwarno,individual,2024-02-29,350272724,False,
CV Purnawati (Persero) Tbk,corporation,"R.A. Tira Hidayanto, S.Kom",individual,2024-04-21,1694823671,True,self_funded
"Cut Padmi Namaga, M.Ak",individual,Partai Amanat Rakyat,political-party,2025-07-11,168057180,False,
PT Kusmawati Ramadan (Persero) Tbk,corporation,Dipa Usamah,individual,2025-12-17,864332821,True,proxy
CV Nashiruddin Wulandari,organization,Nova Suartini,individual,2024-02-25,3329932131,False,
Perum Haryanti Tbk,organization,Partai Nasional Demokrat,political-party,2024-04-23,36124932,True,proxy
UD Maheswara,organization,Partai Keadilan Indonesia,political-party,2025-02-16,57027833,True,smurfing
CV Nurdiyanti Tbk,organization,Ifa Manullang,individual,2024-01-17,585689371,True,proxy
Darman Winarno,individual,Partai Kebangkitan Rakyat,political-party,2024-06-23,170550572,False,
Perum Tampubolon Tbk,corporation,Partai Amanat Rakyat,political-party,2025-01-15,164285110,False,
Elon Wahyudin,individual,Kajen Maryadi,individual,2024-10-16,56639645,False,
"Clara Maryati, S.I.Kom",individual,"Drs. Ulva Sudiati, M.Farm",individual,2024-01-27,2413719276,True,self_funded
Mursinin Pertiwi,individual,Partai Kebangkitan Rakyat,political-party,2025-03-04,82744574,False,
UD Haryanti,corporation,"Drs. Opan Hardiansyah, S.I.Kom",individual,2024-06-30,5347857081,False,
PT Novitasari Dabukke Tbk,corporation,Jono Nashiruddin,individual,2025-02-23,16371660390,False,
UD Mangunsong Mahendra (Persero) Tbk,organization,Partai Amanat Rakyat,political-party,2025-04-16,594787316,True,proxy
Pemerintah Desa Sukamulya,organization,Partai Solidaritas Indonesia,political-party,2025-09-14,159089166,True,illegal_source
PT Sirait (Persero) Tbk,corporation,Partai Solidaritas Indonesia,political-party,2024-11-10,74461876,True,smurfing
PT Wulandari Tbk,corporation,"R. Ella Suwarno, S.IP",individual,2024-03-15,15965245389,True,self_funded
PT Mayasari Tbk,corporation,Partai Keadilan Indonesia,political-party,2024-01-10,1546414119,True,over_limit
Perum Hidayanto Situmorang Tbk,organization,"Opung Rahmawati, S.Ked",individual,2024-06-21,1503596312,True,proxy
Vero Dongoran,individual,Partai Harapan Bangsa,political-party,2025-09-05,128669833,False,
UD Widodo Anggraini,corporation,Galih Handayani,individual,2024-11-23,6783394319,False,
"Najib Purnawati, S.T.",individual,Partai Demokrat,political-party,2024-10-03,99898710,True,smurfing
UD Gunarto Uyainah,corporation,Partai Persatuan,political-party,2024-04-25,50468907,True,smurfing
UD Pudjiastuti Sudiati (Persero) Tbk,corporation,"T. Jumadi Astuti, S.Ked",individual,2024-12-10,5115546939,True,self_funded
Ani Megantara,individual,Partai Kebangkitan Rakyat,political-party,2024-11-14,143500867,False,
Cornelia Prastuti,individual,Partai Indonesia Maju,political-party,2024-04-01,71592935,False,
Perum Sihombing Kusumo Tbk,corporation,Garda Prastuti,individual,2024-08-21,4436096353,True,self_funded
Perum Thamrin,organization,Restu Adriansyah,individual,2025-01-14,1904162676,True,proxy
PD Pradipta Namaga,organization,Taufik Latupono,individual,2025-10-20,1049735404,True,proxy
drg. Samiah Pangestu,individual,Legawa Permata,individual,2024-08-09,1832575127,False,
CV Pudjiastuti (Persero) Tbk,corporation,"Wardaya Pudjiastuti, M.TI.",individual,2025-08-13,20766509844,False,
Perum Sitorus Saefullah,corporation,Siti Mulyani,individual,2025-06-06,1872867067,True,proxy
Kanda Zulkarnain,individual,Puti Nuraini,individual,2024-04-14,37452347,True,smurfing
"Cut Jelita Riyanti, S.H.",individual,"Dr. Mutia Haryanti, S.I.Kom",individual,2024-11-05,301775454,True,self_funded
Drs. Among Safitri,individual,Partai Harapan Bangsa,political-party,2024-03-14,122055119,False,
Rahayu Pratiwi,individual,Partai Nasional Demokrat,political-party,2025-05-10,67772747,True,smurfing
Purwadi Mahendra,individual,Partai Amanat Rakyat,political-party,2025-02-16,50851123,False,
"Dt. Candra Saptono, S.Pd",individual,"Rafid Usada, M.Kom.",individual,2024-04-06,32266777,True,smurfing
Fitria Siregar,individual,Adika Salahudin,individual,2025-03-17,56800507,True,smurfing
UD Pratiwi,corporation,Darimin Salahudin,individual,2024-04-01,482374027,True,self_funded
PT Pratama Tbk,corporation,"Ir. Hani Mayasari, S.Pt",individual,2025-06-02,20238948791,True,self_funded
Maryadi Mahendra,individual,Lantar Widodo,individual,2024-12-10,354728413,False,
Nrima Permadi,individual,Puti Purnawati,individual,2025-10-29,39056184,False,
PT Prabowo,corporation,H. Jaswadi Utama,individual,2025-06-26,95982844,True,smurfing
"Ir. Karen Prastuti, S.Farm",individual,Partai Harapan Bangsa,political-party,2024-09-11,176249582,False,
Perum Mangunsong (Persero) Tbk,corporation,Partai Indonesia Maju,political-party,2025-08-23,1129367457,True,proxy
CV Riyanti (Persero) Tbk,organization,Partai Demokrat,political-party,2024-01-21,295142579,False,
PT Hutapea Suartini,organization,Partai Indonesia Maju,political-party,2024-05-06,291247825,True,proxy
Ilyas Sudiati,individual,"R.A. Latika Wibisono, S.Farm",individual,2024-02-10,1373609013,False,
Hardana Sihombing,individual,Ir. Viktor Kusumo,individual,2025-07-06,792018829,True,self_funded
Balidin Irawan,individual,Partai Persatuan,political-party,2024-09-21,47466566,True,smurfing
PT Wijayanti,corporation,"Dr. Pranata Lailasari, M.M.",individual,2024-06-05,75286491,True,smurfing
PD Samosir,organization,Anastasia Rahimah,individual,2024-01-04,97555833,True,smurfing
Puti Sihombing,individual,Partai Rakyat Sejahtera,political-party,2024-04-30,8824174,False,
Lidya Hidayanto,individual,Partai Rakyat Sejahtera,political-party,2025-03-29,139448770,False,
UD Utama,organization,"Oni Maryati, S.Sos",individual,2025-01-05,344425174,True,proxy
CV Pangestu Widodo (Persero) Tbk,corporation,Salman Palastri,individual,2024-02-16,15481825114,True,self_funded
Drs. Oman Astuti,individual,"R.M. Reza Laksmiwati, S.Ked",individual,2025-08-14,34529205,True,smurfing
PT Hutagalung,corporation,Violet Prasetya,individual,2024-06-20,7957325654,False,
PD Hutagalung Tbk,corporation,Partai Nasional Demokrat,political-party,2025-04-10,105190134,True,proxy
Soleh Nashiruddin,individual,Partai Kebangkitan Rakyat,political-party,2024-02-23,223786166,True,over_limit
"R. Kasiyah Latupono, M.TI.",individual,Tami Yolanda,individual,2024-02-10,233880814,True,self_funded
Tgk. Ihsan Mayasari,individual,Partai Harapan Bangsa,political-party,2025-08-10,6876219,False,
Aisyah Mayasari,individual,Panca Rahayu,individual,2024-01-30,907311778,False,
BUMN Mina Permai,corporation,Maryanto Oktaviani,individual,2025-07-13,22071970477,True,illegal_source
PD Hastuti Sinaga (Persero) Tbk,corporation,Partai Persatuan,political-party,2025-07-14,605364205,True,proxy
PD Rahimah Pangestu (Persero) Tbk,corporation,Partai Solidaritas Indonesia,political-party,2024-07-06,481420345,False,
Devi Puspita,individual,Partai Amanat Rakyat,political-party,2024-04-07,73353112,False,
Makuta Dabukke,individual,Karsana Mardhiyah,individual,2024-09-22,2250676274,True,self_funded
PD Hutasoit Lazuardi Tbk,corporation,Dina Namaga,individual,2024-11-05,12581315136,False,
PD Marpaung,corporation,Hj. Amalia Kusmawati,individual,2024-05-28,8904863217,True,self_funded
"Dinda Nurdiyanti, M.Farm",individual,"H. Johan Firmansyah, S.E.I",individual,2025-01-21,19453059,True,smurfing
Latif Suryono,individual,Partai Kebangkitan Rakyat,political-party,2025-01-22,8926071,False,
Arta Pudjiastuti,individual,Fathonah Laksmiwati,individual,2024-09-13,12261540,True,smurfing
CV Novitasari (Persero) Tbk,corporation,Zamira Hutasoit,individual,2025-02-20,2223691565,False,
Sarah Putra,individual,dr. Kasiyah Putra,individual,2024-07-01,947197637,False,
"Vanya Suwarno, S.Sos",individual,Gada Salahudin,individual,2025-09-03,1965579409,True,self_funded
Puti Zaenab Rajasa,individual,Partai Amanat Rakyat,political-party,2025-08-31,39598118,False,
Hani Rahayu,individual,Najib Mandasari,individual,2025-06-04,1974067166,True,self_funded
UD Mayasari Marpaung,organization,Partai Rakyat Sejahtera,political-party,2025-02-17,664129633,False,
Cinta Maheswara,individual,Partai Keadilan Indonesia,political-party,2025-06-14,41315126,False,
CV Prabowo,corporation,Partai Kebangkitan Rakyat,political-party,2025-04-11,163135825,False,
PT PLN (Persero),corporation,Partai Solidaritas Indonesia,political-party,2025-08-24,567415980,True,illegal_source
Shania Palastri,individual,Bagya Handayani,individual,2024-09-25,4032161700,True,over_limit
Wulan Pertiwi,individual,Partai Harapan Bangsa,political-party,2024-05-31,115879869,False,
Genta Rahimah,individual,Shania Ardianto,individual,2025-01-04,2427379555,True,self_funded
PT Wahyudin Mustofa (Persero) Tbk,organization,Drs. Putri Sitompul,individual,2025-06-04,29101544603,True,over_limit
UD Kusmawati,corporation,Pardi Agustina,individual,2024-01-21,14572225818,False,
Perum Widodo,corporation,Partai Persatuan,political-party,2024-12-11,228675509,False,
Perum Lazuardi Prasetyo (Persero) Tbk,organization,Partai Indonesia Maju,political-party,2025-03-13,652876290,True,proxy
PT Pratama Rajasa,organization,Partai Keadilan Indonesia,political-party,2025-01-05,27005015,True,smurfing
Gaiman Habibi,individual,Tari Andriani,individual,2025-11-13,615771783,True,self_funded
Dr. Ifa Nuraini,individual,"dr. Labuh Purwanti, S.Gz",individual,2024-02-04,749627655,False,
Perum Tarihoran Tbk,corporation,Partai Amanat Rakyat,political-party,2024-03-11,308112713,False,
UD Farida Tbk,organization,Winda Widiastuti,individual,2024-12-15,18609226541,False,
BUMD Energi Nusantara,organization,dr. Zaenab Pratiwi,individual,2024-02-01,19774296597,True,illegal_source
Perum Nuraini (Persero) Tbk,corporation,Yessi Mandala,individual,2024-09-05,1293103576,True,proxy
CV Megantara,corporation,Partai Indonesia Maju,political-party,2024-08-20,22243561,True,smurfing
CV Sitorus (Persero) Tbk,organization,Partai Indonesia Maju,political-party,2024-09-20,29267768,False,
PT Agustina Maryadi (Persero) Tbk,corporation,Partai Keadilan Indonesia,political-party,2025-03-16,53770159,True,smurfing
PT Maryadi Nababan,organization,Dipa Saragih,individual,2024-12-26,33363627,True,smurfing
Rahmi Maryati,individual,Partai Kebangkitan Rakyat,political-party,2025-01-22,22859076,False,
Mahfud Kusmawati,individual,Bakijan Hutasoit,individual,2024-03-13,4340650617,True,over_limit
UD Sudiati (Persero) Tbk,corporation,"R. Damar Agustina, M.Kom.",individual,2024-09-26,17505538000,False,
CV Hardiansyah Wulandari,corporation,Partai Kebangkitan Rakyat,political-party,2025-07-22,75513219,True,smurfing
UD Setiawan,corporation,Partai Rakyat Sejahtera,political-party,2025-10-13,711661689,False,
PD Laksita Tbk,organization,Amelia Nasyiah,individual,2025-08-08,9738371056,False,
Perum Lailasari Mansur,organization,Umar Wulandari,individual,2025-05-11,90161461,True,proxy
Maya Megantara,individual,Umi Nuraini,individual,2024-04-23,1748913161,False,
drg. Halima Pranowo,individual,Partai Indonesia Maju,political-party,2024-11-25,119909923,False,
PD Nainggolan Tarihoran (Persero) Tbk,corporation,Partai Keadilan Indonesia,political-party,2025-03-03,186768398,False,
CV Hasanah Maulana,corporation,Partai Keadilan Indonesia,political-party,2024-02-03,168229059,False,
Perum Kuswandari,organization,Sadina Prastuti,individual,2025-07-07,152072416,True,proxy
Janet Tamba,individual,Uchita Hartati,individual,2025-06-15,1698114438,True,self_funded
Ir. Cinthia Wibisono,individual,Partai Rakyat Sejahtera,political-party,2024-09-05,18425091,False,
"Tgk. Jefri Damanik, S.Pd",individual,Tira Pradipta,individual,2024-02-16,1746094294,False,
UD Hakim,organization,Partai Amanat Rakyat,political-party,2024-09-20,288754415,False,
Nova Sihombing,individual,Kayun Widodo,individual,2024-01-26,2042419674,False,
UD Maulana Padmasari,organization,"drg. Suci Hassanah, S.IP",individual,2025-02-09,881840270,True,proxy
"Drs. Ellis Pranowo, S.Ked",individual,Partai Demokrat,political-party,2025-03-23,74389645,False,
CV Firgantoro Tbk,corporation,Rangga Sihombing,individual,2024-04-25,1517589323,False,
UD Pranowo,organization,"Dr. Putu Lestari, M.Pd",individual,2025-01-23,458726374,True,proxy
UD Prasetyo Padmasari,corporation,Partai Keadilan Indonesia,political-party,2025-06-07,899993427,True,proxy
PT Nurdiyanti (Persero) Tbk,corporation,Partai Demokrat,political-party,2024-04-01,10883375,True,smurfing
PD Suartini Pranowo,corporation,"Puti Siska Purwanti, S.Ked",individual,2024-10-25,2331315119,True,self_funded
Perum Firmansyah Wahyuni (Persero) Tbk,corporation,Partai Harapan Bangsa,political-party,2024-10-23,1839040417,True,proxy
Jati Hardiansyah,individual,Partai Amanat Rakyat,political-party,2024-12-14,159856820,False,
UD Permata,corporation,Prabowo Natsir,individual,2024-12-31,39609962771,True,over_limit
Mutia Maryadi,individual,Partai Keadilan Indonesia,political-party,2024-06-21,69243560,False,
PT Damanik,organization,Zaenab Widodo,individual,2024-01-02,16935065509,False,
Perum Marbun Tbk,organization,Fathonah Hidayat,individual,2025-02-12,704229801,True,proxy
UD Uyainah Situmorang,corporation,Partai Indonesia Maju,political-party,2024-11-12,993547651,True,proxy
PD Mandasari Tbk,corporation,Partai Rakyat Sejahtera,political-party,2024-10-13,1269510845,True,proxy
Gandi Kuswandari,individual,Natalia Kuswandari,individual,2025-01-10,381099166,False,
PT Pradana Januar Tbk,corporation,Gina Wacana,individual,2024-04-09,20611889794,True,self_funded
UD Kusmawati,corporation,"Harjasa Hidayanto, S.Gz",individual,2024-04-25,13427595799,False,
Perum Wahyuni (Persero) Tbk,organization,Tgk. Paulin Zulkarnain,individual,2024-07-01,18574341731,False,
Tgk. Aurora Pratiwi,individual,Imam Permadi,individual,2024-10-28,1390679977,False,
Taufik Pratiwi,individual,Fitriani Mustofa,individual,2025-08-20,1954653508,False,
Gangsa Hutagalung,individual,Partai Demokrat,political-party,2024-08-02,164751554,False,
Anggabaya Wijayanti,individual,Lantar Utama,individual,2025-02-23,2199691302,False,
UD Pertiwi Tbk,corporation,"Bala Siregar, S.H.",individual,2024-12-15,17673762041,False,
PT Irawan Sihombing Tbk,corporation,"Dt. Galuh Irawan, M.Farm",individual,2024-01-19,2689354239,True,self_funded
CV Permadi Sinaga,corporation,Partai Demokrat,political-party,2024-01-30,367930685,False,
PD Suwarno Adriansyah,corporation,Partai Solidaritas Indonesia,political-party,2025-02-17,1138513346,True,proxy
"Cut Zamira Mustofa, M.Farm",individual,Putri Saptono,individual,2025-03-26,1830687714,False,
Perum Purnawati Pradipta (Persero) Tbk,corporation,"drg. Dono Zulkarnain, S.Pd",individual,2025-07-29,1887274462,True,proxy
CV Salahudin,corporation,Yulia Latupono,individual,2024-07-05,11715025508,True,self_funded
Perum Usada Tbk,corporation,Partai Harapan Bangsa,political-party,2025-01-10,92864311,False,
Perum Anggraini,organization,Partai Rakyat Sejahtera,political-party,2024-03-28,1142919233,True,proxy
Perum Purwanti Megantara,organization,Partai Keadilan Indonesia,political-party,2024-04-04,489126294,False,
Perum Siregar Mayasari (Persero) Tbk,corporation,Puti Jasmin Nasyiah,individual,2025-12-29,2464209395,False,
Harjasa Saragih,individual,"Hj. Irma Jailani, M.TI.",individual,2024-01-19,1371524611,False,
Perum Riyanti Waluyo (Persero) Tbk,corporation,Partai Kebangkitan Rakyat,political-party,2024-01-07,313849597,False,
Perum Suwarno,corporation,Winda Sitompul,individual,2025-03-04,9497418425,False,
Anastasia Yulianti,individual,"Ciaobella Mangunsong, S.H.",individual,2025-05-18,282768705,True,self_funded
Perum Agustina Santoso (Persero) Tbk,organization,Nadine Sihombing,individual,2024-10-15,788215558,True,proxy
Perum Halimah Zulkarnain Tbk,corporation,drg. Kajen Sihombing,individual,2025-04-02,8673796763,True,self_funded
UD Budiman Sinaga,corporation,Partai Indonesia Maju,political-party,2025-08-10,94356033,True,smurfing
PT Sinaga Siregar,organization,Partai Persatuan,political-party,2025-01-08,289447886,True,proxy
UD Wasita Wibisono,organization,Siti Waskita,individual,2024-12-02,97070846,True,smurfing
PT Yuliarti Latupono Tbk,corporation,dr. Arta Hakim,individual,2025-11-09,11588135166,True,self_funded
PT Widodo Namaga,corporation,Partai Keadilan Indonesia,political-party,2024-04-13,613947435,False,
CV Kuswandari,corporation,Partai Demokrat,political-party,2024-12-14,598185824,False,
Bahuraksa Pratama,individual,"Ikin Firmansyah, S.E.",individual,2024-01-24,2128754822,False,
Karta Ardianto,individual,Hilda Handayani,individual,2024-11-14,1080698975,False,
PD Mangunsong (Persero) Tbk,corporation,Partai Solidaritas Indonesia,political-party,2024-12-21,425438034,False,
UD Marpaung (Persero) Tbk,corporation,Partai Keadilan Indonesia,political-party,2024-05-27,470044849,False,
UD Natsir Nugroho (Persero) Tbk,corporation,dr. Yani Tamba,individual,2025-12-10,7560872,True,smurfing
CV Hariyah,corporation,"Ir. Baktiono Waskita, M.Ak",individual,2025-02-13,8204512463,True,self_funded
CV Padmasari Lailasari (Persero) Tbk,organization,drg. Salwa Santoso,individual,2024-03-21,21562335,True,proxy
Raisa Suryatmi,individual,"Drs. Jane Kurniawan, M.Ak",individual,2024-06-19,1947412817,True,self_funded
Edi Laksita,individual,Umi Sihombing,individual,2024-03-09,1127692415,False,
PT Usamah (Persero) Tbk,corporation,"Eka Thamrin, S.Psi",individual,2024-10-21,1823028348,True,proxy
Lutfan Laksmiwati,individual,Uchita Utama,individual,2024-04-05,195911656,False,
Nrima Saragih,individual,Partai Nasional Demokrat,political-party,2025-07-06,169386126,False,
CV Suryatmi Thamrin (Persero) Tbk,corporation,Gaman Hassanah,individual,2024-06-07,18670072715,True,self_funded
Maimunah Saefullah,individual,Partai Harapan Bangsa,political-party,2025-07-31,176326592,False,
PT Hardiansyah (Persero) Tbk,organization,Edi Wijaya,individual,2025-08-24,11263966700,False,
PT Kusumo Gunawan (Persero) Tbk,corporation,"R. Raditya Mulyani, S.IP",individual,2024-01-31,1855606696,True,proxy
Hafshah Samosir,individual,Mustika Kurniawan,individual,2024-12-13,2049204086,False,
CV Wibisono,organization,"Dr. Salsabila Iswahyudi, S.I.Kom",individual,2024-12-27,1993511479,True,proxy
PT Pratiwi (Persero) Tbk,corporation,Partai Persatuan,political-party,2024-02-17,65371799,True,smurfing
"T. Pangeran Hidayat, S.Kom",individual,Salsabila Prastuti,individual,2024-01-10,1137260807,True,self_funded
PD Fujiati Manullang Tbk,corporation,"Asmuni Thamrin, S.IP",individual,2024-02-21,664154067,True,proxy
PT Budiman Tbk,corporation,"R. Luwes Rahayu, M.M.",individual,2025-12-13,18723483960,False,
Kamaria Saptono,individual,KH. Chandra Waluyo,individual,2024-04-18,598039678,False,
CV Widodo Narpati,organization,"R. Rahmi Wijayanti, S.E.",individual,2024-09-09,1359018385,True,proxy
Dagel Mansur,individual,Maya Pradipta,individual,2024-06-17,153304109,False,
CV Natsir,corporation,"Tgk. Olivia Oktaviani, S.Gz",individual,2024-08-31,1310126555,True,proxy
Utama Firmansyah,individual,Partai Nasional Demokrat,political-party,2025-10-17,44907796,False,
PT Megantara Rahmawati,corporation,Ajiman Maheswara,individual,2024-03-19,18632286130,True,self_funded
Ghani Utama,individual,Partai Keadilan Indonesia,political-party,2024-09-22,78260275,False,
Latika Wibowo,individual,Puji Prabowo,individual,2025-05-29,93069192,True,smurfing
Rika Nugroho,individual,Partai Nasional Demokrat,political-party,2024-11-10,161498485,False,
Perum Nasyiah,corporation,Cahyadi Hidayanto,individual,2025-06-15,18516309377,True,self_funded
Puti Wulandari,individual,Partai Nasional Demokrat,political-party,2025-12-25,83121226,False,
Perum Tamba Mangunsong,corporation,Partai Harapan Bangsa,political-party,2025-08-28,67678046,True,smurfing
Warji Aryani,individual,Ana Kuswandari,individual,2025-06-21,1533531634,True,self_funded
Perum Prasetya (Persero) Tbk,corporation,Partai Persatuan,political-party,2025-11-26,86706088,True,smurfing
PT Hariyah Budiman Tbk,corporation,"Drs. Karsana Salahudin, S.T.",individual,2025-12-19,23375877753,True,self_funded
Titin Mangunsong,individual,KH. Hartaka Nugroho,individual,2025-12-05,1194996823,True,self_funded
"Tgk. Jefri Hutagalung, S.Sos",individual,Satya Hardiansyah,individual,2025-12-20,1799381633,False,
PD Andriani Sitompul,corporation,Caraka Widiastuti,individual,2024-06-03,54248387,True,smurfing
Perum Siregar Wasita Tbk,corporation,Partai Indonesia Maju,political-party,2025-08-08,416669899,False,
BUMN Mina Permai,corporation,Salman Yulianti,individual,2024-09-17,4927525493,True,illegal_source
PD Yuniar Mansur,corporation,Himawan Pangestu,individual,2025-05-03,18405808,True,smurfing
UD Usada Budiman,corporation,Margana Mayasari,individual,2024-10-31,16460461959,True,self_funded
KH. Usman Tamba,individual,"Puti Chelsea Padmasari, M.Farm",individual,2024-01-25,1849362771,False,
Tami Permata,individual,Dr. Luthfi Kusmawati,individual,2025-05-18,1376611459,True,self_funded
Wira Pertiwi,individual,Aslijan Wastuti,individual,2024-12-30,2154839800,False,
Perum Suwarno Utami Tbk,organization,Partai Solidaritas Indonesia,political-party,2024-11-25,37418215,True,smurfing
PD Purnawati,corporation,Gawati Wahyuni,individual,2025-08-21,15548217325,True,self_funded
PT Anggraini Halim,corporation,"Natalia Pratiwi, S.IP",individual,2025-01-12,8052678327,True,self_funded
"Cut Paulin Safitri, S.E.I",individual,Partai Demokrat,political-party,2024-05-29,94944805,False,
CV Kusumo (Persero) Tbk,organization,Partai Demokrat,political-party,2025-09-20,53670649,True,smurfing
PD Sinaga Farida (Persero) Tbk,organization,H. Lanjar Setiawan,individual,2025-08-23,1236045243,True,proxy
CV Nuraini Siregar Tbk,corporation,Partai Solidaritas Indonesia,political-party,2024-04-15,244805188,True,proxy
Najib Wibowo,individual,drg. Pandu Pranowo,individual,2024-10-08,1579213366,True,self_funded
CV Waskita,organization,Partai Demokrat,political-party,2024-08-17,477046751,True,proxy
Purwa Permata,individual,Partai Nasional Demokrat,political-party,2025-06-01,28595325,False,
CV Wacana,corporation,"Tgk. Zaenab Melani, M.Pd",individual,2024-04-24,24308013537,True,self_funded
"Cut Elisa Nurdiyanti, M.Pd",individual,"Ir. Bakidin Siregar, S.Pt",individual,2024-04-02,1502782916,True,self_funded
UD Maulana Mahendra (Persero) Tbk,corporation,Zelaya Saputra,individual,2025-09-22,3328733849,True,self_funded
UD Permata Wasita (Persero) Tbk,corporation,Cecep Wahyudin,individual,2024-03-01,22048737802,True,self_funded
CV Anggraini (Persero) Tbk,corporation,Partai Nasional Demokrat,political-party,2024-04-06,220343083,False,
Artanto Pratiwi,individual,Partai Keadilan Indonesia,political-party,2025-11-07,128051402,False,
PD Susanti,corporation,Partai Harapan Bangsa,political-party,2024-08-10,54818394,True,smurfing
Perum Anggraini (Persero) Tbk,corporation,"Drs. Tirtayasa Mandala, S.Pd",individual,2024-05-27,1325925261,True,proxy
Jamalia Yuniar,individual,Partai Amanat Rakyat,political-party,2025-09-03,89344509,True,smurfing
Perum Yuliarti,organization,Partai Kebangkitan Rakyat,political-party,2024-08-13,469472497,True,proxy
Pemerintah Desa Sukamulya,organization,"Ghani Tarihoran, S.Sos",individual,2025-03-16,4402809371,True,illegal_source
Juli Susanti,individual,"KH. Jaeman Gunawan, S.IP",individual,2025-07-29,44321611,True,smurfing
PD Tamba Yuliarti,corporation,"dr. Yoga Siregar, S.E.",individual,2025-03-18,16164999276,False,
UD Sinaga (Persero) Tbk,organization,Partai Kebangkitan Rakyat,political-party,2024-12-19,503595603,False,
UD Mardhiyah,corporation,Partai Rakyat Sejahtera,political-party,2024-06-16,578263570,False,
CV Nashiruddin Tbk,corporation,"Nyoman Irawan, M.M.",individual,2024-05-01,5714692347,True,self_funded
Perum Yolanda (Persero) Tbk,corporation,"Dt. Asirwada Saragih, S.E.",individual,2025-11-25,11063746373,True,self_funded
"R.M. Dasa Wastuti, S.Ked",individual,Hamzah Budiman,individual,2024-10-20,1432842491,False,
PT Haryanti Tbk,corporation,Partai Nasional Demokrat,political-party,2025-03-17,19976524,True,smurfing
PD Sitompul (Persero) Tbk,corporation,Jaeman Gunarto,individual,2025-01-20,46700888,True,smurfing
Perum Agustina Nasyiah,corporation,Jaya Puspita,individual,2025-09-05,2680236959,False,
Wira Kusmawati,individual,Partai Persatuan,political-party,2025-05-19,82301815,False,
CV Wahyuni Astuti (Persero) Tbk,corporation,"Gaduh Firmansyah, M.Pd",individual,2025-08-15,1364303160,True,proxy
"Almira Nuraini, S.Ked",individual,Partai Persatuan,political-party,2024-11-23,70529565,True,smurfing
UD Marpaung,organization,Cut Dalima Simanjuntak,individual,2024-12-24,65795546,True,smurfing
PT Wasita,corporation,Yuni Maulana,individual,2024-10-28,17496865491,True,self_funded
Perum Lestari Namaga Tbk,corporation,Partai Amanat Rakyat,political-party,2024-05-16,372233810,False,
Rahmat Nasyidah,individual,Partai Demokrat,political-party,2024-03-15,41305529,False,
dr. Marsito Wahyudin,individual,Partai Demokrat,political-party,2024-09-03,72757239,True,smurfing
PD Dongoran Anggraini,organization,Anastasia Kurniawan,individual,2025-05-29,25653551,True,proxy
CV Jailani Kusmawati,organization,Partai Persatuan,political-party,2024-01-20,1779223840,True,proxy
PT Saefullah Hutapea Tbk,organization,Unjani Zulkarnain,individual,2025-12-20,60564395,True,smurfing
PD Puspasari Hutasoit (Persero) Tbk,corporation,Partai Amanat Rakyat,political-party,2024-11-04,1408157510,True,proxy
PD Ramadan,organization,Partai Kebangkitan Rakyat,political-party,2025-09-10,292123861,False,
"Tantri Irawan, S.T.",individual,Partai Solidaritas Indonesia,political-party,2025-06-10,61134876,False,
CV Usamah,organization,Partai Demokrat,political-party,2024-02-08,57593686,True,smurfing
Dinda Sihotang,individual,Partai Keadilan Indonesia,political-party,2025-10-31,13360049,True,smurfing
"Karsa Gunawan, S.T.",individual,Asmuni Suryono,individual,2024-06-04,25666489,True,smurfing
PT Adriansyah Wijaya,corporation,Michelle Waluyo,individual,2025-08-12,20444076451,True,self_funded
PD Hardiansyah,corporation,Among Mulyani,individual,2025-05-03,18961780716,True,self_funded
"Drs. Paulin Lazuardi, S.Sos",individual,Partai Solidaritas Indonesia,political-party,2025-11-08,74379712,False,
Hj. Usyi Prayoga,individual,Partai Kebangkitan Rakyat,political-party,2024-08-08,125289679,False,
CV Dongoran Sihombing,corporation,Hasim Hariyah,individual,2025-02-24,4173221289,True,self_funded
PT PLN (Persero),corporation,Partai Kebangkitan Rakyat,political-party,2024-08-23,601357746,True,illegal_source
Perum Hartati Tbk,organization,Partai Kebangkitan Rakyat,political-party,2024-03-13,83644344,True,smurfing
Irma Narpati,individual,"Emil Wibisono, S.T.",individual,2025-07-25,1499696044,True,self_funded
CV Mansur Permata,corporation,Salsabila Wastuti,individual,2024-05-15,20782575050,False,
Perum Sitompul Tbk,corporation,Partai Indonesia Maju,political-party,2024-10-03,265339695,False,
PD Kusmawati Prakasa,corporation,R. Genta Nasyidah,individual,2025-11-04,22119423888,True,self_funded
"Sarah Halim, S.E.I",individual,Dipa Hidayat,individual,2025-06-08,2242700128,True,self_funded
Hj. Farah Mandala,individual,Partai Demokrat,political-party,2024-10-30,44501591,False,
BUMN Mina Permai,corporation,Partai Solidaritas Indonesia,political-party,2025-07-23,644822606,True,illegal_source
CV Kusumo,organization,"Cut Laras Kurniawan, S.Psi",individual,2024-06-09,1318589812,True,proxy
CV Hasanah Prabowo (Persero) Tbk,corporation,"Ir. Novi Usada, S.Gz",individual,2024-03-05,20539639581,False,
Perum Mayasari (Persero) Tbk,organization,Partai Nasional Demokrat,political-party,2024-12-26,16699377,True,smurfing
"Drs. Ira Simbolon, S.E.I",individual,"R. Rizki Maryati, S.E.I",individual,2024-06-08,59939758,True,smurfing
Arsipatra Suryono,individual,Luwar Ramadan,individual,2025-02-17,1455035242,True,self_funded
UD Nugroho Wibisono,corporation,Partai Amanat Rakyat,political-party,2025-10-04,774141191,True,proxy
Karman Padmasari,individual,"Tgk. Jelita Najmudin, S.H.",individual,2025-04-08,1797546104,False,
PT Kusumo,organization,Sarah Saefullah,individual,2024-08-08,336750686,True,proxy
PD Andriani Narpati Tbk,corporation,Partai Harapan Bangsa,political-party,2024-06-19,52336390,True,smurfing
UD Napitupulu Tarihoran (Persero) Tbk,corporation,"Hj. Gasti Kusumo, S.H.",individual,2025-05-06,31612992,True,smurfing
Sutan Pranata Marbun,individual,Partai Nasional Demokrat,political-party,2025-08-14,1354122,False,
CV Namaga Habibi,corporation,Partai Keadilan Indonesia,political-party,2025-12-05,94532769,True,smurfing
KH. Lanang Anggraini,individual,"Puti Jamalia Halimah, S.H.",individual,2025-03-04,2425771470,True,self_funded
Rahmi Manullang,individual,"KH. Makuta Suryatmi, S.E.",individual,2025-03-25,28683357,True,smurfing
UD Tampubolon Pratiwi Tbk,corporation,Partai Persatuan,political-party,2024-12-14,217250781,False,
Tedi Novitasari,individual,Partai Solidaritas Indonesia,political-party,2025-02-28,118934700,False,
UD Pertiwi Mahendra (Persero) Tbk,organization,Bella Nasyiah,individual,2024-05-23,9592382,True,smurfing
PT Januar,corporation,Partai Solidaritas Indonesia,political-party,2024-05-28,144810638,False,
Gina Namaga,individual,Perkasa Hakim,individual,2024-04-18,13203114,True,smurfing
PD Dabukke Tbk,corporation,Ina Kuswandari,individual,2025-11-30,21568489064,True,self_funded
PT Mustofa Mangunsong (Persero) Tbk,corporation,Partai Nasional Demokrat,political-party,2025-03-07,402569906,False,
"Puti Clara Sihombing, S.E.I",individual,Gasti Zulkarnain,individual,2025-05-31,1626431176,True,self_funded
drg. Adiarja Pratama,individual,Padma Wacana,individual,2024-02-07,2200846127,True,self_funded
Dr. Lasmono Januar,individual,Tantri Wasita,individual,2024-12-24,1691178066,False,
PT Nurdiyanti Salahudin Tbk,corporation,Dr. Ajiman Pranowo,individual,2025-03-24,79267818,True,smurfing
PD Wasita Handayani (Persero) Tbk,corporation,Ir. Agnes Prasasta,individual,2025-11-16,55171665,True,smurfing
Artanto Suryono,individual,Almira Mansur,individual,2024-08-20,2291609643,True,self_funded
"drg. Gasti Haryanti, S.Kom",individual,"Jessica Kurniawan, S.Farm",individual,2024-02-06,79186334,True,smurfing
CV Simanjuntak Suwarno,corporation,Dr. Nasab Putra,individual,2024-10-05,16651789733,True,self_funded
UD Sinaga Tbk,corporation,Tiara Hassanah,individual,2025-07-31,4407706963,False,
Yahya Wibisono,individual,Cawisadi Tampubolon,individual,2025-09-01,2294146207,True,self_funded
"Sarah Manullang, S.Sos",individual,Partai Demokrat,political-party,2024-04-20,21536316,False,
PT Namaga Natsir (Persero) Tbk,organization,"Dt. Eka Namaga, S.Gz",individual,2024-11-21,1654015488,True,proxy
UD Prabowo,corporation,"R. Jelita Yolanda, M.Farm",individual,2024-07-20,6384689057,True,self_funded
Perum Namaga Dabukke (Persero) Tbk,corporation,Partai Keadilan Indonesia,political-party,2025-08-27,425771379,False,
Hendri Hidayanto,individual,Ir. Wisnu Mulyani,individual,2025-12-09,48944894,False,
CV Yuliarti (Persero) Tbk,corporation,Partai Keadilan Indonesia,political-party,2025-09-21,377391415,False,
PD Dongoran (Persero) Tbk,corporation,Septi Nashiruddin,individual,2024-09-16,10728300223,False,
Wadi Hidayat,individual,"Victoria Halimah, S.H.",individual,2025-12-18,2089512792,True,self_funded
PT Mayasari Manullang (Persero) Tbk,corporation,Kemal Nuraini,individual,2024-11-14,23046072534,True,self_funded
CV Rahmawati Suartini Tbk,corporation,Siti Astuti,individual,2024-07-22,21484106244,True,self_funded
UD Hutapea,corporation,"Wulan Prasetya, S.Pt",individual,2024-09-11,1313189702,True,proxy
CV Wibisono Kurniawan,corporation,Partai Solidaritas Indonesia,political-party,2025-10-14,219608680,False,
UD Prasetya Handayani Tbk,organization,Partai Rakyat Sejahtera,political-party,2024-10-12,1296422150,True,proxy
Oman Aryani,individual,Nadine Mandasari,individual,2025-04-24,538998196,False,
PD Dongoran,corporation,Partai Solidaritas Indonesia,political-party,2024-01-02,361185811,False,
PD Budiyanto Saefullah Tbk,organization,Caket Prayoga,individual,2024-05-17,764094383,True,proxy
PT Suryatmi (Persero) Tbk,corporation,Partai Solidaritas Indonesia,political-party,2025-01-08,389894422,False,
"Cemplunk Hidayat, M.M.",individual,Gabriella Tarihoran,individual,2024-12-06,1180130326,True,self_funded
PT Maheswara,corporation,Syahrini Ramadan,individual,2024-12-25,20769603168,False,
PT Budiman (Persero) Tbk,organization,Partai Kebangkitan Rakyat,political-party,2024-10-21,99613930,True,smurfing
PD Utami Lestari Tbk,corporation,Nadine Prasetya,individual,2025-10-20,6803874467,False,
"Karen Situmorang, S.Pt",individual,Partai Keadilan Indonesia,political-party,2025-10-16,153300276,False,
Humaira Palastri,individual,Partai Indonesia Maju,political-party,2025-02-08,11983675,False,
CV Oktaviani Tbk,organization,Partai Indonesia Maju,political-party,2025-08-17,149116578,False,
"Kani Sihotang, S.I.Kom",individual,Partai Amanat Rakyat,political-party,2024-09-24,155305912,False,
"Puput Nainggolan, S.Kom",individual,Partai Demokrat,political-party,2024-01-11,84863471,False,
"Gina Wibisono, S.Farm",individual,Farhunnisa Susanti,individual,2024-12-08,56268712,False,
Bala Wulandari,individual,Partai Demokrat,political-party,2025-03-05,17353030,True,smurfing
Kajen Napitupulu,individual,Halima Marpaung,individual,2025-06-20,471211714,False,
Opung Widodo,individual,"Tgk. Elon Halim, S.E.",individual,2025-11-15,1430200110,True,self_funded
"Jaya Prasetyo, S.IP",individual,Partai Persatuan,political-party,2024-09-28,368793608,True,over_limit
"Laras Rajasa, S.I.Kom",individual,Partai Nasional Demokrat,political-party,2024-07-14,19786336,False,
PT Yuniar,corporation,Diana Hariyah,individual,2024-05-21,34366794515,True,over_limit
Mala Pradipta,individual,Yusuf Mulyani,individual,2025-05-05,1005897797,False,
CV Maheswara,corporation,Gandi Utama,individual,2024-09-16,7044467705,False,
UD Siregar Sihombing,corporation,"Maimunah Sitompul, M.M.",individual,2025-06-27,43094305,True,proxy
"Sutan Asmuni Anggraini, S.Sos",individual,"Dr. Ayu Budiman, S.I.Kom",individual,2025-04-06,1737610800,False,
PT Latupono Kusmawati (Persero) Tbk,corporation,R. Laras Usamah,individual,2024-08-19,13882053794,True,self_funded
Tania Lailasari,individual,Lembah Pradipta,individual,2025-07-28,1666133722,True,self_funded
CV Padmasari,organization,Partai Demokrat,political-party,2024-11-16,660480771,True,proxy
Violet Nasyiah,individual,Ganep Wasita,individual,2024-04-05,580781207,False,
Perum Uwais,organization,"Tgk. Calista Suartini, S.Farm",individual,2024-10-24,788142188,True,proxy
CV Ardianto,organization,Ir. Kartika Wulandari,individual,2025-05-19,1203526983,True,proxy
Perum Firmansyah Tbk,corporation,Prabowo Samosir,individual,2024-09-04,13470267520,True,self_funded
CV Salahudin (Persero) Tbk,corporation,"Taufik Wahyudin, S.Kom",individual,2024-11-12,14140856607,True,self_funded
Ganda Lazuardi,individual,Partai Keadilan Indonesia,political-party,2024-12-27,163511067,False,
Mahfud Rahayu,individual,Partai Nasional Demokrat,political-party,2025-10-04,6622971,True,smurfing
Perum Rahayu (Persero) Tbk,corporation,Partai Indonesia Maju,political-party,2024-12-17,1168509358,True,over_limit
Perum Utama,corporation,Ozy Hutagalung,individual,2025-08-03,4643195744,False,
PT Hakim Puspita,corporation,"Mitra Damanik, S.I.Kom",individual,2024-12-20,3005429989,False,
Perum Siregar Siregar (Persero) Tbk,corporation,Drs. Eli Prastuti,individual,2025-03-18,19011544302,False,
CV Novitasari Tbk,corporation,Tami Namaga,individual,2025-01-26,18515702,True,proxy
"Drs. Tri Tarihoran, M.Farm",individual,"Ifa Kuswandari, S.Farm",individual,2025-10-08,2170240121,False,
Perum Oktaviani Tbk,corporation,Calista Haryanti,individual,2024-10-07,17212605384,False,
Ir. Pardi Lestari,individual,Partai Nasional Demokrat,political-party,2025-02-24,62043210,False,
"R.M. Legawa Thamrin, S.T.",individual,Rahmi Wibisono,individual,2024-11-28,931018775,False,
KH. Lukman Rahimah,individual,Tina Wahyuni,individual,2024-10-09,5965000,True,smurfing
R.M. Margana Gunarto,individual,"Nova Damanik, S.Gz",individual,2025-10-29,81191167,True,smurfing
UD Oktaviani Simbolon Tbk,organization,Anastasia Maryati,individual,2025-03-30,1323904096,True,proxy
UD Permadi Tbk,corporation,Partai Demokrat,political-party,2025-05-31,72857093,True,smurfing
Putri Suryatmi,individual,Partai Harapan Bangsa,political-party,2025-08-26,2165886,False,
CV Zulaika,corporation,Fathonah Marpaung,individual,2024-01-21,21809834764,False,
Pemerintah Kota Surabaya,organization,Ibun Suryatmi,individual,2024-08-09,23726174592,True,illegal_source
Perum Sudiati Wibisono,organization,Legawa Latupono,individual,2025-11-02,21159595,True,smurfing
Perum Januar Anggraini Tbk,organization,"Joko Dongoran, S.Sos",individual,2024-01-31,1633625477,True,proxy
UD Nasyiah Tbk,corporation,Partai Harapan Bangsa,political-party,2025-12-15,1894818273,True,proxy
"Febi Gunarto, S.E.I",individual,R. Hamzah Sitorus,individual,2025-11-19,1267251625,True,self_funded
"R. Janet Zulaika, S.Psi",individual,Adikara Prayoga,individual,2024-05-24,1716675466,False,
Dt. Rosman Simbolon,individual,dr. Belinda Suryatmi,individual,2025-08-29,1701765953,False,
"H. Bambang Wacana, M.Pd",individual,"R.A. Cinthia Kuswandari, S.IP",individual,2024-09-03,451061470,False,
Jagaraga Januar,individual,Partai Indonesia Maju,political-party,2024-08-07,170015868,False,
PD Wastuti Hidayanto,corporation,Partai Harapan Bangsa,political-party,2025-12-27,325342240,False,
CV Maryadi,corporation,Partai Amanat Rakyat,political-party,2025-04-24,566581833,False,
PD Riyanti Permata (Persero) Tbk,organization,Partai Nasional Demokrat,political-party,2024-06-21,29424830,True,smurfing
"Lanjar Marpaung, S.Ked",individual,Hilda Winarno,individual,2024-09-06,2145907460,False,
Perum Gunarto,organization,Partai Demokrat,political-party,2024-06-29,52324708,True,proxy
CV Najmudin Maheswara,corporation,Cut Julia Prakasa,individual,2024-06-16,3606682481,True,self_funded
PT Hardiansyah,organization,Galang Waskita,individual,2024-01-25,10782471477,False,
PD Haryanti Sihombing (Persero) Tbk,corporation,Anastasia Saptono,individual,2025-02-27,6777218022,False,
PD Pradipta Tbk,corporation,Jabal Mandasari,individual,2025-01-03,21235902655,True,self_funded
PT Hidayanto Tbk,corporation,Victoria Kuswoyo,individual,2025-06-15,7336989472,True,self_funded
Fitriani Maheswara,individual,"Dr. Cornelia Wijayanti, S.Kom",individual,2025-05-13,3261837117,True,over_limit
Perum Wijaya Wibisono (Persero) Tbk,organization,Partai Harapan Bangsa,political-party,2024-02-12,1487877445,True,proxy
PT Nugroho,organization,Partai Persatuan,political-party,2024-06-02,331330245,True,proxy
UD Sihombing (Persero) Tbk,organization,"Dr. Opung Nashiruddin, M.Ak",individual,2025-04-04,17047547497,False,
CV Utama,organization,Partai Persatuan,political-party,2025-09-18,488751044,False,
PD Hutapea,corporation,Partai Harapan Bangsa,political-party,2025-06-14,92258703,True,smurfing
"Betania Hassanah, M.Farm",individual,Partai Rakyat Sejahtera,political-party,2025-07-25,47260232,False,
PT Nasyiah Tamba (Persero) Tbk,corporation,Ina Hariyah,individual,2024-07-24,71017135,True,smurfing
UD Hutagalung Nasyidah,corporation,R.A. Zulaikha Maryati,individual,2025-12-24,1270747177,True,proxy
PT Megantara Wasita (Persero) Tbk,organization,Partai Indonesia Maju,political-party,2024-02-28,1381978961,True,over_limit
"Drs. Ajeng Gunarto, S.E.I",individual,Maryadi Andriani,individual,2024-07-24,1473720954,False,
UD Winarsih Nainggolan,corporation,R. Eli Sudiati,individual,2025-05-10,8784643584,False,
Perum Usamah Hardiansyah (Persero) Tbk,organization,Maida Widodo,individual,2025-11-17,21181576,True,smurfing
Tirta Prakasa,individual,Elvina Palastri,individual,2024-07-13,926449749,False,
PD Sitorus Wijayanti,organization,Partai Indonesia Maju,political-party,2024-02-19,679816818,False,
Unjani Prayoga,individual,Partai Keadilan Indonesia,political-party,2024-07-07,64470756,True,smurfing
Dian Hidayanto,individual,Partai Kebangkitan Rakyat,political-party,2025-09-10,100819612,False,
"Akarsana Yulianti, S.Gz",individual,Partai Persatuan,political-party,2024-09-20,171530685,False,
Perum Zulaika Nasyidah,corporation,Partai Keadilan Indonesia,political-party,2024-06-21,356450055,False,
CV Jailani,corporation,Partai Kebangkitan Rakyat,political-party,2024-04-05,180172148,False,
"drg. Shania Hardiansyah, S.Farm",individual,"Drs. Belinda Siregar, S.Pd",individual,2025-10-30,676637965,False,
"Nyoman Wulandari, S.Sos",individual,"Drs. Karimah Iswahyudi, S.Sos",individual,2024-01-11,3248591901,True,over_limit
Hasta Gunarto,individual,Partai Solidaritas Indonesia,political-party,2025-01-09,77573712,False,
Sakura Sihombing,individual,"Cut Jessica Melani, S.H.",individual,2024-09-07,90775865,False,
PD Haryanto Wijaya,corporation,Partai Kebangkitan Rakyat,political-party,2024-02-07,509682601,False,
PT Wahyuni Tbk,corporation,Partai Demokrat,political-party,2024-05-27,12330686,True,smurfing
CV Zulaika Riyanti,corporation,"Puti Paramita Hassanah, M.TI.",individual,2025-06-30,95403941,True,smurfing
drg. Karsana Mansur,individual,Drs. Olivia Laksita,individual,2024-04-21,1360113457,False,
PT Wibisono Tbk,corporation,"Pangeran Mardhiyah, S.Farm",individual,2025-08-10,9802725086,False,
CV Damanik (Persero) Tbk,corporation,Wakiman Prasasta,individual,2024-12-18,1014069855,True,self_funded
PT Halim Tbk,corporation,Partai Rakyat Sejahtera,political-party,2025-09-13,539167699,False,
UD Prayoga Damanik Tbk,corporation,Partai Persatuan,political-party,2024-07-21,1774324539,True,proxy
Hilda Maryadi,individual,Partai Nasional Demokrat,political-party,2025-09-23,82186501,False,
CV Pradana Hasanah,corporation,Partai Indonesia Maju,political-party,2024-05-17,687073329,True,proxy
Perum Sitompul Kurniawan,corporation,R. Mahfud Andriani,individual,2025-12-29,8629311192,True,self_funded
Perum Sudiati (Persero) Tbk,corporation,Partai Harapan Bangsa,political-party,2025-07-14,482400837,True,proxy
Putu Siregar,individual,"Cut Ayu Permadi, S.Kom",individual,2025-06-26,355475287,False,
PT Setiawan Permadi (Persero) Tbk,organization,"Dr. Ami Habibi, S.T.",individual,2025-07-23,6314467626,False,
"Ir. Leo Astuti, S.E.",individual,Maria Palastri,individual,2024-11-19,196905014,False,
UD Usamah Saragih,organization,Partai Keadilan Indonesia,political-party,2025-06-15,319924823,True,proxy
Perum Adriansyah Tbk,organization,Mulyanto Haryanto,individual,2024-09-02,811847066,True,proxy
Tgk. Latika Saefullah,individual,Xanana Melani,individual,2024-05-30,1989097138,True,self_funded
Silvia Anggriawan,individual,Erik Padmasari,individual,2024-06-03,58495638,True,self_funded
PT Adriansyah Tbk,organization,Partai Indonesia Maju,political-party,2025-08-21,1546984227,True,over_limit
CV Damanik Suartini (Persero) Tbk,corporation,Partai Rakyat Sejahtera,political-party,2025-09-21,685680881,False,
PD Budiman Tbk,corporation,Partai Kebangkitan Rakyat,political-party,2024-11-17,31299072,True,smurfing
PT Firgantoro Haryanti,corporation,Partai Harapan Bangsa,political-party,2024-10-03,67028715,True,smurfing
PD Nugroho Usamah (Persero) Tbk,corporation,Partai Amanat Rakyat,political-party,2025-11-08,1126382555,True,proxy
Perum Mandasari Budiyanto,organization,Partai Rakyat Sejahtera,political-party,2025-08-26,1961661670,True,proxy
CV Manullang Agustina,corporation,"Puti Ilsa Simanjuntak, S.Pd",individual,2024-06-14,22724612336,True,self_funded
"T. Kalim Hidayanto, M.Farm",individual,Partai Indonesia Maju,political-party,2025-09-30,66817435,True,smurfing
UD Haryanti Uwais,corporation,Anastasia Yuniar,individual,2024-03-12,19249405883,False,
Perum Hastuti,corporation,Hj. Fitriani Hidayanto,individual,2025-08-18,136361619,True,proxy
Arsipatra Sihombing,individual,Partai Nasional Demokrat,political-party,2024-04-03,152849901,False,
Zelaya Simanjuntak,individual,"Argono Uyainah, S.E.I",individual,2024-07-15,439912298,False,
PD Kurniawan Mansur,corporation,Agnes Widodo,individual,2024-09-15,46088291,True,smurfing
Maman Maryati,individual,Nilam Tarihoran,individual,2025-02-05,78254945,True,smurfing
Perum Haryanto Winarno,corporation,Partai Rakyat Sejahtera,political-party,2024-08-08,37613076,True,proxy
Zulfa Latupono,individual,Partai Persatuan,political-party,2024-08-27,64465610,True,smurfing
Perum Mustofa,organization,"drg. Adiarja Saputra, S.I.Kom",individual,2024-04-10,1677056180,True,proxy
Dr. Vanesa Laksita,individual,Partai Nasional Demokrat,political-party,2025-04-10,61559140,False,
UD Hastuti Tbk,corporation,Partai Harapan Bangsa,political-party,2025-11-04,89688743,True,smurfing
PD Samosir Sihotang (Persero) Tbk,corporation,T. Dacin Hutapea,individual,2025-09-05,9995252007,False,
Dt. Mumpuni Winarno,individual,Partai Nasional Demokrat,political-party,2024-06-01,59123995,False,
CV Simanjuntak Tbk,corporation,Partai Nasional Demokrat,political-party,2025-09-09,198792967,False,
CV Nainggolan (Persero) Tbk,organization,Partai Keadilan Indonesia,political-party,2025-10-02,488317283,False,
PD Rahmawati,corporation,Partai Amanat Rakyat,political-party,2025-02-20,995417208,True,proxy
"Natalia Permadi, S.Pd",individual,Partai Keadilan Indonesia,political-party,2025-05-02,57276669,False,
PD Dabukke Purwanti (Persero) Tbk,organization,"dr. Bakidin Mandala, M.Ak",individual,2025-12-05,1745309437,True,proxy
R. Jamalia Hidayat,individual,Dr. Warta Lazuardi,individual,2024-05-23,67333140,True,smurfing
Ghani Utama,individual,Ir. Baktianto Kuswandari,individual,2025-11-08,361434052,False,
PT Mangunsong Tbk,corporation,"Dr. Mujur Suryatmi, S.Sos",individual,2024-06-21,23090228703,True,self_funded
Perum Hutapea Anggriawan,corporation,Yusuf Nasyidah,individual,2024-04-07,3535393050,True,self_funded
CV Uyainah Usada,organization,R.M. Gaman Sihombing,individual,2024-03-24,9050473596,False,
PT Wibisono,organization,Estiawan Suwarno,individual,2024-10-03,12177095526,False,
CV Zulkarnain,corporation,Drs. Amalia Kuswoyo,individual,2025-11-22,2083569835,True,self_funded
PT Pertamina (Persero),corporation,T. Maras Sihombing,individual,2025-01-10,16187231865,True,illegal_source
PT Zulkarnain Nurdiyanti,organization,Partai Solidaritas Indonesia,political-party,2025-01-14,94696281,True,smurfing
R. Kasiyah Fujiati,individual,Gada Maheswara,individual,2024-07-10,132155270,True,self_funded
CV Winarsih,corporation,Ir. Koko Maryati,individual,2025-03-31,11181764715,False,
PD Gunarto Situmorang Tbk,organization,Partai Rakyat Sejahtera,political-party,2025-10-23,1335747589,True,proxy
Hj. Eli Mandasari,individual,Partai Harapan Bangsa,political-party,2024-08-10,41748743,False,
Kezia Marbun,individual,Partai Demokrat,political-party,2025-04-08,106791182,False,
Gabriella Ramadan,individual,Partai Harapan Bangsa,political-party,2025-12-02,149083178,False,
CV Kuswandari (Persero) Tbk,corporation,H. Ian Utami,individual,2025-04-07,1545721830,False,
CV Lazuardi Lestari,organization,Partai Keadilan Indonesia,political-party,2025-07-29,517385068,True,proxy
Fathonah Andriani,individual,Partai Nasional Demokrat,political-party,2025-06-28,73410321,True,smurfing
PT Winarsih Padmasari (Persero) Tbk,corporation,Koko Permadi,individual,2025-05-14,9564924457,True,self_funded
Jayeng Siregar,individual,Partai Nasional Demokrat,political-party,2024-08-29,161880844,False,
Perum Agustina (Persero) Tbk,corporation,Ellis Natsir,individual,2025-12-28,1819398324,True,proxy
CV Suryono Gunawan Tbk,corporation,Hamima Saptono,individual,2024-09-13,12510735802,False,
Dwi Palastri,individual,Bala Wacana,individual,2024-01-09,1021928000,True,self_funded
Galur Wulandari,individual,Umar Namaga,individual,2024-05-01,1839846378,False,
PD Marbun Kusumo Tbk,corporation,Betania Tampubolon,individual,2025-10-23,19937735712,False,
Kacung Rahmawati,individual,Partai Amanat Rakyat,political-party,2025-10-29,22858447,False,
Ellis Prabowo,individual,Oliva Ardianto,individual,2025-08-18,1600700163,True,self_funded
PT Maheswara Wibisono,organization,Gandi Dongoran,individual,2024-11-01,9634666441,False,
PD Widodo,corporation,Umaya Hardiansyah,individual,2025-03-04,4616484275,True,self_funded
CV Suwarno,corporation,Partai Indonesia Maju,political-party,2025-12-25,298717293,False,
Garda Anggraini,individual,"Jati Nainggolan, S.Pd",individual,2024-08-04,422114266,True,self_funded
Perum Susanti (Persero) Tbk,corporation,Tgk. Ganjaran Prasasta,individual,2025-12-07,7066877901,True,self_funded
UD Mahendra Pranowo,organization,Bahuwirya Anggraini,individual,2025-06-20,67452511,True,smurfing
PD Widodo Tbk,corporation,Partai Kebangkitan Rakyat,political-party,2025-01-26,514102134,False,
CV Salahudin Mansur,corporation,Partai Solidaritas Indonesia,political-party,2025-08-02,575887979,True,proxy
"Tgk. Eka Megantara, S.IP",individual,Elma Waluyo,individual,2025-06-11,868913828,True,self_funded
PD Anggriawan,organization,drg. Galih Maulana,individual,2025-09-25,71027598,True,smurfing
Ilsa Thamrin,individual,Aurora Tampubolon,individual,2025-06-03,1844761073,False,
Kementerian Pendidikan Nasional,organization,Partai Solidaritas Indonesia,political-party,2024-12-18,559206094,True,illegal_source
"dr. Puput Megantara, S.I.Kom",individual,Partai Demokrat,political-party,2025-03-03,130040477,False,
"Syahrini Halimah, M.TI.",individual,Gabriella Mardhiyah,individual,2025-08-15,1361239507,False,
UD Pudjiastuti Tbk,corporation,Partai Demokrat,political-party,2025-02-10,68814933,True,proxy
UD Samosir Wulandari,corporation,Ulya Zulaika,individual,2025-10-23,6781132736,False,
PT Novitasari,corporation,Samiah Suartini,individual,2025-01-03,18771739196,False,
Latif Rahmawati,individual,Partai Harapan Bangsa,political-party,2024-07-04,96452231,True,smurfing
"Drs. Malika Maheswara, S.I.Kom",individual,Yani Saptono,individual,2025-08-09,887424913,True,self_funded
Perum Sihombing (Persero) Tbk,corporation,Kartika Rahayu,individual,2025-01-18,84553325,True,smurfing
"Jaga Hardiansyah, S.Kom",individual,Cakrabuana Dabukke,individual,2024-02-06,1184449470,False,
"Tomi Santoso, S.E.I",individual,Cahyadi Permata,individual,2024-03-26,2332436007,True,self_funded
UD Sudiati,organization,Partai Keadilan Indonesia,political-party,2024-04-25,1153872178,True,over_limit
Perum Pradipta (Persero) Tbk,corporation,Partai Harapan Bangsa,political-party,2025-07-09,184121778,False,
Perum Situmorang Prasasta (Persero) Tbk,organization,Partai Indonesia Maju,political-party,2025-04-16,14345322,True,smurfing
Kementerian Keuangan,organization,Partai Rakyat Sejahtera,political-party,2025-12-23,471876553,True,illegal_source
Alika Usamah,individual,Partai Kebangkitan Rakyat,political-party,2025-06-17,169722585,False,
Eva Astuti,individual,Partai Persatuan,political-party,2024-06-02,41505304,False,
UD Lailasari,corporation,Cut Puti Prastuti,individual,2024-08-22,514419592,True,self_funded
CV Hutagalung (Persero) Tbk,organization,Partai Indonesia Maju,political-party,2024-03-24,695975819,False,
Titin Nuraini,individual,Partai Demokrat,political-party,2024-02-24,102135146,False,
UD Farida Pudjiastuti Tbk,organization,Ibrahim Farida,individual,2025-05-20,2051050626,False,
"dr. Wardi Wahyudin, M.Kom.",individual,Partai Indonesia Maju,political-party,2025-07-12,64057792,False,
Prabowo Winarsih,individual,Partai Persatuan,political-party,2025-09-11,54387015,False,
PT Nainggolan Pertiwi Tbk,corporation,Partai Solidaritas Indonesia,political-party,2025-10-29,482012715,False,
UD Halimah Andriani,corporation,Puti Wani Mansur,individual,2025-05-16,15603736814,False,
"Talia Fujiati, M.Kom.",individual,"Ilsa Namaga, M.M.",individual,2025-11-03,1607248438,False,
PT Pratama Setiawan,organization,Partai Demokrat,political-party,2024-05-18,1154431853,True,proxy
"Drs. Yance Siregar, S.Farm",individual,Partai Nasional Demokrat,political-party,2024-12-21,174530996,False,
PT Mandasari,corporation,Nilam Napitupulu,individual,2025-05-13,8362809037,True,self_funded
UD Hariyah,corporation,Partai Kebangkitan Rakyat,political-party,2025-05-18,650014248,False,
CV Sihombing Tbk,organization,R. Cawisono Prasetyo,individual,2024-02-05,42716317,True,smurfing
Karen Permata,individual,Partai Persatuan,political-party,2025-01-01,83268658,False,
Digdaya Wacana,individual,Ajimat Pranowo,individual,2024-05-06,84332529,True,smurfing
"Drs. Prabu Napitupulu, M.Farm",individual,Mursinin Hastuti,individual,2024-12-13,1186819401,True,self_funded
Latif Widiastuti,individual,Dr. Zulfa Hariyah,individual,2025-07-12,1726258466,False,
Ifa Hidayat,individual,Partai Rakyat Sejahtera,political-party,2025-04-10,53616365,False,
"Dinda Thamrin, M.Farm",individual,Raden Astuti,individual,2025-06-22,34614241,False,
R. Edward Mansur,individual,Gaiman Prasetyo,individual,2025-05-20,681293025,False,
"Carla Maheswara, S.I.Kom",individual,"Hj. Elisa Mandala, S.H.",individual,2024-04-20,626727405,True,self_funded
UD Maulana Tbk,corporation,"Kemba Wasita, S.I.Kom",individual,2024-12-01,156416179,True,proxy
R. Uli Haryanto,individual,Partai Persatuan,political-party,2024-04-08,25212576,True,smurfing
PD Suartini,corporation,Harsaya Sirait,individual,2025-09-20,24128626717,True,self_funded
PT Melani Aryani (Persero) Tbk,corporation,Partai Kebangkitan Rakyat,political-party,2024-08-24,38063532,True,smurfing
Perum Natsir Mahendra,organization,Partai Amanat Rakyat,political-party,2024-03-21,30689254,True,smurfing
Humaira Lestari,individual,Partai Kebangkitan Rakyat,political-party,2025-05-13,72186809,False,
Perum Maheswara Laksmiwati Tbk,corporation,Partai Persatuan,political-party,2025-09-02,987295008,True,proxy
UD Maryadi,corporation,Cut Cici Sudiati,individual,2024-06-13,1162079593,True,proxy
"R.M. Kadir Dongoran, S.Psi",individual,Partai Amanat Rakyat,political-party,2024-02-05,87626685,False,
R.M. Kalim Laksita,individual,Partai Demokrat,political-party,2025-02-23,75612975,False,
Pemkab Toba,organization,Bella Sitompul,individual,2024-03-14,10827851426,True,illegal_source
PD Mardhiyah,organization,Leo Putra,individual,2025-06-10,13862350403,False,
Iriana Hidayanto,individual,Jagapati Oktaviani,individual,2025-03-13,4566868244,True,over_limit
PD Gunarto (Persero) Tbk,corporation,Partai Keadilan Indonesia,political-party,2024-03-23,197897040,False,
Hardi Napitupulu,individual,"Adhiarja Hidayat, M.M.",individual,2024-06-27,2183928691,True,self_funded
Perum Mayasari,organization,Hartana Mansur,individual,2024-05-09,1423212730,True,proxy
Liman Sinaga,individual,Partai Keadilan Indonesia,political-party,2025-01-14,317015912,True,over_limit
Gambira Santoso,individual,"Jasmin Mahendra, S.Sos",individual,2024-02-14,2127893546,True,self_funded
"Ir. Septi Gunarto, M.TI.",individual,"Betania Nababan, S.E.",individual,2024-05-14,1657750134,False,
Perum Ramadan (Persero) Tbk,organization,"Rahayu Lestari, S.Farm",individual,2025-06-30,484121917,True,proxy
"Sutan Candrakanta Putra, M.Kom.",individual,Partai Demokrat,political-party,2024-10-07,114533939,False,
Gaman Manullang,individual,"dr. Bakda Kurniawan, M.Farm",individual,2025-01-14,1796568087,False,
"drg. Raina Mardhiyah, M.TI.",individual,Partai Kebangkitan Rakyat,political-party,2025-05-19,129029271,False,
Harja Wibowo,individual,R. Fathonah Megantara,individual,2024-09-11,599193268,False,
Perum Waluyo Situmorang Tbk,corporation,"Bagya Pratama, S.Ked",individual,2025-03-12,1584773488,True,proxy
Perum Zulkarnain Narpati,corporation,Partai Persatuan,political-party,2025-02-04,2140079,False,
Ajeng Suartini,individual,Mujur Uyainah,individual,2025-02-03,1800545510,True,self_funded
R. Tiara Haryanto,individual,Partai Kebangkitan Rakyat,political-party,2024-03-30,155805916,False,
PT Telekomunikasi Indonesia (Persero),corporation,Cut Widya Usamah,individual,2025-05-17,8548034568,True,illegal_source
UD Dabukke (Persero) Tbk,corporation,Partai Amanat Rakyat,political-party,2025-08-17,1527597553,True,proxy
CV Samosir Najmudin,corporation,Partai Indonesia Maju,political-party,2024-03-19,1017235138,True,proxy
PD Latupono Haryanti (Persero) Tbk,corporation,Rika Andriani,individual,2025-03-26,13908502371,True,self_funded
"Cut Tami Widiastuti, S.Kom",individual,Belinda Situmorang,individual,2024-04-26,2115097718,False,
Prabawa Natsir,individual,T. Emil Mandala,individual,2024-06-13,2224462526,True,self_funded
Agnes Sihombing,individual,Partai Solidaritas Indonesia,political-party,2025-12-21,119225231,False,
PD Ardianto Prabowo (Persero) Tbk,organization,Umi Haryanto,individual,2025-03-24,92888205,True,smurfing
UD Hartati Tbk,corporation,Dr. Radit Maheswara,individual,2024-12-31,46373809,True,smurfing
PD Iswahyudi,corporation,"Indra Rahmawati, S.T.",individual,2024-03-28,19531783505,False,
PD Putra Tbk,organization,"R. Rendy Mulyani, S.I.Kom",individual,2024-03-25,10966607841,False,
"Drs. Budi Sihotang, S.Sos",individual,Partai Kebangkitan Rakyat,political-party,2025-05-25,119351423,False,
CV Situmorang,corporation,R. Sabrina Hasanah,individual,2024-05-18,18700871091,False,
Iriana Hariyah,individual,"Umay Yuniar, S.T.",individual,2025-11-06,2118652807,False,
CV Tampubolon Anggriawan,corporation,"R. Kasusra Najmudin, S.I.Kom",individual,2025-07-20,11304958026,True,self_funded
CV Yulianti Sihombing,organization,Partai Solidaritas Indonesia,political-party,2024-05-03,31425186,True,smurfing
PT Kereta Api Indonesia (Persero),corporation,"Tira Uyainah, S.E.",individual,2025-09-08,18490731555,True,illegal_source
Perum Suwarno Winarsih,organization,Partai Nasional Demokrat,political-party,2025-07-02,446928208,False,
Perum Thamrin Widodo,corporation,Wani Iswahyudi,individual,2025-02-19,9739587170,True,self_funded
Emil Irawan,individual,Artanto Lazuardi,individual,2024-11-23,866889453,False,
Perum Handayani Hidayanto,corporation,Tantri Usada,individual,2025-02-28,1026484323,True,proxy
UD Mansur Dabukke,corporation,Widya Setiawan,individual,2025-05-26,62526844,True,smurfing
PD Prasasta Tbk,corporation,Nyana Kusumo,individual,2025-07-08,1000686140,True,proxy
Atmaja Saragih,individual,Partai Kebangkitan Rakyat,political-party,2025-07-05,80712713,True,smurfing
UD Maulana Pranowo (Persero) Tbk,organization,"H. Daliman Yulianti, S.Ked",individual,2024-10-08,86835908,True,smurfing
"Drajat Astuti, S.Sos",individual,Radit Wibisono,individual,2025-05-14,355854610,False,
Drs. Safina Ramadan,individual,"Ir. Natalia Suryono, M.Farm",individual,2025-04-22,2436623085,True,self_funded
Maryadi Rahmawati,individual,"Safina Simanjuntak, S.Psi",individual,2024-05-26,24022812,False,
PT Usamah Purnawati,organization,Gasti Samosir,individual,2025-12-22,75632731,True,smurfing
Perum Sudiati Namaga Tbk,organization,"Dr. Taswir Budiyanto, S.E.",individual,2024-04-08,740876858,True,proxy
PD Suartini,corporation,R.A. Mila Puspasari,individual,2024-03-24,24805949940,True,self_funded
Oman Mahendra,individual,R. Paulin Waskita,individual,2024-08-12,1871772657,True,self_funded
CV Hidayat Yuliarti (Persero) Tbk,corporation,Dt. Empluk Widodo,individual,2025-06-15,293801054,True,self_funded
Galang Sihombing,individual,Mala Wijaya,individual,2024-10-20,37982284,False,
Sabrina Puspasari,individual,"Tgk. Tantri Sihotang, S.I.Kom",individual,2024-01-07,9735327,True,smurfing
PT Iswahyudi Latupono,organization,Partai Indonesia Maju,political-party,2025-07-02,28520863,True,smurfing
Taufan Putra,individual,Partai Amanat Rakyat,political-party,2025-02-08,77124821,True,smurfing
Puti Yunita Habibi,individual,"Prayogo Halim, M.M.",individual,2024-05-11,160404083,False,
Perum Latupono Hutapea (Persero) Tbk,corporation,Dr. Zahra Nasyiah,individual,2024-03-02,4829799252,True,self_funded
CV Ramadan,corporation,R. Luwes Sitompul,individual,2025-09-17,18223385755,False,
Tgk. Sadina Pranowo,individual,"Rafid Samosir, S.H.",individual,2025-08-17,366040327,False,
UD Putra Usada,corporation,Partai Amanat Rakyat,political-party,2025-10-24,1012111385,True,over_limit
"drg. Karimah Latupono, M.Farm",individual,Partai Harapan Bangsa,political-party,2024-06-04,41245098,True,smurfing
"Belinda Suryono, M.Farm",individual,Hasna Sihotang,individual,2025-04-07,565311226,True,self_funded
PD Nasyiah Hutapea (Persero) Tbk,corporation,Partai Kebangkitan Rakyat,political-party,2025-02-22,53507975,True,smurfing
PT Nababan (Persero) Tbk,organization,Dt. Karja Mulyani,individual,2025-08-14,198023881,True,proxy
Ir. Nabila Santoso,individual,Partai Nasional Demokrat,political-party,2025-05-18,76015368,False,
UD Uyainah Pratiwi,corporation,Taufan Siregar,individual,2025-12-21,7956268932,False,
Ade Halim,individual,Ajiman Pudjiastuti,individual,2025-02-07,563863758,True,self_funded
Perum Setiawan,corporation,Partai Harapan Bangsa,political-party,2025-10-17,86175518,False,
Perum Wastuti,corporation,Viman Pranowo,individual,2024-09-10,7047545649,False,
Ophelia Saragih,individual,Partai Solidaritas Indonesia,political-party,2025-06-01,331808665,True,over_limit
Perum Siregar,organization,Partai Rakyat Sejahtera,political-party,2025-12-15,5524068,False,
PD Purwanti Manullang (Persero) Tbk,organization,Partai Nasional Demokrat,political-party,2024-10-30,7173681,True,smurfing
PD Hakim Prastuti,corporation,Enteng Suryatmi,individual,2025-03-04,870770861,True,proxy
CV Sitorus Lestari,corporation,Partai Keadilan Indonesia,political-party,2024-03-31,1485976689,True,proxy
PD Zulaika Tbk,corporation,Partai Harapan Bangsa,political-party,2025-04-17,456877539,False,
"Bakijan Kuswoyo, S.Ked",individual,Jati Hutagalung,individual,2024-04-13,37611769,True,smurfing
CV Narpati Aryani,corporation,Okto Yuniar,individual,2024-10-07,10668863322,True,self_funded
Kementerian Keuangan,organization,Vanesa Hutagalung,individual,2025-03-21,4424645749,True,illegal_source
"Safina Uyainah, S.Pd",individual,Ade Salahudin,individual,2024-01-15,846581512,False,
"Widya Lazuardi, M.Pd",individual,Cemplunk Najmudin,individual,2024-11-22,1559393885,True,self_funded
UD Hardiansyah Nasyidah,organization,Partai Solidaritas Indonesia,political-party,2024-01-22,371211952,True,proxy
UD Marpaung Wahyudin,corporation,Laras Pratama,individual,2025-03-05,1803936936,True,proxy
"Drs. Danu Hassanah, S.Pt",individual,Partai Harapan Bangsa,political-party,2024-10-16,7736769,False,
H. Bagas Purwanti,individual,Partai Indonesia Maju,political-party,2025-07-04,28218632,True,smurfing
Cemplunk Pangestu,individual,Partai Keadilan Indonesia,political-party,2024-07-15,13228810,False,
Eka Hassanah,individual,Ina Santoso,individual,2025-01-01,2118316594,True,self_funded
Pemerintah Provinsi Bali,organization,Partai Persatuan,political-party,2024-09-19,275387980,True,illegal_source
UD Kusumo Utami Tbk,organization,Partai Rakyat Sejahtera,political-party,2024-11-26,1541200738,True,proxy
UD Wastuti Purwanti,corporation,H. Sidiq Purwanti,individual,2025-05-17,6656033120,False,
Siti Simanjuntak,individual,Partai Rakyat Sejahtera,political-party,2025-11-14,18482802,True,smurfing
CV Yolanda Utami (Persero) Tbk,corporation,Upik Nainggolan,individual,2024-01-08,11324058924,False,
CV Usamah Halimah,corporation,Partai Indonesia Maju,political-party,2024-01-20,284035374,False,
CV Rahmawati Andriani,organization,Partai Indonesia Maju,political-party,2024-02-07,21769001,True,smurfing
CV Permata Tbk,corporation,Partai Keadilan Indonesia,political-party,2025-06-17,165547382,True,proxy
Prabawa Marpaung,individual,Bajragin Utami,individual,2025-11-13,1838513624,False,
PD Rahimah Salahudin Tbk,corporation,"Ir. Makara Padmasari, M.TI.",individual,2025-04-03,5544674900,False,
Kambali Mangunsong,individual,R. Dina Habibi,individual,2025-04-01,1697476311,False,
Perum Maheswara Nuraini (Persero) Tbk,organization,Partai Indonesia Maju,political-party,2025-04-16,1358353270,True,proxy
PD Samosir (Persero) Tbk,corporation,"drg. Yulia Habibi, S.IP",individual,2025-03-02,22983250472,True,self_funded
UD Samosir Nababan,organization,"dr. Padma Wastuti, S.Farm",individual,2024-08-04,1339788148,True,proxy
Perum Aryani Sihombing,organization,Cut Puspa Hutagalung,individual,2025-12-13,49255520,True,smurfing
PT Zulaika,corporation,Partai Persatuan,political-party,2024-05-26,67077580,False,
Janet Hakim,individual,Partai Keadilan Indonesia,political-party,2025-05-15,94617487,False,
Tgk. Gading Pratiwi,individual,Partai Indonesia Maju,political-party,2024-11-09,72434101,False,
"drg. Nilam Nasyidah, M.TI.",individual,Partai Persatuan,political-party,2024-02-28,26522858,True,smurfing
CV Waluyo,organization,Shania Narpati,individual,2025-12-20,97426132,True,smurfing
PT Hasanah,corporation,"Elisa Marpaung, S.E.I",individual,2024-08-15,22618379205,True,self_funded
PT Pertamina (Persero),corporation,Partai Solidaritas Indonesia,political-party,2024-04-17,29811573,True,illegal_source
PT Kusmawati Damanik (Persero) Tbk,corporation,Emil Yolanda,individual,2025-12-16,11963790240,True,self_funded
Heryanto Waluyo,individual,Michelle Maheswara,individual,2025-04-10,604110170,True,self_funded
CV Salahudin,corporation,"Fitria Sihombing, S.Pd",individual,2024-08-01,15084593067,True,self_funded
Ihsan Habibi,individual,"H. Teguh Saptono, S.I.Kom",individual,2024-07-25,2437489412,True,self_funded
PD Manullang,organization,Partai Nasional Demokrat,political-party,2024-11-17,113575536,False,
PT Prastuti (Persero) Tbk,corporation,"Cahyadi Firmansyah, M.Kom.",individual,2024-09-22,13844046406,False,
Yuliana Simbolon,individual,Cengkir Pudjiastuti,individual,2025-12-13,1796882559,True,self_funded
Puti Winarno,individual,Prayogo Susanti,individual,2025-06-13,2235084007,False,
CV Sudiati Uwais,corporation,Partai Amanat Rakyat,political-party,2025-03-21,1713968393,True,proxy
UD Tarihoran Simbolon,corporation,Partai Persatuan,political-party,2025-08-22,715512510,False,
Respati Mangunsong,individual,Partai Rakyat Sejahtera,political-party,2025-02-20,34839381,True,smurfing
Perum Budiman (Persero) Tbk,corporation,Qori Wijayanti,individual,2024-09-06,391784579,True,proxy
Perum Hutagalung,corporation,Partai Demokrat,political-party,2024-10-09,579246718,False,
PD Putra Najmudin,corporation,Nrima Nugroho,individual,2024-05-16,17421705437,True,self_funded
"Kamila Laksmiwati, S.H.",individual,Partai Keadilan Indonesia,political-party,2025-01-06,123264467,False,
Pemerintah Provinsi Bali,organization,KH. Jono Puspasari,individual,2024-01-16,6283076943,True,illegal_source
"Wirda Pranowo, S.I.Kom",individual,Partai Indonesia Maju,political-party,2025-10-30,103252181,False,
Tina Rahmawati,individual,"Ajimat Dongoran, S.T.",individual,2024-07-17,1105263871,False,
PT Mandala Tbk,organization,Partai Indonesia Maju,political-party,2024-04-05,1328607823,True,proxy
CV Suryatmi Firgantoro,corporation,R. Tina Mandasari,individual,2025-04-20,41404766,True,smurfing
Siska Nasyidah,individual,Partai Nasional Demokrat,political-party,2024-10-02,157589485,False,
Jamil Maulana,individual,Partai Indonesia Maju,political-party,2024-02-02,31057619,False,
UD Nasyiah Tbk,organization,Harsanto Habibi,individual,2025-05-07,13943034185,False,
Perkasa Palastri,individual,dr. Cici Sihombing,individual,2024-10-23,1395183233,False,
"Jane Rahimah, S.Gz",individual,Ir. Ilsa Salahudin,individual,2024-02-28,2159935336,False,
PD Tamba Nugroho,organization,Nasab Firmansyah,individual,2025-11-24,17814295,True,smurfing
CV Pudjiastuti Tbk,corporation,Hilda Maryati,individual,2024-05-30,246868990,True,proxy
Pemerintah Provinsi Bali,organization,Ratih Sihotang,individual,2024-05-27,11399029689,True,illegal_source
Drs. Cahya Firmansyah,individual,Partai Rakyat Sejahtera,political-party,2025-11-10,48203889,False,
CV Mandasari Tbk,organization,"Jane Haryanti, S.Sos",individual,2025-04-12,676828976,True,proxy
Laswi Nugroho,individual,"Waluyo Suryono, M.Kom.",individual,2024-08-09,1004385123,False,
Nyoman Prasasta,individual,Chelsea Kuswoyo,individual,2025-02-10,1546846976,True,self_funded
"Wira Tarihoran, S.Psi",individual,Genta Laksita,individual,2025-11-11,1315490981,False,
Perum Rahmawati Kuswandari (Persero) Tbk,organization,Partai Nasional Demokrat,political-party,2025-06-11,1907986528,True,proxy
Kementerian Keuangan,organization,R.A. Tina Megantara,individual,2024-08-14,14054962996,True,illegal_source
CV Situmorang Saragih,corporation,Baktiono Winarno,individual,2025-01-25,31410188,True,smurfing
PT Narpati (Persero) Tbk,corporation,Partai Demokrat,political-party,2025-05-28,491246675,False,
Dr. Fathonah Mahendra,individual,Partai Persatuan,political-party,2024-02-15,84188461,False,
UD Wacana Tbk,corporation,Dalimin Mahendra,individual,2024-06-28,18771516472,True,self_funded
PD Tampubolon (Persero) Tbk,corporation,Partai Harapan Bangsa,political-party,2025-10-18,1359837533,True,proxy
Dt. Kenzie Hartati,individual,"T. Pranawa Simanjuntak, S.H.",individual,2024-05-29,1625341658,True,self_funded
UD Marpaung Hastuti Tbk,corporation,Umar Lailasari,individual,2024-02-01,54354680,True,smurfing
CV Tampubolon Yulianti (Persero) Tbk,corporation,Vera Pratiwi,individual,2025-09-26,21754119728,True,self_funded
Hamima Sinaga,individual,Partai Indonesia Maju,political-party,2024-12-13,12525917,False,
Pemerintah Provinsi Bali,organization,Najam Farida,individual,2024-02-03,19128162994,True,illegal_source
Perum Mardhiyah Tbk,corporation,Partai Persatuan,political-party,2025-07-04,1017605682,True,proxy
CV Novitasari Purnawati (Persero) Tbk,corporation,Partai Persatuan,political-party,2024-05-14,71235201,True,smurfing
Perum Usamah Tbk,corporation,Partai Indonesia Maju,political-party,2024-12-19,718073331,False,
Perum Hassanah Tarihoran,organization,Partai Harapan Bangsa,political-party,2025-04-26,616776697,False,
"Ami Napitupulu, M.M.",individual,"Vera Kuswoyo, M.TI.",individual,2025-06-01,40333666,True,smurfing
Perum Wahyuni Najmudin Tbk,corporation,Partai Keadilan Indonesia,political-party,2024-04-10,367689368,True,proxy
CV Napitupulu Tbk,organization,Partai Persatuan,political-party,2024-02-10,4071133,False,
Perum Dongoran Gunarto Tbk,organization,Partai Indonesia Maju,political-party,2024-03-28,307315025,False,
PD Dongoran,organization,Partai Solidaritas Indonesia,political-party,2025-01-16,449071684,True,proxy
Bagas Rajasa,individual,Partai Solidaritas Indonesia,political-party,2024-05-30,48794622,False,
PD Waskita Sinaga Tbk,corporation,"Adhiarja Simbolon, S.H.",individual,2025-07-25,15750612110,False,
Perum Purnawati (Persero) Tbk,corporation,Partai Persatuan,political-party,2025-04-08,76529771,True,smurfing
PD Utami Megantara (Persero) Tbk,organization,"Kartika Prasetya, S.T.",individual,2024-07-28,1816254856,True,proxy
CV Wahyudin Safitri,corporation,Jindra Suartini,individual,2025-01-13,9341211776,True,self_funded
UD Lestari,organization,Gina Utami,individual,2024-04-14,5422253,True,smurfing
CV Widodo Hasanah (Persero) Tbk,corporation,Ibrahim Puspasari,individual,2024-08-24,659953372,True,self_funded
CV Riyanti Suartini Tbk,corporation,Partai Solidaritas Indonesia,political-party,2025-04-22,74355013,False,
"Zelda Wacana, S.T.",individual,Partai Indonesia Maju,political-party,2025-03-31,44196974,False,
"Drs. Puti Andriani, S.E.",individual,Dagel Utama,individual,2024-12-22,1344137410,False,
UD Budiman,corporation,Partai Rakyat Sejahtera,political-party,2025-10-02,302416314,False,
Belinda Jailani,individual,"Aisyah Firmansyah, S.E.",individual,2024-01-26,593863581,False,
drg. Bella Hartati,individual,Partai Rakyat Sejahtera,political-party,2024-05-19,72326414,False,
Perum Situmorang,corporation,Partai Amanat Rakyat,political-party,2025-04-20,154295788,False,
"drg. Betania Pratama, M.TI.",individual,Partai Amanat Rakyat,political-party,2024-04-12,100442743,False,
CV Usamah,corporation,Jelita Pratiwi,individual,2024-01-14,11978747942,True,self_funded
CV Puspasari Samosir,corporation,Partai Kebangkitan Rakyat,political-party,2024-04-19,95022152,False,
PT Kuswandari Hidayat Tbk,organization,Partai Persatuan,political-party,2024-09-14,978781347,True,proxy
Alambana Nasyiah,individual,Partai Nasional Demokrat,political-party,2025-04-07,136128745,False,
R. Danang Namaga,individual,Partai Harapan Bangsa,political-party,2024-09-29,20242831,True,smurfing
Hj. Laras Simanjuntak,individual,Natalia Mansur,individual,2024-07-21,95020302,True,smurfing
UD Mahendra Wacana (Persero) Tbk,organization,"Ida Lazuardi, S.Psi",individual,2025-11-28,743971690,True,proxy
PT Habibi,organization,Partai Kebangkitan Rakyat,political-party,2025-10-06,53997573,True,smurfing
Raditya Nasyidah,individual,"Soleh Siregar, S.Pt",individual,2024-06-15,2165505050,False,
Perum Gunarto Widodo,corporation,Pangeran Sinaga,individual,2024-02-14,14942142785,False,
CV Hutasoit,corporation,Bella Nurdiyanti,individual,2025-11-02,9339264450,False,
Perum Najmudin,corporation,"R. Ratih Maulana, S.H.",individual,2025-05-31,6755235102,False,
Perum Prastuti,organization,Partai Amanat Rakyat,political-party,2025-04-27,49207967,True,smurfing
Ir. Najwa Siregar,individual,Paramita Prasetya,individual,2025-04-22,1322142471,False,
Ir. Yani Santoso,individual,"T. Malik Hastuti, S.Sos",individual,2025-04-03,1130856722,False,
Perum Agustina Tbk,corporation,Tantri Kurniawan,individual,2024-12-04,3207896025,False,
Yulia Sitorus,individual,dr. Anita Latupono,individual,2025-09-23,552924685,False,
PD Budiman Sihombing,corporation,Kadir Ardianto,individual,2025-08-14,20730953021,True,self_funded
UD Hutasoit Prasetya,corporation,Partai Rakyat Sejahtera,political-party,2024-05-28,445391657,False,
UD Simanjuntak (Persero) Tbk,corporation,Partai Nasional Demokrat,political-party,2024-05-21,1098703821,True,proxy
"Rahmi Wulandari, S.Farm",individual,Lintang Nasyiah,individual,2025-11-14,271610047,False,
Caket Siregar,individual,Febi Usamah,individual,2025-03-30,77712823,True,smurfing
Kementerian Keuangan,organization,Empluk Hartati,individual,2025-12-04,12304974627,True,illegal_source
Ika Utami,individual,"Ir. Garan Siregar, M.M.",individual,2025-04-08,867667577,False,
Carub Safitri,individual,Drs. Asirwanda Puspita,individual,2025-02-27,281408215,False,
Tiara Nuraini,individual,Ade Kusumo,individual,2025-03-11,1353401028,False,
"T. Xanana Astuti, S.I.Kom",individual,Padma Rajasa,individual,2024-01-05,476179612,False,
Hj. Keisha Kusumo,individual,Partai Solidaritas Indonesia,political-party,2024-09-30,13486875,False,
Najib Palastri,individual,Partai Rakyat Sejahtera,political-party,2025-01-14,50394545,True,smurfing
UD Wahyuni Padmasari (Persero) Tbk,organization,"Gadang Prakasa, M.Pd",individual,2025-03-03,1360326125,True,proxy
UD Prayoga Nasyiah,corporation,Partai Harapan Bangsa,political-party,2025-03-25,113739967,True,proxy
PD Situmorang Mustofa,corporation,Tgk. Indah Halimah,individual,2025-08-17,1483861236,True,self_funded
Perum Prasetya Ardianto,corporation,Nugraha Usamah,individual,2024-02-15,49349263496,True,over_limit
PT Tarihoran,organization,"Tgk. Halima Hakim, S.H.",individual,2025-11-12,47701014881,True,over_limit
"Jane Simbolon, M.TI.",individual,Tugiman Samosir,individual,2025-08-30,1294960153,False,
PD Halimah Hakim (Persero) Tbk,corporation,Partai Demokrat,political-party,2024-10-08,255627809,False,
CV Nashiruddin,organization,Mutia Megantara,individual,2024-01-10,1262586399,True,proxy
PD Irawan Halim (Persero) Tbk,corporation,Partai Kebangkitan Rakyat,political-party,2024-10-06,557634991,False,
"Upik Wibisono, S.E.",individual,Partai Persatuan,political-party,2025-08-28,112719083,False,
PD Firgantoro Puspita (Persero) Tbk,corporation,"Puti Widya Suartini, M.Ak",individual,2025-05-10,17563921,True,smurfing
Kuncara Kuswoyo,individual,Himawan Gunarto,individual,2025-12-15,197090133,False,
CV Ardianto (Persero) Tbk,organization,Sari Oktaviani,individual,2024-04-03,1254288119,True,proxy
"Ratih Yuniar, S.Farm",individual,Kania Natsir,individual,2025-12-27,2249974944,False,
Ir. Kani Handayani,individual,"Dt. Wadi Saputra, M.M.",individual,2024-04-14,1724557896,True,self_funded
CV Melani Wijayanti Tbk,corporation,"Slamet Waskita, S.T.",individual,2024-11-15,18745908051,True,self_funded
Perum Permata Tbk,organization,Partai Solidaritas Indonesia,political-party,2025-05-08,676018827,False,
PD Pranowo Rahayu (Persero) Tbk,corporation,Partai Indonesia Maju,political-party,2025-02-23,329702883,False,
Ghaliyati Pertiwi,individual,"Dr. Sakura Utama, S.Sos",individual,2024-02-19,1133530793,True,self_funded
"Ir. Tugiman Hartati, S.Pd",individual,Partai Solidaritas Indonesia,political-party,2024-03-18,36481202,False,
Pardi Manullang,individual,Partai Demokrat,political-party,2024-02-19,168016316,False,
Ir. Gilda Lailasari,individual,Partai Rakyat Sejahtera,political-party,2025-01-30,64227867,True,smurfing
Maida Wastuti,individual,Partai Harapan Bangsa,political-party,2024-11-23,166794850,False,
Putu Latupono,individual,Partai Nasional Demokrat,political-party,2025-10-24,332592705,True,over_limit
Halima Prakasa,individual,Partai Kebangkitan Rakyat,political-party,2025-03-13,18154927,False,
Perum Firmansyah Tbk,corporation,"R. Talia Hasanah, S.T.",individual,2024-09-21,12932213528,False,
CV Oktaviani Pranowo Tbk,corporation,"Ulva Irawan, M.Kom.",individual,2024-04-10,77555565,True,smurfing
PT Mustofa Firgantoro Tbk,organization,Balamantri Haryanti,individual,2024-09-15,4852221734,False,
PT Winarsih,corporation,Rahmat Suryatmi,individual,2024-09-17,1571695797,True,proxy
"drg. Ghaliyati Wacana, S.I.Kom",individual,"Rahmi Anggriawan, S.Psi",individual,2025-07-24,134814784,False,
CV Hidayanto,corporation,Raden Megantara,individual,2025-07-10,21977766983,True,self_funded
UD Mandasari Dabukke,corporation,Koko Astuti,individual,2024-10-06,897916210,True,proxy
Jagaraga Puspita,individual,dr. Eva Prasasta,individual,2024-11-27,1408472436,False,
UD Tarihoran Tbk,corporation,Lili Sudiati,individual,2025-01-02,16218271902,True,self_funded
"Tira Kusmawati, M.Kom.",individual,Novi Ramadan,individual,2024-08-09,1360307220,False,
Siska Wibisono,individual,"Tgk. Shania Permadi, S.E.I",individual,2024-01-18,2490792523,True,self_funded
CV Nababan,organization,Partai Amanat Rakyat,political-party,2024-09-13,65370994,True,smurfing
PT Telekomunikasi Indonesia (Persero),corporation,Partai Amanat Rakyat,political-party,2024-03-29,48786221,True,illegal_source
PD Budiman Mangunsong Tbk,organization,Partai Persatuan,political-party,2024-08-28,7979667,False,
PT Prakasa Mayasari,organization,Partai Demokrat,political-party,2025-09-28,63811907,True,smurfing
Perum Mustofa Putra (Persero) Tbk,organization,Partai Persatuan,political-party,2025-03-27,40769201,True,smurfing
Perum Prasasta Wasita,corporation,Partai Indonesia Maju,political-party,2025-06-07,34454278,True,proxy
Pemkab Toba,organization,Galak Hariyah,individual,2024-12-17,22786710771,True,illegal_source
"Dr. Emas Adriansyah, S.Pd",individual,"Ifa Rahmawati, M.Farm",individual,2025-05-27,4256282400,True,over_limit
PD Putra Wacana,corporation,Utama Siregar,individual,2025-12-25,20272873160,True,self_funded
Cager Hidayat,individual,Partai Harapan Bangsa,political-party,2025-01-23,28559598,False,
PT Wibisono Siregar Tbk,organization,Garang Wahyudin,individual,2025-08-11,764955416,True,proxy
Perum Halimah (Persero) Tbk,organization,Partai Amanat Rakyat,political-party,2024-12-17,310053019,False,
Raina Mardhiyah,individual,Dina Kuswoyo,individual,2025-03-09,1985849509,True,self_funded
PT Kuswandari Megantara,corporation,"R. Hartaka Najmudin, S.T.",individual,2024-12-14,1623200242,False,
Kambali Kurniawan,individual,Partai Persatuan,political-party,2025-01-31,97925973,True,smurfing
Perum Wijaya,corporation,Partai Indonesia Maju,political-party,2024-05-10,47104316,True,smurfing
PT Laksita Sitorus,corporation,Partai Demokrat,political-party,2025-05-05,56786394,True,smurfing
Perum Uyainah,corporation,"Sutan Viktor Permadi, S.T.",individual,2025-09-20,16734510165,False,
CV Iswahyudi,corporation,Paris Rahimah,individual,2025-08-15,1728421120,True,self_funded
Perum Mulyani Salahudin Tbk,organization,Partai Rakyat Sejahtera,political-party,2025-07-06,60242842,True,smurfing
"Lukman Uwais, M.M.",individual,"Ratna Widiastuti, S.Pd",individual,2024-10-01,585203813,False,
PT Iswahyudi Pratiwi,organization,Nilam Mayasari,individual,2025-03-23,15205363415,False,
Lala Halimah,individual,Partai Solidaritas Indonesia,political-party,2024-10-12,20348996,False,
Aisyah Suryono,individual,"Maman Maheswara, S.Sos",individual,2024-10-17,3681737,True,smurfing
UD Utama,corporation,Partai Kebangkitan Rakyat,political-party,2024-01-13,196219977,True,proxy
"KH. Kanda Januar, S.Farm",individual,Rini Thamrin,individual,2025-01-04,1232145722,False,
Luthfi Kusumo,individual,Febi Mulyani,individual,2025-10-03,114039472,True,self_funded
UD Sitompul Uyainah,corporation,Partai Harapan Bangsa,political-party,2025-06-12,447775207,False,
Shakila Manullang,individual,Partai Amanat Rakyat,political-party,2024-03-27,147553645,False,
Tantri Firmansyah,individual,Partai Rakyat Sejahtera,political-party,2025-07-28,133070976,False,
Cakrawala Wibowo,individual,Partai Solidaritas Indonesia,political-party,2025-09-21,21039249,False,
R. Erik Safitri,individual,Partai Rakyat Sejahtera,political-party,2024-11-03,123975520,False,
UD Rahayu Tbk,corporation,"R.A. Febi Adriansyah, M.Pd",individual,2025-09-26,21305973600,True,self_funded
PT Suartini Kurniawan (Persero) Tbk,corporation,Puti Devi Permadi,individual,2024-10-07,847900981,True,proxy
PT Sudiati Kusmawati Tbk,corporation,"Ir. Nova Mansur, S.T.",individual,2024-09-18,6035224612,True,self_funded
Perum Rahimah Tbk,organization,Janet Wahyuni,individual,2024-12-31,383225709,False,
H. Artanto Saefullah,individual,Partai Rakyat Sejahtera,political-party,2025-10-05,164521423,False,
PT Novitasari,corporation,"Dr. Indah Hariyah, S.E.",individual,2025-04-09,17719336597,False,
Drs. Harimurti Lestari,individual,Ulva Firmansyah,individual,2024-08-19,68103672,False,
Dina Prasetya,individual,Partai Solidaritas Indonesia,political-party,2025-01-21,154206597,False,
CV Budiyanto,corporation,Partai Indonesia Maju,political-party,2025-11-25,682092161,True,proxy
Wulan Hutagalung,individual,Partai Indonesia Maju,political-party,2025-07-06,163248185,False,
PT Suwarno Utama,corporation,"Dr. Shakila Prasetya, S.I.Kom",individual,2024-06-24,7058212163,True,self_funded
Salwa Widodo,individual,Tasdik Firmansyah,individual,2024-02-17,1136103769,True,self_funded
Galur Dabukke,individual,Partai Kebangkitan Rakyat,political-party,2024-03-28,101278144,False,
CV Permata (Persero) Tbk,corporation,Partai Nasional Demokrat,political-party,2025-09-24,1627117564,True,proxy
UD Lazuardi Nugroho,organization,Partai Keadilan Indonesia,political-party,2025-02-21,44680330,True,smurfing
CV Nuraini,corporation,dr. Simon Agustina,individual,2025-12-20,21264808955,True,self_funded
Vega Handayani,individual,Tina Mardhiyah,individual,2024-07-04,264649520,False,
UD Wibowo Anggraini,organization,Partai Persatuan,political-party,2024-06-15,666817,True,smurfing
CV Napitupulu Tbk,organization,Partai Rakyat Sejahtera,political-party,2025-01-23,51873134,True,smurfing
UD Halim,organization,Drs. Fitriani Wibisono,individual,2024-11-25,8853943,True,smurfing
CV Santoso Nasyidah,organization,"Cut Vanesa Prasetya, M.Farm",individual,2025-10-19,62785003,True,smurfing
Harto Saragih,individual,Eka Lestari,individual,2025-11-03,289329290,False,
Martani Prasetya,individual,drg. Lembah Suwarno,individual,2024-01-01,50463603,True,self_funded
"Titi Firmansyah, M.Ak",individual,Partai Amanat Rakyat,political-party,2024-09-25,137145815,False,
Drs. Zulaikha Prasetyo,individual,"Zamira Manullang, S.Pt",individual,2025-09-28,2111954894,True,self_funded
CV Laksita Astuti,organization,Lintang Riyanti,individual,2025-08-03,1251382684,True,proxy
"Dr. Adikara Kurniawan, S.Ked",individual,Partai Amanat Rakyat,political-party,2024-02-23,145750733,False,
CV Laksmiwati,corporation,"Drs. Juli Prasetyo, M.M.",individual,2025-03-18,7964202233,False,
Hj. Samiah Halimah,individual,Paulin Anggriawan,individual,2025-10-20,14786093,True,smurfing
Jamil Sudiati,individual,Gasti Hasanah,individual,2024-12-05,1247269515,False,
CV Winarsih Tbk,corporation,"Muhammad Hastuti, S.Ked",individual,2024-06-05,22070624269,False,
Kala Wahyuni,individual,Partai Rakyat Sejahtera,political-party,2025-05-09,96043783,True,smurfing
PD Oktaviani Tbk,corporation,Maria Adriansyah,individual,2025-12-03,12055637125,False,
Jaya Mangunsong,individual,"Jagaraga Nasyiah, S.Psi",individual,2024-12-25,35296271,True,smurfing
"Unggul Firmansyah, S.E.I",individual,H. Bahuraksa Gunawan,individual,2024-10-22,1059110346,False,
"Janet Prayoga, S.Sos",individual,Partai Rakyat Sejahtera,political-party,2025-01-15,43473280,True,smurfing
PT Saptono,organization,Partai Solidaritas Indonesia,political-party,2025-08-14,327066310,True,proxy
CV Usada Maryadi (Persero) Tbk,corporation,Mahdi Widiastuti,individual,2025-01-19,8416202090,False,
PT Rahayu,organization,Partai Indonesia Maju,political-party,2024-02-05,67178037,True,smurfing
PT Maulana (Persero) Tbk,organization,Partai Indonesia Maju,political-party,2025-06-02,89211597,True,smurfing
Mulya Anggraini,individual,Partai Solidaritas Indonesia,political-party,2024-06-13,96617898,False,
Zalindra Prasetya,individual,Partai Rakyat Sejahtera,political-party,2025-01-23,83230049,True,smurfing
Hendri Irawan,individual,Drs. Dinda Kusmawati,individual,2024-06-06,1599432036,True,self_funded
Perum Uyainah,corporation,Halima Wijayanti,individual,2024-10-30,224484683,False,
Perum Hartati Pudjiastuti Tbk,organization,Partai Amanat Rakyat,political-party,2025-10-03,50186932,True,smurfing
Keisha Januar,individual,Oni Rajasa,individual,2025-12-16,1771438634,False,
CV Kuswoyo,organization,Kasiyah Sirait,individual,2025-03-09,87283042,True,smurfing
Imam Nurdiyanti,individual,Partai Nasional Demokrat,political-party,2024-01-11,45926011,False,
R. Hafshah Wijayanti,individual,Irma Nugroho,individual,2025-03-31,145417246,False,
CV Anggriawan Suryatmi,corporation,Najwa Pangestu,individual,2025-04-14,10449821978,True,self_funded
Hj. Jane Wahyuni,individual,Titin Pratiwi,individual,2025-06-01,977697964,False,
UD Utami Nasyiah,corporation,Partai Amanat Rakyat,political-party,2024-08-14,25145664,True,smurfing
UD Gunawan Tbk,organization,Partai Indonesia Maju,political-party,2025-12-05,203957150,False,
"Maman Irawan, M.Kom.",individual,Okto Wibowo,individual,2025-04-11,2086443403,True,self_funded
Respati Nababan,individual,Partai Demokrat,political-party,2024-04-08,6762581,True,smurfing
Teddy Sirait,individual,Partai Nasional Demokrat,political-party,2024-09-01,65474564,False,
Drs. Indah Hutagalung,individual,Mulya Siregar,individual,2024-01-22,550567111,False,
UD Halim,organization,Partai Keadilan Indonesia,political-party,2025-07-25,1568314024,True,proxy
CV Pradipta,organization,T. Kala Farida,individual,2024-11-14,2211862449,False,
Hasta Laksita,individual,Partai Persatuan,political-party,2024-02-19,12346906,False,
Kementerian Pendidikan Nasional,organization,Cahyo Mangunsong,individual,2024-02-29,10274455272,True,illegal_source
CV Thamrin Prabowo (Persero) Tbk,organization,Indah Hassanah,individual,2025-11-17,16606501,True,smurfing
PD Laksita,corporation,Icha Iswahyudi,individual,2025-06-05,14082596820,True,self_funded
PT Saptono Farida Tbk,organization,Partai Amanat Rakyat,political-party,2024-07-23,29561249,True,smurfing
UD Mardhiyah Winarsih,corporation,Lukita Wacana,individual,2025-12-07,1864937821,True,proxy
Bala Nuraini,individual,Partai Kebangkitan Rakyat,political-party,2025-07-09,79654815,False,
PT Mayasari Simbolon Tbk,corporation,Partai Amanat Rakyat,political-party,2024-08-07,973541039,True,proxy
CV Winarsih,corporation,Harsanto Salahudin,individual,2025-05-23,4178814287,False,
UD Rahayu Hariyah,corporation,Dewi Habibi,individual,2025-05-30,16312508773,False,
Perum Santoso,corporation,Partai Kebangkitan Rakyat,political-party,2024-07-04,322494769,True,proxy
"Dr. Yahya Lestari, S.T.",individual,Ophelia Maheswara,individual,2024-03-29,437653821,False,
Intan Hassanah,individual,"Drs. Yance Lailasari, S.IP",individual,2024-10-07,924901596,False,
Pemerintah Kabupaten Banyumas,organization,"Tgk. Cahyanto Gunawan, S.I.Kom",individual,2025-02-28,13565719178,True,illegal_source
"Putri Haryanto, S.T.",individual,Kawaca Manullang,individual,2025-12-04,2183931065,False,
PT Hidayat,organization,Partai Solidaritas Indonesia,political-party,2024-01-10,37125941,True,smurfing
"Hasna Usada, S.Kom",individual,Partai Indonesia Maju,political-party,2025-07-08,92010606,True,smurfing
"Hj. Vanya Firmansyah, S.Pt",individual,Kezia Waluyo,individual,2025-03-05,91474969,True,smurfing
PT Hardiansyah (Persero) Tbk,corporation,Arsipatra Wastuti,individual,2024-09-24,21689561129,True,self_funded
PT Novitasari (Persero) Tbk,corporation,Farah Permata,individual,2024-11-20,13782301565,True,self_funded
PT Simanjuntak Megantara Tbk,organization,Partai Rakyat Sejahtera,political-party,2025-11-24,72136709,True,smurfing
Perum Situmorang,corporation,Partai Indonesia Maju,political-party,2025-01-12,57509506,False,
Perum Najmudin,organization,Novi Yuliarti,individual,2025-06-29,27153182,True,smurfing
PD Maheswara Laksita,corporation,Partai Indonesia Maju,political-party,2024-01-06,25076479,True,smurfing
PD Sirait Pranowo (Persero) Tbk,corporation,Partai Kebangkitan Rakyat,political-party,2025-05-27,266191625,True,proxy
"Tari Dabukke, M.Pd",individual,Asirwanda Wacana,individual,2025-04-13,230522636,False,
PD Usada Widiastuti (Persero) Tbk,corporation,"Bakiadi Wijayanti, S.Ked",individual,2025-02-26,7084148045,False,
Pemerintah Kota Surabaya,organization,Kasiyah Ramadan,individual,2025-08-03,905174539,True,illegal_source
PT Najmudin (Persero) Tbk,corporation,Aslijan Wijayanti,individual,2025-08-01,5654360,True,smurfing
"Wulan Nuraini, M.Kom.",individual,Harjasa Wacana,individual,2024-04-18,2119587624,True,self_funded
Iriana Lazuardi,individual,Kartika Yulianti,individual,2024-02-28,1569741505,False,
Perum Uyainah Mangunsong,corporation,Partai Solidaritas Indonesia,political-party,2024-10-03,98478859,False,
"dr. Reza Nasyidah, M.Ak",individual,Paiman Firgantoro,individual,2025-03-28,759057017,True,self_funded
PD Narpati Wahyudin,corporation,Partai Persatuan,political-party,2024-01-27,259344035,False,
PD Salahudin Kurniawan (Persero) Tbk,corporation,Ani Sinaga,individual,2025-07-11,18682108000,False,
Queen Wibisono,individual,Partai Demokrat,political-party,2024-09-07,92673702,True,smurfing
PT Suryono Sihombing,corporation,Zizi Nurdiyanti,individual,2025-02-11,1768301472,True,proxy
Perum Hastuti Dabukke (Persero) Tbk,corporation,Partai Harapan Bangsa,political-party,2024-01-20,533795048,False,
UD Rajata Wijaya,corporation,Partai Solidaritas Indonesia,political-party,2024-04-02,1901597476,True,proxy
Malika Wibisono,individual,Partai Nasional Demokrat,political-party,2024-04-22,25998083,False,
"drg. Marsito Nashiruddin, M.TI.",individual,Partai Nasional Demokrat,political-party,2024-10-30,73867630,False,
Perum Susanti Sitorus,corporation,Partai Amanat Rakyat,political-party,2024-07-12,409188816,False,
Marwata Saptono,individual,H. Hardi Anggriawan,individual,2025-01-21,920827161,True,self_funded
"KH. Asirwada Widodo, S.Farm",individual,Galuh Salahudin,individual,2024-09-26,377201089,False,
PD Hidayanto Hasanah Tbk,corporation,Dacin Situmorang,individual,2024-10-19,3977352357,True,self_funded
CV Hakim (Persero) Tbk,corporation,Rachel Prasasta,individual,2024-11-07,4047374916,True,self_funded
UD Tamba,corporation,"Nadia Kusumo, S.Psi",individual,2024-10-10,18430729480,False,
UD Wibowo,corporation,"Cahyanto Marbun, S.Ked",individual,2024-02-27,11135715878,False,
Perum Saputra Januar (Persero) Tbk,corporation,Emong Wahyudin,individual,2025-08-29,20664478710,True,self_funded
Ir. Latika Hidayanto,individual,Partai Indonesia Maju,political-party,2024-03-02,90688935,True,smurfing
"Bakiman Narpati, S.IP",individual,Partai Keadilan Indonesia,political-party,2024-04-01,61183825,False,
UD Hidayat Hariyah (Persero) Tbk,corporation,Sabrina Wibisono,individual,2025-12-03,20142392873,False,
Perum Latupono,corporation,Partai Rakyat Sejahtera,political-party,2025-10-10,658438885,False,
PD Marbun Habibi Tbk,corporation,Partai Amanat Rakyat,political-party,2025-05-17,408149883,True,proxy
PD Rajata Wibisono (Persero) Tbk,corporation,Asirwanda Damanik,individual,2025-12-16,1418771472,True,self_funded
PD Wibowo (Persero) Tbk,corporation,Laksana Namaga,individual,2025-09-01,16926230818,False,
"Hj. Siti Winarno, S.Gz",individual,"Darmaji Wijaya, M.M.",individual,2024-06-11,1264877092,False,
CV Usamah,corporation,"Rahmi Lazuardi, S.Gz",individual,2025-03-31,2050023,True,smurfing
CV Mangunsong Hidayat Tbk,corporation,Garang Hidayat,individual,2024-06-16,3584515897,False,
PT Dongoran,organization,Ajeng Utami,individual,2025-08-21,1808431201,True,proxy
UD Palastri,organization,Partai Rakyat Sejahtera,political-party,2024-11-25,30906749,True,smurfing
Cut Usyi Saptono,individual,Jindra Hastuti,individual,2025-11-04,1087529807,False,
UD Thamrin,corporation,Partai Indonesia Maju,political-party,2025-10-18,43714454,True,smurfing
Enteng Agustina,individual,Partai Demokrat,political-party,2024-09-20,247428822,True,over_limit
UD Napitupulu Tbk,corporation,Rama Nashiruddin,individual,2024-07-10,4508700518,True,self_funded
Perum Widiastuti Samosir (Persero) Tbk,corporation,Partai Solidaritas Indonesia,political-party,2024-06-20,1130531960,True,over_limit
"R. Uli Aryani, S.E.I",individual,Suci Siregar,individual,2024-08-09,2121742103,False,
"Najam Wulandari, S.Psi",individual,Partai Indonesia Maju,political-party,2025-04-09,58452009,False,
PD Maryati Astuti,organization,Wardaya Handayani,individual,2024-01-19,117625856,True,proxy
Ajiono Mandasari,individual,Partai Amanat Rakyat,political-party,2024-07-30,35836681,False,
PD Hardiansyah,organization,Drajat Mustofa,individual,2024-09-10,3643011159,False,
CV Mandasari Simanjuntak (Persero) Tbk,corporation,Partai Harapan Bangsa,political-party,2025-09-07,945792587,True,proxy
PT Hassanah Andriani,corporation,R. Uda Ardianto,individual,2024-05-21,14586629578,True,self_funded
Kasiyah Mahendra,individual,Partai Harapan Bangsa,political-party,2024-12-25,101694229,False,
Taufan Wacana,individual,Partai Keadilan Indonesia,political-party,2024-07-10,16490756,False,
"Drs. Bagya Widodo, S.Sos",individual,Partai Demokrat,political-party,2025-01-21,7804889,False,
Perum Lailasari Puspita,corporation,Cut Gabriella Saragih,individual,2025-05-10,18133155763,True,self_funded
UD Prastuti Rajata (Persero) Tbk,organization,Partai Demokrat,political-party,2024-01-21,24421016,False,
Perum Laksmiwati,corporation,"Sutan Karna Sinaga, M.Kom.",individual,2024-02-16,18979536466,False,
Darsirah Maryadi,individual,Partai Nasional Demokrat,political-party,2025-03-14,4103326,False,
Jaeman Uwais,individual,Partai Rakyat Sejahtera,political-party,2025-08-14,123272767,False,
Melinda Mangunsong,individual,Lala Mayasari,individual,2024-02-08,653635680,False,
CV Dongoran Rajata (Persero) Tbk,corporation,Jelita Mustofa,individual,2025-11-03,6775584386,False,
"drg. Ivan Prastuti, S.Psi",individual,"Hana Hidayanto, M.M.",individual,2024-11-22,330865517,True,self_funded
PD Sihotang Kuswandari,organization,Partai Persatuan,political-party,2025-07-23,623027704,False,
CV Tamba Tbk,corporation,R. Anita Wacana,individual,2025-05-27,9371041147,True,self_funded
PT Latupono Megantara Tbk,corporation,Jasmin Hasanah,individual,2025-09-01,5620932,True,smurfing
PD Maryati (Persero) Tbk,organization,Drs. Bakidin Prasasta,individual,2025-01-01,34754034,True,smurfing
UD Wahyuni,corporation,Partai Persatuan,political-party,2024-12-21,179228315,True,proxy
Cinthia Sihombing,individual,Partai Demokrat,political-party,2024-07-06,23167784,False,
"Dr. Laila Hutasoit, M.TI.",individual,Siska Latupono,individual,2025-11-17,1669135797,True,self_funded
CV Tarihoran,organization,Partai Nasional Demokrat,political-party,2025-12-05,1593150667,True,proxy
CV Irawan Simanjuntak Tbk,organization,Partai Amanat Rakyat,political-party,2024-04-20,55039085,True,smurfing
Pemerintah Kabupaten Banyumas,organization,"H. Purwanto Hassanah, S.H.",individual,2025-02-18,23089487869,True,illegal_source
PD Nashiruddin Mandasari,organization,Diah Napitupulu,individual,2025-05-08,1203102833,True,proxy
Dr. Banawa Kurniawan,individual,"dr. Salman Saputra, S.Gz",individual,2024-06-06,2276744591,True,self_funded
Yessi Nasyiah,individual,Hasim Yolanda,individual,2025-04-15,2140719899,False,
Emil Irawan,individual,Lukman Kuswoyo,individual,2025-08-22,1707520050,True,self_funded
CV Firmansyah,organization,"R.M. Tugiman Ardianto, S.I.Kom",individual,2025-08-24,206500989,True,proxy
"Olivia Mandasari, S.E.",individual,Ella Safitri,individual,2025-04-17,1065323130,False,
PD Haryanti,organization,Partai Indonesia Maju,political-party,2025-11-16,428919455,False,
CV Sitompul,corporation,Karman Usada,individual,2025-05-23,15788481552,True,self_funded
Perum Pangestu Saptono,organization,"Drs. Farah Tamba, S.Farm",individual,2024-08-17,80931773,True,smurfing
Tgk. Lamar Budiman,individual,Purwa Wibisono,individual,2024-04-10,691428441,False,
Ir. Syahrini Zulkarnain,individual,Humaira Zulkarnain,individual,2025-08-09,1495648127,False,
PT Najmudin,organization,"drg. Agnes Sihombing, S.Farm",individual,2025-04-04,20609603184,False,
PT Kereta Api Indonesia (Persero),corporation,Mulya Winarsih,individual,2024-03-07,23830858073,True,illegal_source
Mustika Lestari,individual,"drg. Calista Utama, S.Ked",individual,2024-01-26,383782470,False,
Belinda Ardianto,individual,Partai Demokrat,political-party,2025-10-09,71853134,False,
"Luis Adriansyah, M.Kom.",individual,Dr. Darimin Wibisono,individual,2025-03-29,2152280694,False,
Digdaya Wastuti,individual,Tgk. Iriana Padmasari,individual,2025-10-14,119385412,False,
UD Suryatmi,corporation,Sutan Hendri Lailasari,individual,2025-02-09,21592863358,False,
Zulfa Saputra,individual,Raden Narpati,individual,2024-12-04,824736233,False,
CV Sudiati Saragih Tbk,organization,Oliva Damanik,individual,2024-08-22,1892171864,True,proxy
CV Widodo Nuraini,organization,Partai Keadilan Indonesia,political-party,2025-01-05,1325649549,True,proxy
CV Santoso,organization,Partai Harapan Bangsa,political-party,2025-08-05,38599850,True,smurfing
Mutia Maryadi,individual,Ir. Darman Saptono,individual,2024-11-06,1744955945,False,
UD Samosir Tbk,corporation,Rina Megantara,individual,2024-01-04,18408821480,False,
"Malik Napitupulu, S.IP",individual,"Daliono Mangunsong, S.T.",individual,2025-07-28,1018492327,False,
Kuncara Saputra,individual,Partai Rakyat Sejahtera,political-party,2025-10-28,84573694,False,
CV Yulianti Hidayanto,corporation,Rini Prabowo,individual,2025-11-21,5254555359,False,
UD Purwanti Tbk,corporation,Queen Situmorang,individual,2024-02-15,20762647145,False,
Perum Nurdiyanti Siregar (Persero) Tbk,organization,Partai Demokrat,political-party,2025-07-05,62536252,True,smurfing
Perum Nugroho Tbk,corporation,Partai Rakyat Sejahtera,political-party,2024-11-05,135886734,False,
Pemerintah Provinsi Bali,organization,Reksa Waskita,individual,2024-08-19,25848253669,True,illegal_source
T. Cawisadi Haryanti,individual,Partai Harapan Bangsa,political-party,2025-03-15,94296593,True,smurfing
"Cut Lili Mangunsong, S.H.",individual,Jagaraga Megantara,individual,2024-06-19,850835955,True,self_funded
Gara Hutasoit,individual,Partai Amanat Rakyat,political-party,2025-05-11,105114071,False,
Nasim Astuti,individual,"Cornelia Jailani, M.Farm",individual,2024-09-15,1374455894,False,
CV Uyainah Sudiati,corporation,"Dt. Bagas Waluyo, S.E.I",individual,2024-01-01,725245657,True,proxy
Cahyo Saptono,individual,Restu Prayoga,individual,2024-06-29,75021000,True,smurfing
PT Yulianti Permadi,corporation,Partai Nasional Demokrat,political-party,2025-06-28,1198250404,True,proxy
UD Mardhiyah Wijayanti,organization,Queen Sudiati,individual,2025-05-02,5957322341,False,
Natalia Tamba,individual,Partai Demokrat,political-party,2024-11-21,82342800,False,
"Warji Wijayanti, M.Farm",individual,Partai Rakyat Sejahtera,political-party,2025-08-06,169921036,False,
"Puti Gawati Pranowo, M.Farm",individual,Lidya Nainggolan,individual,2024-05-25,927618832,False,
PT Mustofa Januar (Persero) Tbk,corporation,"Pia Padmasari, M.Pd",individual,2025-09-17,7572137299,True,self_funded
Hj. Juli Pangestu,individual,Partai Indonesia Maju,political-party,2025-01-31,171904385,False,
Fathonah Rahayu,individual,KH. Karman Haryanto,individual,2025-01-28,1143627157,True,self_funded
PD Firmansyah Nashiruddin,corporation,"drg. Alambana Waskita, M.TI.",individual,2024-12-31,1723149921,False,
UD Pranowo Namaga (Persero) Tbk,organization,"R.A. Aisyah Budiyanto, S.Ked",individual,2024-08-17,1492936967,True,proxy
UD Namaga Tamba,organization,Partai Kebangkitan Rakyat,political-party,2024-02-29,1791261405,True,proxy
"Tgk. Raisa Melani, M.M.",individual,"T. Teddy Simanjuntak, S.I.Kom",individual,2024-03-27,2059541575,True,self_funded
PD Rahayu Saptono,organization,"Victoria Hidayat, S.E.I",individual,2025-11-19,5293196416,False,
PT Pertamina (Persero),corporation,Partai Rakyat Sejahtera,political-party,2024-12-25,329549890,True,illegal_source
Mutia Anggriawan,individual,Partai Persatuan,political-party,2024-04-18,84438659,False,
Rina Suwarno,individual,Daliono Puspita,individual,2025-03-13,2127084160,False,
Kenzie Kuswandari,individual,Partai Keadilan Indonesia,political-party,2025-09-07,159790797,False,
PT Jailani Wastuti (Persero) Tbk,organization,Partai Indonesia Maju,political-party,2025-03-10,91772036,True,smurfing
PT Ramadan Wacana,organization,"Drs. Viktor Hardiansyah, M.M.",individual,2024-08-11,2221999800,False,
PD Sitorus,corporation,Partai Kebangkitan Rakyat,political-party,2025-08-28,831657178,True,proxy
CV Usamah Tbk,corporation,Ozy Firgantoro,individual,2025-05-12,18296635603,True,self_funded
UD Mulyani,organization,Partai Harapan Bangsa,political-party,2025-02-24,68764010,False,
H. Olga Prasetyo,individual,Partai Kebangkitan Rakyat,political-party,2025-09-05,131479999,False,
PT Laksmiwati Tbk,corporation,Partai Keadilan Indonesia,political-party,2024-02-19,234170894,False,
Imam Mustofa,individual,Betania Firgantoro,individual,2024-08-30,229207973,False,
"Dr. Ciaobella Mansur, S.Kom",individual,Partai Keadilan Indonesia,political-party,2025-04-18,96384953,False,
"drg. Abyasa Mustofa, S.Pd",individual,Harimurti Simanjuntak,individual,2024-04-13,350638680,True,self_funded
Perum Mandala,corporation,Uchita Saefullah,individual,2025-03-21,19059018248,True,self_funded
PD Utama Novitasari Tbk,corporation,Wahyu Melani,individual,2025-11-30,13272196616,True,self_funded
UD Utami Saragih,corporation,Partai Kebangkitan Rakyat,political-party,2025-07-12,616799938,True,proxy
Harsaya Ardianto,individual,Partai Amanat Rakyat,political-party,2025-10-31,104568408,False,
"Jagapati Prakasa, M.TI.",individual,Partai Amanat Rakyat,political-party,2025-01-31,85901066,False,
CV Nuraini Zulkarnain,corporation,Partai Keadilan Indonesia,political-party,2025-03-15,1575141086,True,over_limit
Gandewa Setiawan,individual,Gandewa Palastri,individual,2025-11-15,1241542391,True,self_funded
Tgk. Hesti Manullang,individual,"Ir. Hasan Suryatmi, M.Pd",individual,2024-06-18,1087909216,True,self_funded
PD Anggraini Wacana Tbk,organization,Partai Kebangkitan Rakyat,political-party,2025-12-09,516513191,True,proxy
UD Damanik Widodo Tbk,organization,"Cut Uli Pratama, M.Farm",individual,2024-02-26,36760714,True,smurfing
dr. Dagel Lestari,individual,Rahmi Suartini,individual,2025-02-01,32374850,True,smurfing
CV Widiastuti Mangunsong,corporation,Dasa Latupono,individual,2024-02-01,1516619,True,smurfing
Elisa Nashiruddin,individual,R. Hafshah Uwais,individual,2024-10-28,985233299,False,
Perum Mandala Tbk,corporation,Partai Harapan Bangsa,political-party,2024-11-16,164930581,False,
Pemkab Toba,organization,Ir. Harsana Suryono,individual,2024-07-14,15270857573,True,illegal_source
Pemerintah Desa Cibeber,organization,Puti Bella Saragih,individual,2024-11-05,20464641123,True,illegal_source
PT Pranowo (Persero) Tbk,corporation,Partai Nasional Demokrat,political-party,2025-03-22,665713862,False,
UD Nurdiyanti Adriansyah Tbk,corporation,"R. Siska Hartati, M.Farm",individual,2024-03-16,878495434,True,proxy
dr. Irwan Sirait,individual,Partai Keadilan Indonesia,political-party,2025-06-01,162295491,False,
PD Sinaga Pradipta (Persero) Tbk,organization,Uda Natsir,individual,2025-07-19,1181897122,True,proxy
PT Zulkarnain Tbk,organization,"R. Jumadi Wacana, M.Pd",individual,2024-02-18,826669753,True,proxy
PT Kusmawati Napitupulu (Persero) Tbk,organization,Drs. Darijan Rahimah,individual,2025-01-13,1597061096,True,proxy
UD Safitri Tbk,corporation,Manah Safitri,individual,2025-06-21,12320554575,False,
"Dina Pranowo, M.Pd",individual,Respati Sihombing,individual,2024-06-29,276779593,False,
Jamil Rahmawati,individual,Partai Amanat Rakyat,political-party,2024-02-03,54838820,False,
CV Permata (Persero) Tbk,corporation,Puti Samosir,individual,2024-07-26,857529515,True,proxy
Satya Mangunsong,individual,Mahdi Kuswandari,individual,2024-11-05,697976613,True,self_funded
Perum Haryanti (Persero) Tbk,organization,Partai Harapan Bangsa,political-party,2025-08-21,266343821,True,proxy
UD Hutasoit Kusmawati,organization,Partai Amanat Rakyat,political-party,2025-03-19,4073016,True,smurfing
PD Siregar,corporation,Ir. Halima Simanjuntak,individual,2025-03-15,10247604232,True,self_funded
Pemkab Toba,organization,Partai Rakyat Sejahtera,political-party,2024-05-06,325595425,True,illegal_source
"Patricia Wastuti, M.Pd",individual,Mila Safitri,individual,2024-10-12,8031507,True,smurfing
Galiono Iswahyudi,individual,"Lukita Puspita, S.I.Kom",individual,2025-06-23,1810474327,True,self_funded
"Keisha Pranowo, S.H.",individual,"Karimah Widodo, S.T.",individual,2024-02-27,2156465705,False,
Belinda Rahmawati,individual,Partai Kebangkitan Rakyat,political-party,2025-07-06,113855554,False,
"Yusuf Nugroho, M.TI.",individual,H. Makuta Sinaga,individual,2025-07-05,98238141,True,smurfing
Taswir Prastuti,individual,Partai Harapan Bangsa,political-party,2024-08-16,35695746,False,
Dr. Pardi Damanik,individual,"H. Jaiman Budiman, S.Psi",individual,2024-05-31,1672093995,True,self_funded
Cengkir Nugroho,individual,Partai Harapan Bangsa,political-party,2024-03-30,8621862,False,
Cici Kuswoyo,individual,dr. Vera Rahayu,individual,2024-12-18,795982030,False,
Murti Firgantoro,individual,Partai Harapan Bangsa,political-party,2025-12-13,172375403,False,
Zalindra Simbolon,individual,Mahdi Usada,individual,2025-04-29,2417968734,True,self_funded
Perum Wulandari Tbk,organization,Partai Nasional Demokrat,political-party,2024-09-25,350051338,False,
"Prayitna Suwarno, S.H.",individual,Partai Amanat Rakyat,political-party,2024-06-26,119390644,False,
UD Prasetya,organization,Mujur Sitompul,individual,2024-09-14,15367457,True,smurfing
Michelle Astuti,individual,Partai Keadilan Indonesia,political-party,2025-07-24,59482274,False,
PT Pradana (Persero) Tbk,corporation,Partai Nasional Demokrat,political-party,2025-09-17,1503868240,True,over_limit
PT Prayoga (Persero) Tbk,corporation,KH. Hamzah Sudiati,individual,2025-04-08,46187806318,True,over_limit
PT Budiman Namaga (Persero) Tbk,organization,Partai Persatuan,political-party,2024-03-15,570872087,True,proxy
PD Yuliarti Lestari,corporation,Partai Persatuan,political-party,2024-12-14,1086577876,True,over_limit
CV Dabukke Tbk,organization,Partai Demokrat,political-party,2025-11-14,6333126,True,smurfing
Mahmud Putra,individual,Raina Damanik,individual,2024-10-30,1393120151,False,
PD Saefullah Prasasta,corporation,"Tgk. Kamila Gunawan, M.Ak",individual,2025-09-28,5234073602,False,
Jamalia Megantara,individual,Lidya Iswahyudi,individual,2025-12-20,2116496248,True,self_funded
"dr. Luwar Winarno, M.Pd",individual,Partai Harapan Bangsa,political-party,2025-01-01,67240432,False,
UD Sitompul,corporation,Partai Nasional Demokrat,political-party,2025-09-19,100843012,False,
"Yessi Prasetyo, S.Gz",individual,Partai Persatuan,political-party,2025-12-18,30023939,True,smurfing
Perum Thamrin Pratiwi,corporation,Partai Demokrat,political-party,2024-12-01,1555615318,True,proxy
PT Kurniawan,corporation,Jayadi Permata,individual,2025-01-02,17721387597,False,
"dr. Bagas Rajata, S.Sos",individual,Partai Indonesia Maju,political-party,2024-01-23,176593915,False,
Siska Tarihoran,individual,Partai Kebangkitan Rakyat,political-party,2024-03-07,48591264,True,smurfing
Paris Waskita,individual,Partai Nasional Demokrat,political-party,2025-04-07,118191529,False,
"R. Hesti Tamba, S.Sos",individual,Hani Adriansyah,individual,2024-07-09,1011941523,False,
UD Haryanti Prayoga Tbk,organization,Vicky Gunarto,individual,2025-04-17,95739590,True,smurfing
PT Nababan Waluyo,corporation,"Balangga Saefullah, M.Pd",individual,2025-11-29,1397967221,True,proxy
Perum Padmasari Farida (Persero) Tbk,corporation,Partai Persatuan,political-party,2024-05-25,1587798249,True,proxy
UD Hardiansyah Wijayanti,corporation,Partai Demokrat,political-party,2024-09-12,487624442,False,
UD Wulandari,corporation,Partai Kebangkitan Rakyat,political-party,2025-03-02,39761824,True,smurfing
Yuliana Saptono,individual,Kusuma Fujiati,individual,2025-10-14,1075596885,True,self_funded
"Dadi Salahudin, S.Psi",individual,Partai Nasional Demokrat,political-party,2025-09-29,144185001,False,
H. Adhiarja Safitri,individual,Tgk. Timbul Rajata,individual,2024-07-18,999645039,False,
"KH. Cahyono Prayoga, M.Pd",individual,Partai Kebangkitan Rakyat,political-party,2025-02-25,14494428,False,
Perum Pradipta,corporation,Cinta Hutapea,individual,2025-01-05,19222752620,True,self_funded
Nilam Wastuti,individual,Partai Kebangkitan Rakyat,political-party,2024-08-02,162393180,False,
Tgk. Ibun Laksita,individual,Dr. Farhunnisa Rahmawati,individual,2025-09-22,835899450,False,
CV Suryono,organization,Yessi Prasasta,individual,2025-08-11,47508470,True,proxy
BUMD Energi Nusantara,organization,Partai Kebangkitan Rakyat,political-party,2024-11-05,309049794,True,illegal_source
Jefri Nashiruddin,individual,"Tiara Lazuardi, M.Ak",individual,2024-11-09,787207150,False,
Embuh Halimah,individual,dr. Karimah Nashiruddin,individual,2025-01-22,1922282,True,smurfing
Hana Wasita,individual,Eva Uwais,individual,2024-12-07,867475028,False,
"Calista Haryanti, S.E.",individual,Partai Nasional Demokrat,political-party,2025-09-28,129105526,False,
PT Maryati Tbk,corporation,KH. Kacung Hassanah,individual,2025-01-13,47099735,True,smurfing
Paulin Prastuti,individual,"Puti Ella Astuti, M.Pd",individual,2025-11-15,209936465,True,self_funded
CV Zulkarnain Susanti,organization,Partai Amanat Rakyat,political-party,2025-06-17,78909785,True,smurfing
"Dt. Kunthara Melani, M.M.",individual,Partai Solidaritas Indonesia,political-party,2024-10-11,93889363,False,
Jayeng Fujiati,individual,Partai Rakyat Sejahtera,political-party,2025-08-07,6296247,False,
CV Dongoran Tbk,corporation,Partai Kebangkitan Rakyat,political-party,2024-08-17,20075108,True,smurfing
CV Salahudin Tbk,organization,Partai Keadilan Indonesia,political-party,2024-05-18,969284443,True,proxy
UD Mardhiyah (Persero) Tbk,organization,Partai Rakyat Sejahtera,political-party,2025-06-27,1502373936,True,proxy
Nilam Saptono,individual,Partai Amanat Rakyat,political-party,2024-06-01,130476016,False,
PT Handayani Pudjiastuti,organization,Partai Indonesia Maju,political-party,2024-03-17,1406973468,True,over_limit
Perum Mahendra (Persero) Tbk,corporation,"Ir. Anastasia Nugroho, S.E.I",individual,2024-02-25,759511335,True,self_funded
PD Utama (Persero) Tbk,organization,Partai Demokrat,political-party,2024-10-29,100756999,False,
Tania Wahyuni,individual,Partai Keadilan Indonesia,political-party,2025-11-09,149132538,False,
Hj. Eka Hakim,individual,R.M. Daruna Sirait,individual,2025-10-07,522882686,True,self_funded
PD Pranowo Pratama,corporation,Partai Demokrat,political-party,2024-09-01,539694706,True,proxy
PT Wahyudin (Persero) Tbk,corporation,Dacin Winarsih,individual,2025-03-11,19271297559,True,self_funded
Perum Ramadan,corporation,Partai Kebangkitan Rakyat,political-party,2024-01-10,87789804,True,smurfing
Kementerian Keuangan,organization,R.M. Yusuf Halim,individual,2024-12-15,13594989184,True,illegal_source
"Dr. Estiono Zulkarnain, M.M.",individual,"Cawuk Fujiati, S.T.",individual,2024-08-23,895928273,False,
R.A. Zulaikha Kusumo,individual,"Dr. Endah Pratiwi, S.T.",individual,2025-08-30,608159607,True,self_funded
PT Kuswandari,corporation,Partai Solidaritas Indonesia,political-party,2024-02-03,1020132488,True,proxy
PD Yuniar,corporation,Ir. Raihan Adriansyah,individual,2024-04-20,17815813309,True,self_funded
Maras Haryanti,individual,"Hj. Tami Andriani, S.Kom",individual,2025-08-01,2314443776,True,self_funded
Sakura Utama,individual,Lutfan Adriansyah,individual,2024-12-14,993556543,True,self_funded
Raditya Suryono,individual,Partai Rakyat Sejahtera,political-party,2024-07-12,92450792,False,
Perum Ramadan Fujiati Tbk,corporation,Dr. Alika Ardianto,individual,2025-03-10,4786569491,False,
PD Narpati Januar,organization,Partai Persatuan,political-party,2025-07-23,1449511184,True,proxy
Perum Nasyidah,corporation,"Uli Yolanda, S.Gz",individual,2024-11-01,9256025327,False,
UD Mansur Tbk,organization,Partai Kebangkitan Rakyat,political-party,2025-04-18,576734003,True,proxy
UD Wacana Wibisono,organization,"KH. Kalim Laksita, S.E.I",individual,2025-12-29,8945089584,False,
Arta Yulianti,individual,Ciaobella Nurdiyanti,individual,2025-05-07,70959844,True,smurfing
UD Kusmawati (Persero) Tbk,corporation,Jamalia Ramadan,individual,2025-03-17,13647439792,True,self_funded
PD Palastri Nasyiah,corporation,Partai Indonesia Maju,political-party,2024-11-09,4973047,True,smurfing
"Septi Nababan, S.Sos",individual,Partai Amanat Rakyat,political-party,2025-01-27,120488186,False,
PD Samosir Saefullah,organization,Partai Solidaritas Indonesia,political-party,2025-10-20,494463527,False,
Rahmat Usamah,individual,Rachel Rahmawati,individual,2024-12-04,1493844430,False,
Perum Suryono,corporation,Puti Wahyudin,individual,2025-01-31,1704893459,True,proxy
PD Wibowo Zulkarnain,corporation,Dt. Kasim Utami,individual,2025-02-07,17185547577,False,
PD Prastuti,corporation,"Hadi Saragih, S.Gz",individual,2024-07-11,7097298163,False,
PD Yuniar Yuliarti,corporation,Lukman Halim,individual,2025-02-01,10818201670,False,
PT Prasetyo Tbk,corporation,Partai Kebangkitan Rakyat,political-party,2024-03-21,471883264,False,
Icha Maryati,individual,Baktiadi Handayani,individual,2024-05-29,498608578,True,self_funded
"Atma Usada, S.Pd",individual,Partai Amanat Rakyat,political-party,2025-02-12,136363149,False,
"Jessica Iswahyudi, S.Sos",individual,Talia Fujiati,individual,2025-07-04,2302126558,True,self_funded
CV Hidayanto (Persero) Tbk,corporation,Ika Winarsih,individual,2025-11-25,6696644864,False,
"Cut Belinda Lailasari, S.Kom",individual,Iriana Rajasa,individual,2024-04-10,1626458801,True,self_funded
PT Sirait,corporation,"R.A. Sabrina Winarsih, S.Pt",individual,2024-06-20,41828200,True,smurfing
Harjaya Manullang,individual,R.M. Jais Simbolon,individual,2025-08-31,92990644,False,
Perum Anggriawan Mangunsong,organization,Partai Indonesia Maju,political-party,2025-10-24,1118429949,True,proxy
Lamar Saputra,individual,Ulya Hassanah,individual,2025-09-11,987870703,True,self_funded
PT Prayoga Salahudin (Persero) Tbk,corporation,KH. Emil Wahyuni,individual,2025-02-18,31164230,True,smurfing
Yusuf Susanti,individual,Partai Demokrat,political-party,2025-01-05,81661209,False,
"Dr. Narji Permata, S.I.Kom",individual,Partai Harapan Bangsa,political-party,2025-07-05,94663059,False,
UD Samosir Pradana (Persero) Tbk,organization,Maryanto Nababan,individual,2024-11-05,38814133615,True,over_limit
UD Andriani,corporation,Jane Prayoga,individual,2025-05-29,1427848878,True,proxy
Padmi Firgantoro,individual,Partai Demokrat,political-party,2024-12-03,80846168,False,
Kementerian Pendidikan Nasional,organization,"Puti Mila Natsir, M.M.",individual,2024-03-09,16729245620,True,illegal_source
H. Ikhsan Prayoga,individual,"Koko Dongoran, S.Farm",individual,2025-09-01,25630389,True,self_funded
Tasdik Rajasa,individual,"Hj. Cindy Sihombing, S.Gz",individual,2024-09-28,110689700,False,
"Asmadi Yulianti, S.Farm",individual,Bakiono Susanti,individual,2025-06-27,505767092,False,
"R. Unjani Yuliarti, S.Farm",individual,"drg. Ayu Prakasa, S.Farm",individual,2025-12-19,692631209,False,
"Gamblang Pradana, S.Sos",individual,"Indra Farida, M.TI.",individual,2024-06-11,779732210,False,
PT Pudjiastuti,corporation,drg. Cornelia Wacana,individual,2024-07-17,89754002,True,smurfing
PD Laksita Sudiati Tbk,corporation,Humaira Pratama,individual,2025-08-09,31583505812,True,over_limit
Hartana Pertiwi,individual,Partai Amanat Rakyat,political-party,2025-03-02,61611440,True,smurfing
PT Permadi,organization,Partai Rakyat Sejahtera,political-party,2024-02-21,649106837,True,proxy
PT Laksmiwati Tbk,organization,Fathonah Rahayu,individual,2024-05-05,17766593,True,smurfing
PT Siregar Uyainah,organization,Partai Indonesia Maju,political-party,2024-07-10,534985946,True,proxy
"Cut Ghaliyati Widodo, S.Gz",individual,Patricia Siregar,individual,2024-08-15,158165688,False,
Vivi Handayani,individual,Harto Napitupulu,individual,2024-11-12,487039121,True,self_funded
PD Salahudin,corporation,Cut Mutia Sirait,individual,2024-07-02,60447978,True,smurfing
CV Iswahyudi Saptono Tbk,organization,Partai Persatuan,political-party,2025-07-06,1448760056,True,proxy
Anita Sudiati,individual,Partai Amanat Rakyat,political-party,2025-12-09,94993890,True,smurfing
CV Usada Wibisono (Persero) Tbk,organization,Partai Nasional Demokrat,political-party,2024-11-09,1930448126,True,proxy
CV Ramadan Firmansyah,corporation,Partai Persatuan,political-party,2024-06-07,462421803,False,
Tiara Novitasari,individual,Partai Kebangkitan Rakyat,political-party,2025-04-06,41974583,False,
KH. Adinata Wasita,individual,Cahyadi Tamba,individual,2024-08-17,82844401,True,smurfing
Perum Maheswara Kuswoyo,corporation,Putu Pranowo,individual,2024-12-11,15006978218,False,
Rina Mangunsong,individual,Partai Indonesia Maju,political-party,2025-06-06,4350265,False,
CV Saptono Tbk,organization,Partai Kebangkitan Rakyat,political-party,2025-03-12,590776167,False,
Tina Iswahyudi,individual,"Yahya Zulaika, S.Gz",individual,2024-02-11,1767734773,False,
Raharja Suartini,individual,Partai Persatuan,political-party,2025-04-26,167875259,False,
"drg. Najwa Uyainah, S.Gz",individual,Banawa Kuswandari,individual,2025-09-22,28251245,False,
PT Mardhiyah Wijayanti,corporation,"Dr. Jaga Wijayanti, M.M.",individual,2025-09-14,22080141624,False,
Perum Hidayat,organization,Gandi Sihotang,individual,2024-11-07,61635370,True,smurfing
PD Ardianto Zulaika,corporation,T. Koko Nainggolan,individual,2025-01-17,113759431,True,proxy
"Jatmiko Ardianto, S.E.I",individual,"Ir. Putu Tamba, M.M.",individual,2025-04-17,1810836706,False,
PD Agustina,corporation,Partai Persatuan,political-party,2025-10-12,257061251,True,proxy
Perum Usada Sitorus (Persero) Tbk,corporation,"Ir. Viman Prasasta, S.Sos",individual,2024-11-21,1096032616,True,proxy
PD Budiman,corporation,Puti Jailani,individual,2024-04-07,13770089045,False,
PT Winarsih Rahimah Tbk,corporation,Darsirah Winarno,individual,2024-01-15,16934651598,True,self_funded
CV Damanik Najmudin,corporation,Partai Amanat Rakyat,political-party,2024-05-03,619855814,False,
UD Dabukke Pudjiastuti (Persero) Tbk,organization,Rika Tamba,individual,2025-02-26,832656606,True,proxy
Perum Santoso Sinaga (Persero) Tbk,organization,Partai Persatuan,political-party,2025-10-07,1245128202,True,over_limit
Perum Sirait Tbk,corporation,Wani Nashiruddin,individual,2024-04-05,17951518970,False,
Dr. Padmi Prastuti,individual,Wardi Prasetya,individual,2024-09-20,455966378,False,
Karman Zulkarnain,individual,"Dodo Kuswoyo, S.Pd",individual,2025-03-08,974110572,False,
Kadir Zulkarnain,individual,Partai Solidaritas Indonesia,political-party,2025-06-11,98471010,False,
UD Dongoran Mansur (Persero) Tbk,organization,Artanto Mangunsong,individual,2025-09-14,171737117,True,proxy
R.A. Tami Prasetyo,individual,Silvia Hutapea,individual,2025-05-22,85755548,True,smurfing
PD Nashiruddin Tbk,corporation,Bagya Pratama,individual,2025-05-25,925724404,True,proxy
UD Wijaya (Persero) Tbk,corporation,Rama Mayasari,individual,2024-01-18,12346550669,False,
Eva Sitompul,individual,Partai Indonesia Maju,political-party,2024-02-19,158308732,False,
Zizi Saragih,individual,Sutan Edi Pratama,individual,2025-09-01,2148553975,False,
PD Ardianto Siregar Tbk,corporation,Zulfa Maryadi,individual,2025-05-13,2889749870,False,
CV Ramadan Mansur,corporation,Puspa Pangestu,individual,2024-08-21,1658590882,True,proxy
PD Megantara Firmansyah,corporation,Tgk. Jais Hidayat,individual,2025-01-20,23430336204,True,self_funded
UD Widodo Tbk,organization,Diana Aryani,individual,2024-12-31,15992290732,False,
PT Haryanti Pratama,organization,Partai Harapan Bangsa,political-party,2024-06-03,883627335,True,proxy
Shania Wijaya,individual,Partai Harapan Bangsa,political-party,2024-04-09,37918183,False,
"Cut Juli Adriansyah, S.Sos",individual,"Tgk. Ciaobella Putra, M.TI.",individual,2024-07-03,11703720,True,smurfing
Ajimat Irawan,individual,R. Ivan Padmasari,individual,2025-08-23,2173892707,True,self_funded
PT Prasasta Gunawan (Persero) Tbk,corporation,Ir. Elisa Mansur,individual,2025-05-03,34431457,True,smurfing
PD Januar (Persero) Tbk,organization,Partai Indonesia Maju,political-party,2024-04-14,1276370,True,smurfing
Galih Marbun,individual,Danu Hastuti,individual,2025-01-18,278667803,False,
Perum Prabowo,organization,Partai Nasional Demokrat,political-party,2024-08-11,54646957,True,smurfing
CV Saptono Tbk,corporation,Partai Harapan Bangsa,political-party,2025-01-02,207589849,False,
dr. Sakti Novitasari,individual,Partai Persatuan,political-party,2025-07-25,47304839,False,
Hamima Wijaya,individual,Vanya Pradipta,individual,2025-05-04,290837439,False,
Halima Padmasari,individual,Qori Nashiruddin,individual,2024-10-04,1120313520,True,self_funded
Ciaobella Mandasari,individual,"Reza Hardiansyah, S.Gz",individual,2024-09-20,35627296,False,
Heryanto Anggriawan,individual,Kawaya Pratiwi,individual,2025-06-09,2440367026,True,self_funded
Harjo Habibi,individual,Partai Solidaritas Indonesia,political-party,2024-03-07,65942667,True,smurfing
"Drs. Calista Ardianto, S.Pd",individual,Mahfud Riyanti,individual,2025-11-08,60656524,True,smurfing
Marwata Pranowo,individual,Partai Keadilan Indonesia,political-party,2024-02-09,32610513,False,
"Jasmin Thamrin, S.Ked",individual,Partai Nasional Demokrat,political-party,2025-02-12,140928158,False,
UD Fujiati Kurniawan (Persero) Tbk,corporation,"Dt. Purwa Wibowo, S.Pd",individual,2024-10-27,21426797450,False,
Ciaobella Ramadan,individual,Yani Rahayu,individual,2024-12-11,168181745,False,
Hj. Padmi Sudiati,individual,Partai Persatuan,political-party,2025-09-06,88844701,False,
PT Rajasa,organization,Mursinin Sihombing,individual,2024-04-11,272265937,True,proxy
Kementerian Keuangan,organization,Partai Amanat Rakyat,political-party,2024-05-14,351074807,True,illegal_source
Reksa Suryatmi,individual,Partai Indonesia Maju,political-party,2025-05-18,19471442,False,
PD Saefullah (Persero) Tbk,corporation,Partai Persatuan,political-party,2025-07-09,460665381,True,proxy
Perum Hutapea Hutasoit,organization,"Fitriani Laksmiwati, S.IP",individual,2024-12-06,640709318,True,proxy
Ana Suartini,individual,Partai Solidaritas Indonesia,political-party,2025-03-21,36653191,False,
Manah Farida,individual,Partai Harapan Bangsa,political-party,2024-04-30,172302115,False,
CV Puspita,corporation,"Panji Mahendra, S.Pd",individual,2025-03-17,55209482,True,smurfing
PD Pudjiastuti Ramadan,corporation,Partai Nasional Demokrat,political-party,2025-11-23,33603386,True,smurfing
UD Sihombing Mardhiyah (Persero) Tbk,corporation,Partai Persatuan,political-party,2024-07-06,1296135284,True,proxy
Pemkab Toba,organization,R. Vivi Mustofa,individual,2024-12-02,20716030796,True,illegal_source
PD Laksita Tbk,corporation,Partai Solidaritas Indonesia,political-party,2024-04-16,28991678,False,
CV Wastuti (Persero) Tbk,corporation,Mumpuni Hartati,individual,2025-01-22,17822544066,True,self_funded
PT Hutapea Utama,corporation,"Hj. Paris Mandasari, S.Sos",individual,2024-01-22,19057433725,True,self_funded
PT Pertamina (Persero),corporation,Oman Nashiruddin,individual,2025-01-22,307007800,True,illegal_source
PD Mulyani Pratama Tbk,corporation,Partai Nasional Demokrat,political-party,2024-06-06,438012236,False,
Perum Marbun Lestari,organization,Dina Nashiruddin,individual,2024-09-01,43190476,True,smurfing
CV Palastri Wacana,organization,Kayla Kuswandari,individual,2024-06-01,1155554866,True,proxy
"Jarwa Andriani, M.TI.",individual,"Dr. Mitra Hutapea, S.Psi",individual,2025-12-04,1947622292,False,
PT Yuniar,organization,Partai Keadilan Indonesia,political-party,2025-10-16,1193834702,True,proxy
Novi Pranowo,individual,Dr. Prayitna Adriansyah,individual,2025-02-24,734839712,False,
UD Wibisono Tbk,corporation,Dr. Mila Pradipta,individual,2025-04-18,5458915515,False,
Siska Ardianto,individual,"R. Ridwan Maulana, M.Kom.",individual,2025-12-20,90653585,True,smurfing
Perum Mahendra Wahyudin Tbk,corporation,"R. Eva Iswahyudi, M.TI.",individual,2025-02-27,17452201363,True,self_funded
Perum Wasita Natsir,organization,Partai Nasional Demokrat,political-party,2025-05-08,1431680421,True,proxy
Kasiyah Mustofa,individual,Partai Rakyat Sejahtera,political-party,2025-06-19,100535884,False,
"Adhiarja Halimah, S.H.",individual,Partai Rakyat Sejahtera,political-party,2025-01-20,124303667,False,
CV Hutagalung Nababan,corporation,Agus Samosir,individual,2025-06-20,399167334,True,self_funded
Perum Prabowo Firgantoro Tbk,corporation,Dr. Jarwi Yolanda,individual,2025-08-25,2033086,True,smurfing
PT Sitorus Anggriawan (Persero) Tbk,corporation,Partai Rakyat Sejahtera,political-party,2025-05-04,28053198,True,smurfing
UD Pranowo Uwais,organization,Partai Nasional Demokrat,political-party,2025-04-19,464913437,False,
Perum Laksmiwati Tbk,corporation,Partai Keadilan Indonesia,political-party,2025-11-02,744970798,True,proxy
"Gandewa Samosir, M.Ak",individual,Partai Nasional Demokrat,political-party,2024-03-15,115236962,False,
Zulaikha Suryono,individual,Reza Prabowo,individual,2025-09-06,1116564059,False,
PT Melani Tbk,corporation,Bakianto Lailasari,individual,2025-04-26,12263181308,True,self_funded
Cut Tiara Thamrin,individual,Ir. Dinda Pratiwi,individual,2024-05-26,51566191,True,smurfing
PT Farida (Persero) Tbk,organization,Vivi Saefullah,individual,2024-07-20,252218216,True,proxy
PD Gunarto,corporation,Elvina Yulianti,individual,2025-11-11,10452980576,False,
Syahrini Namaga,individual,Lanjar Tampubolon,individual,2024-11-23,1387980193,True,self_funded
PT Widiastuti,corporation,Partai Harapan Bangsa,political-party,2025-06-22,8997027,False,
"Nabila Santoso, S.I.Kom",individual,Gandi Sihombing,individual,2024-08-29,66611297,True,smurfing
Shakila Narpati,individual,Partai Keadilan Indonesia,political-party,2024-02-11,66574216,False,
PD Irawan,organization,Marsito Rahmawati,individual,2025-12-15,22161416777,False,
PD Riyanti (Persero) Tbk,corporation,Partai Solidaritas Indonesia,political-party,2024-12-03,43073804,True,smurfing
PD Pudjiastuti,corporation,Partai Amanat Rakyat,political-party,2025-06-17,416726806,True,proxy
PD Laksmiwati Palastri,organization,Partai Kebangkitan Rakyat,political-party,2024-10-29,480364809,False,
Irma Pratiwi,individual,Partai Kebangkitan Rakyat,political-party,2024-02-20,178588082,False,
CV Mayasari,corporation,Partai Rakyat Sejahtera,political-party,2024-12-16,68845713,False,
PD Winarsih Tbk,corporation,Partai Amanat Rakyat,political-party,2025-07-19,1400303066,True,proxy
Cengkir Jailani,individual,Hasna Mahendra,individual,2025-07-09,34581491,True,smurfing
UD Nuraini Winarsih (Persero) Tbk,corporation,Aurora Hardiansyah,individual,2025-01-20,19892502955,False,
Gilda Sinaga,individual,"Drs. Luhung Budiyanto, S.Gz",individual,2025-03-27,524430516,True,self_funded
R.M. Warta Sihombing,individual,Partai Solidaritas Indonesia,political-party,2025-08-07,100726416,False,
UD Agustina (Persero) Tbk,organization,Uda Agustina,individual,2024-01-26,1895362610,True,proxy
PT Permata Tbk,corporation,"Yuliana Nashiruddin, S.IP",individual,2025-03-09,16151377963,True,self_funded
CV Wastuti Pradipta,corporation,Johan Wahyudin,individual,2024-08-14,9322773536,False,
"Tgk. Aisyah Hastuti, S.E.",individual,"dr. Hafshah Thamrin, S.Kom",individual,2025-04-13,1757254883,False,
PT Maheswara Tbk,corporation,Partai Solidaritas Indonesia,political-party,2024-10-18,318984355,False,
PT Januar,corporation,Partai Harapan Bangsa,political-party,2024-10-28,687654641,False,
UD Sitorus,corporation,Partai Keadilan Indonesia,political-party,2024-02-03,305056934,False,
CV Natsir Dabukke Tbk,corporation,Teddy Manullang,individual,2025-08-08,22216769539,False,
"Kiandra Wacana, M.Ak",individual,Partai Persatuan,political-party,2025-05-24,9769330,True,smurfing
UD Prasetyo,corporation,"Heryanto Pertiwi, S.T.",individual,2024-12-31,11615234795,False,
Perum Samosir (Persero) Tbk,organization,Partai Indonesia Maju,political-party,2025-02-21,149137747,False,
Rama Usamah,individual,Vivi Namaga,individual,2024-12-03,1541751657,False,
Tgk. Zelaya Sitompul,individual,Gada Hutagalung,individual,2025-04-21,591376811,True,self_funded
PT Sitompul Iswahyudi Tbk,organization,Puput Pradipta,individual,2025-08-13,21436485822,False,
CV Zulkarnain,organization,Partai Rakyat Sejahtera,political-party,2024-07-26,19895531,True,smurfing
Kartika Agustina,individual,"Garang Lailasari, S.IP",individual,2025-08-12,1932324865,False,
PD Lazuardi Tbk,corporation,Partai Indonesia Maju,political-party,2025-02-02,3191396,True,smurfing
PT Adriansyah,corporation,Partai Demokrat,political-party,2024-07-12,630320259,False,
"Tgk. Eli Wahyudin, S.E.I",individual,Partai Harapan Bangsa,political-party,2025-08-05,84919509,True,smurfing
PT Pranowo Prabowo,corporation,Karimah Permata,individual,2025-11-22,20754989307,False,
Perum Utama,corporation,Partai Persatuan,political-party,2024-10-05,2582235,False,
CV Tamba (Persero) Tbk,organization,Umay Hardiansyah,individual,2024-04-18,15823802949,False,
CV Gunarto (Persero) Tbk,corporation,Partai Solidaritas Indonesia,political-party,2024-12-17,860748380,True,proxy
UD Andriani (Persero) Tbk,corporation,Partai Kebangkitan Rakyat,political-party,2024-10-12,149120228,False,
Perum Halimah,corporation,"R. Diah Pangestu, M.Ak",individual,2025-11-13,21017122160,True,self_funded
CV Hutasoit Usada,organization,"drg. Garda Uyainah, S.Sos",individual,2024-05-12,13727532780,False,
PD Gunarto,corporation,Partai Harapan Bangsa,political-party,2025-06-24,1091617612,True,proxy
Hamzah Sihombing,individual,Tgk. Bahuraksa Handayani,individual,2025-02-13,574681760,False,
UD Kusumo Prastuti Tbk,corporation,Partai Keadilan Indonesia,political-party,2025-06-20,1546498,True,smurfing
CV Mulyani Tbk,organization,Partai Kebangkitan Rakyat,political-party,2024-12-03,802506501,True,proxy
Mahfud Pratama,individual,Partai Solidaritas Indonesia,political-party,2025-06-22,4397527,False,
BUMN Mina Permai,corporation,Hj. Siska Oktaviani,individual,2024-09-08,29934596541,True,illegal_source
"Drs. Elvina Marpaung, S.T.",individual,"Mila Permadi, S.Pt",individual,2024-04-15,1993889067,True,self_funded
dr. Gaman Mandala,individual,Partai Indonesia Maju,political-party,2025-04-10,94006716,False,
Dian Hassanah,individual,"Julia Agustina, M.M.",individual,2025-10-07,2227392331,False,
Prabawa Kusumo,individual,Partai Demokrat,political-party,2025-02-13,38743691,False,
"Hj. Rini Prasasta, S.I.Kom",individual,Partai Harapan Bangsa,political-party,2024-12-14,59327442,False,
Perum Suryatmi Prakasa,corporation,Partai Rakyat Sejahtera,political-party,2025-09-23,147825508,True,proxy
Harjo Wijayanti,individual,"Maman Susanti, S.T.",individual,2025-06-03,1039911483,False,
Perum Yuniar Halim,corporation,Partai Demokrat,political-party,2025-02-10,31897180,True,smurfing
Edi Maryati,individual,Vera Wijaya,individual,2024-09-24,475681894,False,
Perum Damanik (Persero) Tbk,corporation,Partai Kebangkitan Rakyat,political-party,2025-06-30,388594583,False,
PD Yuliarti Nababan,corporation,Partai Amanat Rakyat,political-party,2025-06-04,194150451,False,
Perum Nugroho Novitasari,corporation,Partai Amanat Rakyat,political-party,2024-09-21,646272108,False,
Diana Maryadi,individual,Partai Persatuan,political-party,2025-04-02,97067708,False,
PT Usada Marpaung,corporation,Damu Prasetya,individual,2025-03-23,18305368,False,
Dt. Kenes Lazuardi,individual,Anita Nababan,individual,2024-06-17,884675598,False,
PD Yuliarti (Persero) Tbk,organization,Partai Persatuan,political-party,2024-08-10,1734224730,True,proxy
Nurul Laksmiwati,individual,Partai Harapan Bangsa,political-party,2025-09-09,27698335,False,
PD Prabowo Lailasari,corporation,Partai Amanat Rakyat,political-party,2024-07-27,33228399,True,smurfing
PD Setiawan Najmudin Tbk,corporation,"Dt. Galih Suwarno, M.Ak",individual,2025-03-10,720756976,False,
UD Megantara Tbk,organization,R.A. Ella Hidayanto,individual,2024-08-29,82653153,True,smurfing
PD Mandala Siregar,corporation,Himawan Adriansyah,individual,2024-04-19,2300864051,False,
Asmuni Safitri,individual,Siska Rahmawati,individual,2025-05-15,305226830,False,
Salman Maheswara,individual,Partai Demokrat,political-party,2025-11-19,50702922,False,
Cahyadi Sinaga,individual,Kajen Firgantoro,individual,2025-01-12,1603685193,False,
PT Maryati,corporation,"Laswi Nashiruddin, M.Kom.",individual,2024-04-18,447991425,True,proxy
Lala Lailasari,individual,"Irwan Tampubolon, M.Ak",individual,2024-11-01,710835895,False,
PD Hakim Susanti (Persero) Tbk,corporation,Partai Demokrat,political-party,2025-04-10,533837170,False,
"Puti Humaira Adriansyah, S.E.I",individual,"Edward Sitompul, S.Pd",individual,2024-04-15,1214529547,False,
Pardi Megantara,individual,Maida Wibisono,individual,2024-02-15,1264088914,False,
Perum Nurdiyanti Tbk,organization,"Cici Gunawan, S.E.",individual,2025-01-17,58605806,True,smurfing
Perum Sihombing,organization,Partai Solidaritas Indonesia,political-party,2024-11-21,56783252,True,smurfing
CV Widodo,corporation,Partai Indonesia Maju,political-party,2025-05-09,262010542,False,
"Drs. Kariman Fujiati, S.Kom",individual,"Lidya Hutapea, S.H.",individual,2025-11-06,1303491435,False,
Ida Hardiansyah,individual,"Ir. Salman Pradipta, M.Kom.",individual,2025-05-13,1171821328,False,
"Tgk. Laras Kurniawan, M.Ak",individual,"Drs. Waluyo Najmudin, S.T.",individual,2024-02-08,33302348,True,self_funded
Gamanto Saefullah,individual,Aurora Pudjiastuti,individual,2025-12-10,504820407,False,
"Hj. Gasti Agustina, S.Ked",individual,Partai Nasional Demokrat,political-party,2025-04-29,123221165,False,
Hartaka Kuswandari,individual,"Kuncara Zulaika, M.M.",individual,2024-01-19,739249798,True,self_funded
Bakianto Yulianti,individual,Zelda Winarno,individual,2025-09-29,707121333,True,self_funded
"Hj. Almira Januar, S.Psi",individual,Jaka Permadi,individual,2024-03-25,1889363993,False,
Oni Purwanti,individual,Partai Harapan Bangsa,political-party,2024-06-09,23270009,True,smurfing
PD Budiyanto Tbk,corporation,"Cici Haryanti, S.Ked",individual,2025-11-08,3965968874,True,self_funded
CV Pradipta Zulkarnain (Persero) Tbk,corporation,Vanesa Hidayat,individual,2024-04-02,5638822158,False,
R.M. Mursinin Budiman,individual,Endah Halimah,individual,2024-02-25,267961550,False,
"Rachel Natsir, S.Pd",individual,Partai Keadilan Indonesia,political-party,2025-12-11,35700260,False,
Novi Pratiwi,individual,Partai Persatuan,political-party,2025-07-18,133673231,False,
Jamalia Wijaya,individual,Partai Nasional Demokrat,political-party,2025-07-22,16525913,False,
CV Nuraini (Persero) Tbk,organization,Partai Indonesia Maju,political-party,2025-05-23,1943644484,True,proxy
Ir. Tantri Agustina,individual,Partai Nasional Demokrat,political-party,2024-08-17,6738417,True,smurfing
Perum Hutapea Hariyah (Persero) Tbk,corporation,Partai Keadilan Indonesia,political-party,2024-06-08,346818868,True,proxy
Anastasia Suryatmi,individual,Ir. Restu Dabukke,individual,2025-06-19,472016756,True,self_funded
PD Mandala Nainggolan,corporation,dr. Saiful Tarihoran,individual,2025-10-14,71163467,True,smurfing
PT Nainggolan Samosir (Persero) Tbk,corporation,Yani Wacana,individual,2025-11-11,9127226668,False,
BUMN Mina Permai,corporation,Ira Najmudin,individual,2024-06-15,10064742914,True,illegal_source
Dr. Mutia Prasetya,individual,Hj. Yulia Mulyani,individual,2025-07-16,1880294010,False,
"Bakidin Samosir, S.T.",individual,Partai Harapan Bangsa,political-party,2024-10-25,104756465,False,
Drs. Vero Usamah,individual,Partai Demokrat,political-party,2025-09-02,144554896,False,
Xanana Yulianti,individual,Sidiq Hartati,individual,2025-01-23,1124104469,False,
CV Kuswandari Tbk,corporation,Ir. Elisa Uyainah,individual,2025-04-21,11560667946,True,self_funded
KH. Bahuwirya Nasyidah,individual,"Dr. Widya Uwais, S.T.",individual,2025-06-11,230556655,True,self_funded
CV Rajata Tbk,corporation,Kayla Prasetya,individual,2024-03-06,270215148,True,self_funded
UD Winarsih Widodo Tbk,corporation,R.A. Padma Budiman,individual,2025-07-26,26063317,True,smurfing
"Prayoga Sitorus, S.H.",individual,Partai Solidaritas Indonesia,political-party,2024-12-06,63280294,False,
Perum Maheswara Tbk,corporation,"drg. Kasim Situmorang, S.Pd",individual,2024-03-26,435331686,True,proxy
Kairav Suwarno,individual,Ratna Wahyudin,individual,2025-10-31,1880016465,True,self_funded
Lutfan Mangunsong,individual,Labuh Januar,individual,2024-10-09,353868692,False,
PD Nugroho Lailasari Tbk,corporation,Ozy Pratama,individual,2024-01-01,6151693336,True,self_funded
CV Sihombing (Persero) Tbk,corporation,Partai Indonesia Maju,political-party,2025-10-23,19083245,False,
PT Wibisono Saefullah,organization,Partai Nasional Demokrat,political-party,2024-04-11,272353803,False,
Vivi Pudjiastuti,individual,Partai Rakyat Sejahtera,political-party,2025-11-16,107062720,False,
Maida Maryadi,individual,Tgk. Dirja Utama,individual,2024-07-04,2201984642,True,self_funded
Gaiman Laksita,individual,Mila Prasasta,individual,2024-06-14,1105572009,False,
UD Prasetyo Napitupulu,organization,Partai Keadilan Indonesia,political-party,2024-04-24,1095552701,True,over_limit
Carla Prabowo,individual,Puti Ratih Andriani,individual,2025-08-30,1811115622,False,
Dewi Mangunsong,individual,Partai Solidaritas Indonesia,political-party,2025-12-08,150327991,False,
PD Hariyah Kusmawati,corporation,"Garang Damanik, S.T.",individual,2024-11-07,8054344182,False,
PD Lailasari Tbk,corporation,dr. Rahayu Hariyah,individual,2025-04-30,2424844012,False,
CV Setiawan Wijaya,organization,Lamar Rahmawati,individual,2024-08-30,1178544692,True,proxy
UD Sinaga Permadi,organization,Partai Demokrat,political-party,2025-03-15,1776718840,True,proxy
Dt. Putu Fujiati,individual,"Cut Rahmi Suryono, S.Pt",individual,2024-12-27,879806099,False,
CV Prasetya Zulkarnain (Persero) Tbk,organization,Partai Solidaritas Indonesia,political-party,2025-09-09,91152428,True,smurfing
drg. Genta Hakim,individual,Partai Kebangkitan Rakyat,political-party,2024-09-26,105230298,False,
CV Uyainah Tbk,corporation,Cut Tiara Novitasari,individual,2024-11-19,2779687486,False,
PD Mulyani,organization,Karya Marbun,individual,2024-07-10,1228518087,True,proxy
PD Prasetyo (Persero) Tbk,corporation,Luwar Firmansyah,individual,2024-12-24,21313159343,False,
PT Rahmawati (Persero) Tbk,corporation,Partai Nasional Demokrat,political-party,2025-08-10,282380598,True,proxy
Putri Januar,individual,"KH. Hendri Hartati, S.Farm",individual,2024-11-09,1010907538,False,
Almira Nasyidah,individual,Emong Suryatmi,individual,2025-03-26,674958459,False,
Gasti Kuswoyo,individual,KH. Ghani Najmudin,individual,2024-01-25,1714938298,False,
Ratna Hariyah,individual,Partai Amanat Rakyat,political-party,2024-01-04,78480299,False,
Perum Dongoran Hariyah,organization,Partai Indonesia Maju,political-party,2025-07-04,70719884,True,smurfing
Nurul Samosir,individual,Partai Keadilan Indonesia,political-party,2025-10-12,177363596,False,
"Ir. Ajimin Maulana, M.TI.",individual,Anita Wibowo,individual,2024-02-04,1923475631,False,
Adhiarja Palastri,individual,Yuliana Nainggolan,individual,2025-12-11,1089622939,True,self_funded
PD Kuswandari Tbk,corporation,"Puti Humaira Firmansyah, S.I.Kom",individual,2025-09-17,16212591513,False,
UD Nugroho Nugroho,organization,Jumari Gunawan,individual,2025-12-01,12859147002,False,
CV Novitasari,organization,Partai Indonesia Maju,political-party,2025-10-29,54963769,True,smurfing
PT Permadi Wasita,corporation,Partai Demokrat,political-party,2025-01-14,1289755783,True,over_limit
CV Nashiruddin Narpati (Persero) Tbk,corporation,Ophelia Hartati,individual,2024-07-27,11300073206,False,
Viman Adriansyah,individual,"Darmana Pradana, M.M.",individual,2025-04-29,92270312,True,smurfing
UD Nashiruddin,organization,Hana Suryono,individual,2024-09-24,16756716967,False,
Qori Anggriawan,individual,Gatot Sihombing,individual,2025-08-23,1324562164,True,self_funded
Balamantri Rahimah,individual,"Eva Nuraini, S.I.Kom",individual,2024-11-13,221970498,False,
PD Winarno Kusmawati Tbk,organization,Zalindra Nurdiyanti,individual,2024-09-03,1403629914,True,proxy
PT Astuti Handayani,corporation,Yessi Santoso,individual,2025-03-19,729584708,False,
Perum Tampubolon Adriansyah (Persero) Tbk,corporation,Gaiman Sitorus,individual,2025-08-16,9859030784,False,
Dr. Ika Thamrin,individual,Taufik Sudiati,individual,2024-02-19,1660884056,False,
"Vivi Hassanah, S.Pd",individual,"Cemeti Lazuardi, S.E.I",individual,2024-06-06,27675216,True,smurfing
PT Agustina,organization,"Tina Hidayat, M.M.",individual,2024-06-07,13764179608,False,
Amalia Nainggolan,individual,"Cahyanto Narpati, S.IP",individual,2025-07-15,259600560,False,
Ina Hariyah,individual,Hj. Violet Suryono,individual,2025-06-25,931967939,False,
CV Rahimah,corporation,Tami Mustofa,individual,2024-08-12,96943080,True,smurfing
UD Firmansyah Prasetyo,organization,Salman Siregar,individual,2025-07-27,9696399177,False,
Cakrawala Hartati,individual,Tami Marbun,individual,2025-03-24,1770554102,True,self_funded
H. Mariadi Maheswara,individual,Pandu Dabukke,individual,2024-03-16,963025474,False,
PD Wibisono,corporation,Partai Rakyat Sejahtera,political-party,2024-11-19,45134229,True,smurfing
CV Yolanda Uyainah (Persero) Tbk,corporation,Mulya Wibisono,individual,2024-07-25,18399528,True,smurfing
"Ira Suryatmi, S.T.",individual,"R. Latif Halimah, S.IP",individual,2024-09-15,394531428,False,
UD Siregar,organization,"Drs. Hardana Sirait, S.Ked",individual,2024-03-22,28148923,True,proxy
CV Hutasoit Tbk,corporation,Partai Persatuan,political-party,2024-07-11,669913667,False,
Perum Sitompul Andriani Tbk,corporation,Partai Amanat Rakyat,political-party,2025-09-11,50628747,True,smurfing
CV Padmasari (Persero) Tbk,corporation,Partai Demokrat,political-party,2024-07-12,307955481,False,
CV Namaga (Persero) Tbk,organization,"Dewi Hutagalung, S.Kom",individual,2024-05-25,713203268,True,proxy
UD Widodo,corporation,Nasrullah Aryani,individual,2024-10-14,86767507,True,smurfing
PD Mansur Tbk,corporation,Setya Pertiwi,individual,2024-01-26,1405563684,True,proxy
PT Gunawan Tbk,corporation,"Dt. Emil Tamba, S.I.Kom",individual,2024-11-30,43414444483,True,over_limit
PD Situmorang Hidayat,corporation,Partai Keadilan Indonesia,political-party,2025-09-14,67977453,False,
Sakura Marbun,individual,Bambang Putra,individual,2024-06-05,839536074,False,
Perum Maheswara Ramadan,corporation,Partai Amanat Rakyat,political-party,2024-10-23,610436406,False,
PT Mandasari Padmasari (Persero) Tbk,corporation,Mujur Suryono,individual,2024-02-07,4483208033,False,
Nilam Tarihoran,individual,Dr. Gantar Winarno,individual,2024-04-30,369867710,False,
PD Yolanda (Persero) Tbk,organization,Elvin Saefullah,individual,2025-09-16,15571414640,False,
"Sutan Edi Nasyidah, S.Pd",individual,Darmana Permata,individual,2024-03-19,637559559,True,self_funded
Kenari Habibi,individual,"H. Vega Rajata, M.Pd",individual,2025-12-25,1651496948,False,
CV Saptono Laksita Tbk,organization,Yani Farida,individual,2025-11-26,174403644,True,proxy
Farhunnisa Suryatmi,individual,"Tgk. Raisa Irawan, S.E.I",individual,2025-05-16,1263090820,False,
PD Hassanah Rajasa (Persero) Tbk,corporation,Puti Wastuti,individual,2025-03-10,4272455825,False,
PT Saefullah Nababan (Persero) Tbk,organization,Anita Susanti,individual,2024-06-04,61697798,True,smurfing
Agnes Damanik,individual,Partai Nasional Demokrat,political-party,2024-08-14,161104523,False,
Asirwada Namaga,individual,"Anggabaya Hutagalung, S.E.",individual,2025-11-02,1194424311,False,
PD Anggraini Tbk,corporation,Partai Persatuan,political-party,2025-11-04,93647976,False,
PT Pratama,corporation,"R. Ratna Usada, S.Ked",individual,2025-08-11,77421706,True,smurfing
Perum Waluyo Gunarto,corporation,Partai Solidaritas Indonesia,political-party,2025-03-05,40869380,True,proxy
Hasan Waluyo,individual,Partai Keadilan Indonesia,political-party,2024-01-13,98142014,False,
Raden Purwanti,individual,Partai Solidaritas Indonesia,political-party,2024-12-03,175963862,False,
Tira Rajata,individual,Agnes Agustina,individual,2025-04-15,1301547315,False,
"Tina Usamah, S.Pd",individual,"dr. Yunita Maryadi, S.Psi",individual,2025-03-19,1208353929,False,
PT Wahyuni Narpati,corporation,Darmana Usamah,individual,2024-09-28,143425546,True,proxy
UD Mansur Anggriawan,organization,Partai Indonesia Maju,political-party,2025-02-26,162057036,False,
Perum Ardianto Samosir,corporation,Partai Indonesia Maju,political-party,2024-09-20,176663468,False,
UD Yulianti Januar Tbk,corporation,Partai Persatuan,political-party,2024-07-29,493381853,False,
PD Wahyuni Widodo (Persero) Tbk,corporation,Partai Nasional Demokrat,political-party,2025-11-20,594533268,False,
Putri Farida,individual,Mitra Uyainah,individual,2025-10-03,752183725,False,
Rahmi Yuliarti,individual,Partai Indonesia Maju,political-party,2024-11-03,90478890,True,smurfing
PD Hartati Adriansyah,corporation,dr. Slamet Andriani,individual,2025-06-30,10529095234,True,self_funded
PT Suwarno (Persero) Tbk,corporation,"Nrima Uyainah, S.H.",individual,2024-08-31,387447321,False,
PT Prasetyo Marbun Tbk,corporation,"KH. Ihsan Tampubolon, S.H.",individual,2024-02-20,7012043590,False,
BUMN Mina Permai,corporation,"T. Lantar Hakim, S.I.Kom",individual,2025-01-29,24484922048,True,illegal_source
CV Wulandari (Persero) Tbk,organization,Laila Mardhiyah,individual,2024-03-19,371959615,True,proxy
UD Simanjuntak Hidayat,corporation,"Hairyanto Halim, S.E.",individual,2024-09-05,23712342132,True,self_funded
PD Waskita Prasetyo Tbk,corporation,Edi Jailani,individual,2025-04-28,2501922981,False,
UD Putra Wulandari,organization,Partai Harapan Bangsa,political-party,2024-03-18,680701988,False,
UD Marbun Tbk,organization,Hilda Utami,individual,2024-09-03,5736930989,False,
CV Manullang,organization,Partai Solidaritas Indonesia,political-party,2025-01-23,95036009,True,smurfing
Perum Wasita Winarsih,corporation,Partai Kebangkitan Rakyat,political-party,2025-02-21,345964745,False,
drg. Mulyono Dongoran,individual,Partai Harapan Bangsa,political-party,2025-11-06,158360376,False,
"Ghaliyati Halim, S.T.",individual,Partai Amanat Rakyat,political-party,2024-06-15,60349143,False,
PT Januar (Persero) Tbk,corporation,Partai Demokrat,political-party,2025-04-08,85750647,False,
UD Wacana,corporation,R.M. Tasnim Ardianto,individual,2024-03-07,12729206706,True,self_funded
Aswani Megantara,individual,Partai Indonesia Maju,political-party,2025-11-17,85820594,False,
"Ridwan Andriani, M.Kom.",individual,Partai Amanat Rakyat,political-party,2025-04-06,94064392,False,
Pangestu Utama,individual,Partai Keadilan Indonesia,political-party,2025-09-26,128667852,False,
Dr. Emil Saefullah,individual,Siska Susanti,individual,2024-01-27,864010291,False,
PT Situmorang,organization,Partai Kebangkitan Rakyat,political-party,2025-03-17,140722491,False,
Cemplunk Simbolon,individual,Partai Nasional Demokrat,political-party,2024-10-04,162112339,False,
Usyi Nasyiah,individual,"Hana Jailani, M.Kom.",individual,2025-05-26,28629405,True,self_funded
"Gaiman Hutasoit, M.Pd",individual,Partai Harapan Bangsa,political-party,2024-06-26,172535268,False,
"Puput Novitasari, M.Pd",individual,Partai Indonesia Maju,political-party,2024-05-29,66923451,False,
"Kacung Irawan, M.Farm",individual,"Teguh Usamah, M.M.",individual,2025-09-19,2012270809,False,
PT Rajasa Sinaga,corporation,Partai Persatuan,political-party,2025-03-08,1518301446,True,proxy
Dr. Eka Melani,individual,Mitra Sihombing,individual,2024-03-20,1262495944,False,
drg. Daliman Anggriawan,individual,Yunita Puspita,individual,2024-12-03,1310144317,True,self_funded
Ikhsan Agustina,individual,Partai Rakyat Sejahtera,political-party,2024-06-11,63269818,True,smurfing
CV Hutagalung (Persero) Tbk,corporation,Partai Nasional Demokrat,political-party,2024-04-15,81523441,True,smurfing
PD Saefullah Budiyanto,organization,Partai Persatuan,political-party,2025-09-27,920489675,True,proxy
UD Wasita Prasasta,corporation,Saadat Astuti,individual,2024-04-03,11164422020,False,
Drs. Puti Haryanti,individual,Prima Marbun,individual,2024-06-11,1811440378,False,
PD Jailani Sihombing,corporation,Ir. Chelsea Sinaga,individual,2024-06-23,1980893603,True,proxy
CV Rajasa Lailasari,corporation,Sadina Puspasari,individual,2024-11-25,10316593313,False,
"Ir. Gamanto Maryati, S.Pt",individual,"Mustofa Pudjiastuti, M.Kom.",individual,2024-12-10,1020779885,False,
CV Suryono Tbk,organization,Irsad Budiman,individual,2025-01-02,166107692,True,proxy
PD Lailasari,corporation,Partai Nasional Demokrat,political-party,2025-04-19,191763155,True,proxy
CV Wastuti Simbolon (Persero) Tbk,organization,"R. Gamani Pradana, S.IP",individual,2024-07-03,54859041,True,smurfing
UD Nurdiyanti,organization,Partai Amanat Rakyat,political-party,2025-09-08,68354160,True,smurfing
Cawisono Narpati,individual,Partai Demokrat,political-party,2024-09-14,45924463,False,
Legawa Mangunsong,individual,Balangga Wacana,individual,2025-03-03,155379863,False,
PD Safitri Sitompul Tbk,corporation,Partai Keadilan Indonesia,political-party,2025-03-18,792560855,True,proxy
PT Nasyidah (Persero) Tbk,corporation,"Dr. Kayla Anggriawan, S.Sos",individual,2025-12-21,30341777,True,smurfing
Najwa Sihombing,individual,Cakrawangsa Waluyo,individual,2024-06-07,18502724,True,smurfing
"R.A. Salwa Usada, S.Farm",individual,Tgk. Adhiarja Yuliarti,individual,2024-12-11,365783158,False,
Gaman Hutapea,individual,"Azalea Nugroho, M.TI.",individual,2025-01-13,1251318363,False,
"Mujur Laksita, M.M.",individual,Bella Hastuti,individual,2024-07-23,954372775,True,self_funded
CV Haryanto,corporation,Lintang Sihombing,individual,2025-10-08,6310142274,False,
"drg. Dian Sihotang, S.T.",individual,Partai Demokrat,political-party,2025-01-19,16091084,False,
PD Damanik Mustofa Tbk,organization,Eli Melani,individual,2025-08-18,7163233700,False,
"Luis Ramadan, M.TI.",individual,Partai Nasional Demokrat,political-party,2024-10-26,5841909,False,
Puti Lintang Ramadan,individual,Partai Harapan Bangsa,political-party,2024-04-13,25470223,False,
Karman Ardianto,individual,Partai Keadilan Indonesia,political-party,2024-10-18,97560347,True,smurfing
Dr. Karimah Hartati,individual,"Elisa Rahimah, S.E.I",individual,2025-05-29,366134874,True,self_funded
PT Mulyani (Persero) Tbk,organization,Gasti Hastuti,individual,2024-07-21,33842943,True,proxy
"Dt. Kenari Setiawan, S.E.",individual,Cut Zahra Andriani,individual,2025-04-13,814369171,True,self_funded
Asmuni Wacana,individual,Cut Salimah Utami,individual,2025-05-15,734729820,False,
UD Saptono Wijaya,corporation,Lalita Pranowo,individual,2025-09-28,6989555351,False,
Perum Usamah,corporation,"Asmadi Maryadi, S.E.I",individual,2025-09-22,48875891189,True,over_limit
CV Agustina Tbk,organization,Partai Kebangkitan Rakyat,political-party,2025-12-24,352526603,False,
"Tgk. Fitriani Lazuardi, S.Gz",individual,Puti Juli Wastuti,individual,2025-10-17,2157536906,False,
PD Saptono Tbk,corporation,Kasiyah Prabowo,individual,2024-05-20,11416120381,False,
Perum Damanik Zulkarnain (Persero) Tbk,organization,Budi Suryono,individual,2025-02-16,839949865,True,proxy
UD Damanik Saefullah,corporation,Partai Keadilan Indonesia,political-party,2025-12-14,10655981,True,smurfing
Anggabaya Suartini,individual,Partai Persatuan,political-party,2025-01-14,14132267,True,smurfing
Pemkab Toba,organization,Partai Kebangkitan Rakyat,political-party,2024-11-01,73776534,True,illegal_source
Ade Prabowo,individual,Partai Persatuan,political-party,2025-02-07,151139956,False,
Taufan Gunarto,individual,Partai Demokrat,political-party,2025-10-23,61921463,True,smurfing
UD Kuswandari Hariyah,organization,Hana Tarihoran,individual,2025-03-12,1131901156,True,proxy
UD Zulaika Ramadan,organization,Salman Halim,individual,2025-06-20,96910491,True,smurfing
UD Saragih Simbolon (Persero) Tbk,organization,drg. Adika Uwais,individual,2024-06-04,58704601,True,smurfing
PT Thamrin Wasita,corporation,Partai Nasional Demokrat,political-party,2024-12-27,1402493139,True,proxy
"Ir. Jamal Narpati, S.Pd",individual,Partai Harapan Bangsa,political-party,2024-07-16,41553598,False,
Perum Yuniar Waluyo,organization,Yuliana Prakasa,individual,2024-03-02,91398860,True,smurfing
PD Rahayu Nugroho Tbk,corporation,Gandi Nurdiyanti,individual,2024-11-30,5901941272,False,
PT Sitompul,corporation,Kamila Firmansyah,individual,2025-10-27,20129710560,False,
"Siti Nasyiah, S.Gz",individual,Siti Kuswandari,individual,2024-01-15,934231312,False,
Perum Rajata Maryadi (Persero) Tbk,corporation,Partai Nasional Demokrat,political-party,2024-10-12,51875078,True,smurfing
PD Halimah Pranowo Tbk,corporation,Bambang Usada,individual,2024-09-03,2436862661,False,
PD Rajasa Marpaung,organization,Ulya Damanik,individual,2024-12-01,1069624120,True,proxy
CV Haryanto Suryono,corporation,Partai Nasional Demokrat,political-party,2025-03-17,615972344,False,
PD Simanjuntak Tbk,corporation,Partai Kebangkitan Rakyat,political-party,2024-12-29,494251748,False,
Pemerintah Kota Surabaya,organization,"Dr. Rafid Novitasari, S.Gz",individual,2025-05-29,3138222244,True,illegal_source
PD Wastuti (Persero) Tbk,organization,Partai Amanat Rakyat,political-party,2024-09-14,53116861,True,smurfing
Pemerintah Kota Surabaya,organization,"R.A. Kartika Wastuti, M.Farm",individual,2024-12-08,13444945221,True,illegal_source
"T. Kenari Tampubolon, S.E.I",individual,Partai Rakyat Sejahtera,political-party,2024-05-22,175665678,False,
Mala Saefullah,individual,Tasdik Nurdiyanti,individual,2024-09-16,571050961,True,self_funded
CV Zulkarnain Gunawan,corporation,Partai Keadilan Indonesia,political-party,2024-06-08,782340019,True,proxy
Asmadi Widodo,individual,Partai Rakyat Sejahtera,political-party,2025-05-16,141122990,False,
PD Pradipta Tbk,corporation,Cut Hani Winarno,individual,2024-09-09,17234305076,False,
UD Usada Putra Tbk,corporation,Ir. Vega Salahudin,individual,2024-11-14,7648133660,True,self_funded
UD Uwais Tbk,corporation,"Tgk. Laksana Sitorus, S.Gz",individual,2024-04-07,1802306493,False,
Perum Palastri Maryadi Tbk,corporation,Praba Maryadi,individual,2024-03-16,14513964487,False,
CV Hassanah Januar,corporation,Partai Kebangkitan Rakyat,political-party,2024-02-28,37779981,True,smurfing
Pemerintah Desa Cibeber,organization,Partai Keadilan Indonesia,political-party,2024-10-15,428596649,True,illegal_source
PD Sirait Natsir Tbk,corporation,Partai Demokrat,political-party,2024-08-23,1504754528,True,proxy
Laras Handayani,individual,"Jabal Novitasari, S.Pt",individual,2025-02-07,1860027318,False,
Pemerintah Kota Surabaya,organization,Partai Persatuan,political-party,2024-08-10,894835086,True,illegal_source
PD Mangunsong,organization,Partai Persatuan,political-party,2025-10-19,1374710473,True,proxy
Sabrina Marpaung,individual,Partai Indonesia Maju,political-party,2025-01-15,9015996,False,
"Ratna Pranowo, S.T.",individual,Partai Keadilan Indonesia,political-party,2024-10-19,147990855,False,
PT Pradipta Prabowo Tbk,organization,"Laila Adriansyah, S.Psi",individual,2024-05-24,1576972824,True,proxy
Gawati Sitorus,individual,Partai Solidaritas Indonesia,political-party,2024-06-22,104706713,False,
"drg. Kemba Sinaga, S.IP",individual,Raisa Rahayu,individual,2024-07-27,1916227058,True,self_funded
CV Rahayu Nashiruddin,corporation,Bakiono Budiyanto,individual,2024-10-30,937096416,True,proxy
Sutan Ihsan Pranowo,individual,Purwa Nurdiyanti,individual,2025-06-23,1627506086,False,
"Harjasa Najmudin, S.I.Kom",individual,Mustofa Habibi,individual,2025-02-10,2006175552,True,self_funded
CV Tampubolon (Persero) Tbk,organization,Partai Indonesia Maju,political-party,2025-01-25,232413071,False,
CV Ramadan Kuswandari,corporation,Partai Kebangkitan Rakyat,political-party,2025-10-15,751862704,True,proxy
PT Pertamina (Persero),corporation,Yulia Mahendra,individual,2025-06-04,20673090165,True,illegal_source
Opung Prayoga,individual,Dian Wahyuni,individual,2024-05-23,622750031,True,self_funded
PT PLN (Persero),corporation,Partai Kebangkitan Rakyat,political-party,2024-06-23,211300638,True,illegal_source
UD Kurniawan Tbk,organization,Partai Amanat Rakyat,political-party,2024-02-19,6901954,True,smurfing
UD Susanti,organization,Agnes Susanti,individual,2025-08-15,17405088923,False,
PD Pranowo,corporation,Oliva Haryanto,individual,2024-09-30,19858639471,True,self_funded
Liman Wulandari,individual,Partai Harapan Bangsa,political-party,2024-08-02,31379242,False,
Tantri Santoso,individual,Zelaya Hastuti,individual,2025-08-27,1490915015,True,self_funded
Irsad Namaga,individual,Partai Nasional Demokrat,political-party,2025-06-29,44948541,False,
UD Sirait Tbk,corporation,Partai Indonesia Maju,political-party,2025-12-27,422032643,False,
PT Hidayanto (Persero) Tbk,corporation,"Vera Haryanti, S.T.",individual,2025-01-02,368936045,True,proxy
PT Thamrin Purwanti,corporation,"drg. Raina Mangunsong, S.H.",individual,2025-11-02,37017668434,True,over_limit
R.A. Anita Lestari,individual,"Tania Setiawan, S.IP",individual,2024-12-05,1634236043,False,
PT Yolanda Suryatmi,corporation,Galih Kurniawan,individual,2025-02-02,770075657,False,
Caturangga Lestari,individual,"Dr. Leo Yuniar, M.Pd",individual,2025-01-30,1570515795,False,
"Ir. Hasan Pranowo, S.H.",individual,"dr. Shakila Saputra, S.E.",individual,2024-01-03,1924716791,False,
UD Pranowo Tbk,corporation,dr. Anita Mansur,individual,2025-05-17,51699785,True,smurfing
UD Firgantoro Saptono Tbk,corporation,Partai Demokrat,political-party,2025-08-18,430755563,False,
UD Riyanti Mangunsong,corporation,Edward Permadi,individual,2024-01-18,9365003284,False,
Rahayu Sudiati,individual,Partai Indonesia Maju,political-party,2025-10-24,18286386,False,
PD Wacana Rahayu,organization,Partai Demokrat,political-party,2024-03-20,64229039,True,smurfing
"Banara Nababan, S.Farm",individual,Digdaya Prabowo,individual,2025-07-30,1115937441,False,
Perum Pratama,corporation,Partai Nasional Demokrat,political-party,2024-05-26,370380151,False,
UD Wibowo,organization,Cinta Safitri,individual,2025-08-07,95618803,True,smurfing
PT Samosir Permadi,organization,Partai Indonesia Maju,political-party,2025-08-10,703621225,True,proxy
PT Nainggolan Kusumo,corporation,"Cut Tami Nainggolan, S.Ked",individual,2024-06-11,91617143,True,smurfing
PD Yuniar Sinaga,organization,Arta Wasita,individual,2025-10-25,1046578851,True,proxy
PD Wahyuni (Persero) Tbk,corporation,Ir. Paramita Maryadi,individual,2025-11-21,12659315609,True,self_funded
PD Kusmawati Firmansyah,organization,"Endah Purwanti, S.I.Kom",individual,2025-12-16,32544555,True,smurfing
UD Prastuti,corporation,Partai Amanat Rakyat,political-party,2024-05-04,171607616,False,
"Dt. Soleh Sihombing, M.M.",individual,"Carub Permata, S.E.I",individual,2024-12-09,58110766,True,smurfing
"Indah Salahudin, S.Kom",individual,H. Karsana Mandala,individual,2024-10-19,1872635952,False,
UD Rahmawati Wibisono Tbk,corporation,Salwa Maryati,individual,2024-02-19,201384719,False,
"Drs. Fitriani Budiyanto, S.Ked",individual,Partai Rakyat Sejahtera,political-party,2025-05-01,10574718,True,smurfing
UD Pratama Kuswandari (Persero) Tbk,corporation,"Aslijan Aryani, S.H.",individual,2024-05-05,9787273215,False,
PD Saefullah,organization,Partai Solidaritas Indonesia,political-party,2025-08-25,661200819,False,
Rini Sudiati,individual,Partai Keadilan Indonesia,political-party,2025-02-12,132556442,False,
CV Hardiansyah Suwarno Tbk,corporation,Liman Uwais,individual,2024-12-20,1855126060,True,proxy
Perum Megantara Pradipta Tbk,organization,"Dodo Haryanti, S.T.",individual,2025-06-01,34751853117,True,over_limit
CV Hariyah,corporation,Zamira Wijaya,individual,2025-11-02,3511867973,True,self_funded
UD Hakim Yulianti Tbk,corporation,Partai Persatuan,political-party,2025-12-20,18914175,True,smurfing
Harsaya Gunarto,individual,Partai Solidaritas Indonesia,political-party,2025-07-27,73479844,False,
CV Maheswara (Persero) Tbk,corporation,Partai Solidaritas Indonesia,political-party,2025-01-20,454455366,False,
PD Riyanti,corporation,Partai Nasional Demokrat,political-party,2025-05-14,516853830,False,
PD Wulandari,organization,Partai Keadilan Indonesia,political-party,2024-02-09,50337887,True,smurfing
CV Rajasa,corporation,"R.A. Siska Prayoga, M.Farm",individual,2024-02-09,22195027793,False,
Perum Uyainah,corporation,Gilang Samosir,individual,2025-04-10,17410679968,True,self_funded
PT PLN (Persero),corporation,Paramita Zulkarnain,individual,2025-08-20,2126946601,True,illegal_source
UD Usada Hakim,corporation,Partai Nasional Demokrat,political-party,2024-01-04,29174685,True,smurfing
Dalimin Handayani,individual,"Estiawan Yulianti, M.M.",individual,2025-11-20,1664297179,False,
PD Kuswandari Narpati Tbk,corporation,Partai Harapan Bangsa,political-party,2024-08-18,83804293,False,
CV Wijayanti Sitorus,corporation,"Dt. Bakijan Saragih, S.E.I",individual,2025-09-14,770919085,True,proxy
CV Mustofa,corporation,Partai Rakyat Sejahtera,political-party,2025-07-06,882726206,True,proxy
PT Novitasari Hidayat (Persero) Tbk,corporation,Partai Indonesia Maju,political-party,2025-11-17,489035566,False,
Yani Utama,individual,Partai Persatuan,political-party,2025-09-15,125822646,False,
"Nyana Budiyanto, S.Ked",individual,Cindy Firmansyah,individual,2025-02-02,1608733534,False,
PT Dongoran Safitri,organization,Asmianto Riyanti,individual,2025-05-25,49085627,True,smurfing
CV Mayasari Laksmiwati,corporation,"Darmanto Tamba, S.Pt",individual,2025-02-21,7771078308,False,
Kasim Yuniar,individual,"Maman Hutapea, S.E.",individual,2025-10-05,2135070607,False,
PT Novitasari (Persero) Tbk,corporation,Partai Indonesia Maju,political-party,2024-08-02,495640652,False,
CV Laksita Suwarno,corporation,Partai Demokrat,political-party,2024-02-08,1174024407,True,proxy
Marsudi Hassanah,individual,R.A. Belinda Widiastuti,individual,2024-06-14,11823790,False,
"T. Tasnim Anggriawan, S.Gz",individual,Sabar Manullang,individual,2024-12-30,1463528613,False,
UD Suwarno Tbk,corporation,Partai Nasional Demokrat,political-party,2024-10-08,401882988,False,
CV Hartati Hidayanto,organization,"Dt. Emil Damanik, S.Psi",individual,2024-07-21,938601,True,smurfing
Ega Pradipta,individual,Partai Indonesia Maju,political-party,2025-02-24,38334707,False,
PD Nainggolan Hidayat,corporation,Partai Harapan Bangsa,political-party,2024-08-03,723985639,True,proxy
UD Gunawan Marbun (Persero) Tbk,corporation,Mahfud Yolanda,individual,2025-12-21,2994706372,True,self_funded
Luthfi Simbolon,individual,Partai Solidaritas Indonesia,political-party,2025-03-11,172902754,False,
Perum Pertiwi,corporation,Partai Persatuan,political-party,2025-07-21,604417623,False,
CV Prasetyo Hutagalung Tbk,corporation,"H. Daniswara Lazuardi, S.Sos",individual,2024-01-21,19451233617,False,
Talia Yuniar,individual,"Intan Habibi, S.Pd",individual,2025-10-27,1550657436,False,
Perum Mayasari Padmasari (Persero) Tbk,corporation,"drg. Makara Hasanah, S.Gz",individual,2025-01-13,21433559884,False,
CV Nuraini Yuliarti (Persero) Tbk,organization,Partai Harapan Bangsa,political-party,2024-11-06,156767560,True,proxy
Jamal Hariyah,individual,Partai Persatuan,political-party,2025-04-06,101304782,False,
PT Widodo (Persero) Tbk,corporation,Partai Nasional Demokrat,political-party,2025-09-18,1108805252,True,proxy
Calista Nababan,individual,Humaira Wahyuni,individual,2025-11-13,1601385701,False,
"Sidiq Saputra, S.Psi",individual,Partai Demokrat,political-party,2024-07-28,35609177,True,smurfing
"Shakila Wasita, S.E.I",individual,"Ir. Tasnim Permata, M.Pd",individual,2025-11-20,103545503,True,self_funded
UD Anggraini Pratiwi,corporation,Partai Amanat Rakyat,political-party,2024-09-09,271969809,False,
Arta Halim,individual,Partai Indonesia Maju,political-party,2024-12-22,122830877,False,
PT Adriansyah Rajasa (Persero) Tbk,corporation,Viktor Laksmiwati,individual,2024-05-08,19990629987,False,
PT Safitri Yolanda Tbk,organization,"Yono Santoso, S.Gz",individual,2024-01-22,6690441510,False,
"R.M. Dariati Widodo, S.E.",individual,Rudi Maheswara,individual,2024-10-30,2006037488,True,self_funded
Ega Siregar,individual,Vanya Uwais,individual,2025-08-22,278318567,True,self_funded
Dt. Gatot Iswahyudi,individual,"Tgk. Ciaobella Mahendra, S.Ked",individual,2025-07-07,1662754320,False,
Ega Nugroho,individual,R. Harja Rajasa,individual,2024-07-18,1228607277,True,self_funded
Perum Suryono,corporation,Partai Harapan Bangsa,political-party,2024-08-07,11944272,True,smurfing
PD Firmansyah Purnawati Tbk,corporation,"Asirwada Pudjiastuti, M.M.",individual,2024-07-29,12735406665,False,
PD Suryono (Persero) Tbk,corporation,Partai Persatuan,political-party,2025-04-09,472638374,False,
UD Ramadan,organization,Tirtayasa Sinaga,individual,2024-12-13,9222422875,False,
Perum Pertiwi,corporation,"T. Kanda Simbolon, S.Pd",individual,2024-06-25,17195336346,True,self_funded
Kani Nugroho,individual,Partai Persatuan,political-party,2024-10-03,88338626,False,
Dr. Opan Prasetyo,individual,Fitria Hariyah,individual,2025-07-26,1101449398,True,self_funded
CV Prastuti Pangestu (Persero) Tbk,corporation,Partai Amanat Rakyat,political-party,2025-12-26,161208385,False,
UD Samosir Pradana (Persero) Tbk,corporation,"R.M. Tirta Handayani, S.Pd",individual,2025-09-29,24792553432,True,self_funded
PT Saputra Prakasa,corporation,Partai Demokrat,political-party,2025-03-07,99468076,True,smurfing
UD Astuti Kurniawan (Persero) Tbk,corporation,Eka Prasetya,individual,2025-01-31,79495683,True,smurfing
Sabri Sihombing,individual,Partai Rakyat Sejahtera,political-party,2025-09-21,4062287,False,
"dr. Mahdi Nuraini, S.Sos",individual,Tugiman Hartati,individual,2024-05-24,1224533016,True,self_funded
Perum Handayani,corporation,Mutia Farida,individual,2025-04-08,8681691205,False,
UD Budiman Marbun Tbk,corporation,Partai Indonesia Maju,political-party,2025-03-30,40349931,True,smurfing
Ir. Tira Mandala,individual,Partai Nasional Demokrat,political-party,2024-11-21,82369104,True,smurfing
UD Sihombing Hartati (Persero) Tbk,organization,Partai Demokrat,political-party,2024-04-17,39166226,True,smurfing
"Hj. Lala Saefullah, S.Ked",individual,Hj. Victoria Hardiansyah,individual,2025-12-08,4545122802,True,over_limit
PD Rahayu,corporation,Partai Nasional Demokrat,political-party,2025-03-14,1467942356,True,over_limit
Perum Santoso Kusumo,corporation,Gilang Wibisono,individual,2025-04-18,859519403,True,self_funded
UD Salahudin Thamrin (Persero) Tbk,organization,Gara Nashiruddin,individual,2024-11-08,98752444,True,smurfing
Juli Susanti,individual,Partai Indonesia Maju,political-party,2024-07-14,103088701,False,
Perum Napitupulu,corporation,drg. Dagel Pranowo,individual,2024-12-22,11291792609,True,self_funded
UD Rajasa Nasyiah,corporation,"R.M. Bakijan Permadi, M.TI.",individual,2025-05-07,1102874203,False,
PT Hardiansyah Sihotang (Persero) Tbk,corporation,Ajeng Tamba,individual,2025-08-06,355223261,True,proxy
Padma Habibi,individual,Amalia Iswahyudi,individual,2025-08-28,385197225,False,
Maria Prasetya,individual,Partai Persatuan,political-party,2024-12-09,84919135,False,
CV Siregar Tbk,corporation,Satya Wahyuni,individual,2025-07-28,19516690286,False,
Jelita Lailasari,individual,"Tgk. Lega Pertiwi, S.Pd",individual,2025-06-26,614870708,True,self_funded
drg. Kasusra Gunarto,individual,Diana Adriansyah,individual,2025-06-03,773025617,False,
Perum Dongoran Tbk,organization,Partai Nasional Demokrat,political-party,2024-09-04,571591793,True,proxy
Endah Fujiati,individual,"Puti Rini Dabukke, S.H.",individual,2025-10-07,2261432515,True,self_funded
UD Marbun (Persero) Tbk,organization,Ika Laksita,individual,2024-12-06,418579556,True,proxy
PT Wahyudin Tbk,organization,Puti Jessica Sihombing,individual,2024-09-07,21790815,True,smurfing
PT Setiawan Yolanda Tbk,corporation,Partai Rakyat Sejahtera,political-party,2024-09-18,1154880228,True,proxy
PT Handayani,organization,Partai Rakyat Sejahtera,political-party,2025-05-10,660949621,True,proxy
UD Namaga Tbk,organization,Partai Nasional Demokrat,political-party,2024-12-18,12083373,True,smurfing
"Diah Firmansyah, S.H.",individual,Harsanto Rahayu,individual,2025-10-06,1514970453,False,
PD Waluyo,organization,"dr. Zaenab Prabowo, S.E.",individual,2025-12-30,11339773252,False,
Kadir Saputra,individual,Muni Permadi,individual,2025-04-30,1982372443,False,
PT Kusmawati Saefullah,corporation,R.M. Maryadi Ardianto,individual,2025-12-20,729772785,True,proxy
UD Usada Halimah (Persero) Tbk,corporation,Partai Harapan Bangsa,political-party,2025-08-27,89790166,False,
"Drs. Tania Sitorus, S.E.I",individual,dr. Zizi Nainggolan,individual,2024-12-12,508431022,False,
Perum Hariyah (Persero) Tbk,corporation,"Dr. Syahrini Usada, M.Kom.",individual,2024-09-06,24577182188,True,self_funded
Perum Halimah Lailasari,corporation,"R. Citra Lestari, S.Psi",individual,2024-07-06,93521251,True,smurfing
PT Sitorus Thamrin (Persero) Tbk,organization,Yance Samosir,individual,2024-03-19,1953112668,True,proxy
Titin Sihombing,individual,Partai Harapan Bangsa,political-party,2024-09-05,5531786,False,
Prima Anggraini,individual,Partai Solidaritas Indonesia,political-party,2024-01-05,109599085,False,
Natalia Prasasta,individual,Partai Rakyat Sejahtera,political-party,2024-04-24,60148474,False,
PT Damanik Tbk,corporation,dr. Hasan Laksmiwati,individual,2024-03-04,16543184740,False,
Gina Rajasa,individual,Partai Rakyat Sejahtera,political-party,2024-04-05,152917722,False,
Azalea Prasetya,individual,Partai Rakyat Sejahtera,political-party,2024-03-05,4987573,False,
Perum Pangestu,corporation,Partai Nasional Demokrat,political-party,2024-10-07,58468418,False,
Clara Pratama,individual,Partai Persatuan,political-party,2024-09-03,131998614,False,
CV Prastuti Tbk,organization,Lukman Palastri,individual,2025-11-29,1993058433,True,proxy
Faizah Hutagalung,individual,Partai Amanat Rakyat,political-party,2024-12-31,32530414,False,
PD Astuti Hassanah,corporation,Sarah Damanik,individual,2024-10-18,2497474199,False,
PT Yuliarti,corporation,Partai Nasional Demokrat,political-party,2024-01-13,85058257,True,smurfing
T. Daliono Lestari,individual,Partai Keadilan Indonesia,political-party,2025-05-21,32165024,False,
CV Maryadi (Persero) Tbk,organization,Gilang Suartini,individual,2025-07-11,63544626,True,smurfing
UD Susanti Lailasari,corporation,Partai Indonesia Maju,political-party,2025-05-29,304029870,False,
PT Rahimah Widodo,corporation,H. Imam Pranowo,individual,2025-11-20,16620926825,True,self_funded
UD Sihombing,organization,Puti Intan Farida,individual,2024-10-23,57275701,True,smurfing
PD Wahyuni Tbk,corporation,Cengkir Maulana,individual,2025-09-03,8254471398,True,self_funded
PT Halim Tbk,organization,R. Betania Tampubolon,individual,2025-05-09,322500555,True,proxy
Tgk. Kambali Wijaya,individual,Partai Kebangkitan Rakyat,political-party,2025-06-30,56122736,False,
Perum Tampubolon (Persero) Tbk,corporation,Najib Hutasoit,individual,2024-01-17,10606664804,False,
Puti Vanya Yuniar,individual,Ir. Kamal Nasyidah,individual,2024-11-05,933795387,True,self_funded
PT Pratiwi Sitompul,corporation,Partai Keadilan Indonesia,political-party,2025-07-20,499760470,False,
CV Hakim,corporation,Sutan Gatra Wibisono,individual,2024-11-05,973623795,True,proxy
PD Maryati Tbk,corporation,Heru Prastuti,individual,2025-02-20,13384462488,True,self_funded
Bahuwirya Pangestu,individual,Reza Saefullah,individual,2024-06-13,1710366683,False,
Mulyanto Wahyudin,individual,Partai Demokrat,political-party,2025-07-18,31923739,False,
"Prayitna Nuraini, M.TI.",individual,Partai Harapan Bangsa,political-party,2024-05-07,166575067,False,
PT Suryatmi (Persero) Tbk,corporation,Niyaga Mandala,individual,2024-06-03,900485613,True,proxy
UD Wastuti Yuliarti,organization,Partai Indonesia Maju,political-party,2024-10-16,94925989,True,smurfing
Shania Waluyo,individual,"Jarwa Adriansyah, S.Kom",individual,2025-12-09,1867974839,False,
Sakura Januar,individual,"Kiandra Sihombing, M.Ak",individual,2024-05-31,67709568,True,smurfing
Aditya Sihotang,individual,Partai Demokrat,political-party,2025-08-29,162318413,False,
Zulfa Hasanah,individual,Lala Widiastuti,individual,2025-01-01,408978606,True,self_funded
"Daryani Halimah, M.Pd",individual,Partai Rakyat Sejahtera,political-party,2024-03-07,22899448,False,
PD Mardhiyah,corporation,Partai Demokrat,political-party,2024-06-05,1587313812,True,proxy
PT Simbolon,organization,Partai Rakyat Sejahtera,political-party,2024-10-25,17165087,True,proxy
Perum Kuswandari (Persero) Tbk,organization,Partai Kebangkitan Rakyat,political-party,2025-03-16,280684583,False,
Cemeti Wibisono,individual,Maria Kurniawan,individual,2024-09-20,645588496,False,
PT Firgantoro Megantara,organization,Safina Budiyanto,individual,2025-01-01,34420586,True,smurfing
Jefri Simanjuntak,individual,Partai Keadilan Indonesia,political-party,2024-01-15,85122891,False,
Sakura Permadi,individual,"dr. Carla Suartini, M.Kom.",individual,2025-02-03,2008698730,False,
UD Setiawan Permata Tbk,organization,Partai Amanat Rakyat,political-party,2025-10-07,34160695,False,
Ir. Danu Habibi,individual,"Hj. Mutia Napitupulu, S.T.",individual,2025-06-22,200442512,False,
PT Ardianto Haryanto,organization,Partai Amanat Rakyat,political-party,2025-01-04,525105345,False,
"R.A. Salimah Mandasari, M.TI.",individual,Partai Keadilan Indonesia,political-party,2025-07-19,10920514,False,
Perum Anggraini Kusumo (Persero) Tbk,corporation,Partai Indonesia Maju,political-party,2025-10-22,318991167,False,
PT Salahudin,corporation,Dariati Kusumo,individual,2025-03-31,1625208163,True,proxy
"dr. Taufik Wibowo, S.E.I",individual,"Hj. Fitria Andriani, S.Psi",individual,2025-06-28,2100102862,True,self_funded
Jinawi Hartati,individual,T. Argono Iswahyudi,individual,2025-12-21,1085249542,True,self_funded
UD Saputra Ardianto,corporation,Partai Amanat Rakyat,political-party,2024-11-12,1914622784,True,proxy
Perum Waskita,corporation,"Jasmin Mansur, S.Farm",individual,2025-09-23,21150389207,False,
"Prabowo Hutasoit, S.E.",individual,Vino Narpati,individual,2024-05-08,1054800027,False,
Drs. Prima Yulianti,individual,Partai Kebangkitan Rakyat,political-party,2025-05-12,40500581,False,
"Shania Melani, S.IP",individual,Partai Persatuan,political-party,2024-01-02,79286322,False,
CV Habibi Megantara,organization,Partai Kebangkitan Rakyat,political-party,2024-06-16,208009637,False,
UD Hutagalung Wahyuni,corporation,Akarsana Oktaviani,individual,2025-08-15,336076802,False,
PD Suwarno Tbk,corporation,Diana Wastuti,individual,2024-12-19,19868475961,False,
Perum Maheswara Tbk,corporation,"Ir. Natalia Usamah, S.Kom",individual,2025-01-19,49415107,True,smurfing
Perum Hardiansyah Sihombing Tbk,organization,Partai Demokrat,political-party,2025-07-23,558718126,False,
"Hj. Syahrini Namaga, S.IP",individual,Partai Keadilan Indonesia,political-party,2025-06-19,138670207,False,
PT Sudiati Uwais,corporation,Partai Keadilan Indonesia,political-party,2025-03-22,466726902,False,
UD Pratiwi Wibisono (Persero) Tbk,organization,Restu Lazuardi,individual,2025-06-26,802630269,True,proxy
PD Novitasari Tbk,corporation,"Lidya Wasita, S.E.I",individual,2024-08-20,70041483,True,smurfing
PD Tamba Tbk,corporation,"Luhung Waskita, M.Kom.",individual,2025-02-01,93025305,True,smurfing
Jumadi Kurniawan,individual,Partai Keadilan Indonesia,political-party,2025-07-30,141433569,False,
UD Pranowo Hidayanto (Persero) Tbk,corporation,"Kayla Puspita, S.I.Kom",individual,2025-04-14,19625588342,False,
Daryani Damanik,individual,Partai Keadilan Indonesia,political-party,2024-11-27,107415740,False,
Clara Puspita,individual,Cakrabirawa Astuti,individual,2025-07-13,994076121,False,
UD Sirait Hidayat (Persero) Tbk,corporation,Restu Yuniar,individual,2024-01-05,9931326455,False,
Perum Saptono Siregar,organization,"Azalea Latupono, S.H.",individual,2024-08-24,1939030664,True,proxy
UD Hariyah Tbk,corporation,Yulia Pradipta,individual,2024-02-08,13960501976,False,
UD Nasyiah Hasanah,corporation,Slamet Lestari,individual,2024-04-05,18463763633,True,self_funded
Melinda Uyainah,individual,Praba Andriani,individual,2025-12-01,587811433,True,self_funded
"Suci Padmasari, S.Pd",individual,Indah Utama,individual,2024-01-29,65652798,False,
UD Waluyo Pradipta,corporation,Rusman Irawan,individual,2025-10-31,6605733402,True,self_funded
Perum Mayasari (Persero) Tbk,corporation,"Vanya Rahayu, M.Kom.",individual,2024-04-01,10227968323,False,
UD Tamba,organization,"Ir. Novi Purwanti, S.E.I",individual,2025-08-31,956243841,True,proxy
Cakrawala Simanjuntak,individual,Partai Kebangkitan Rakyat,political-party,2024-08-29,93356283,False,
Adhiarja Firgantoro,individual,"Drs. Raditya Rahmawati, S.Psi",individual,2024-07-31,1225293419,True,self_funded
CV Winarsih Gunawan,organization,Partai Indonesia Maju,political-party,2024-02-11,26252601,True,smurfing
PD Farida,corporation,Rahayu Suryono,individual,2024-10-30,44252939,True,proxy
R. Purwa Firmansyah,individual,Partai Solidaritas Indonesia,political-party,2025-03-16,124414601,False,
"dr. Heru Pradana, S.H.",individual,Partai Harapan Bangsa,political-party,2024-03-31,6066919,False,
CV Haryanti (Persero) Tbk,corporation,Salsabila Lestari,individual,2025-02-13,38390782,True,smurfing
UD Saragih,corporation,KH. Niyaga Hartati,individual,2024-06-17,342825615,True,proxy
Perum Purnawati Gunawan (Persero) Tbk,organization,Partai Demokrat,political-party,2025-11-09,1014592296,True,proxy
Sutan Bakiadi Rajata,individual,"Dt. Aslijan Pradipta, S.I.Kom",individual,2024-11-08,1761960762,False,
Murti Aryani,individual,Ina Yolanda,individual,2024-10-12,520122382,True,self_funded
CV Hutasoit Hidayat (Persero) Tbk,organization,Raisa Uwais,individual,2024-12-06,161816983,True,proxy
CV Saptono,corporation,"Asmianto Mandala, S.I.Kom",individual,2025-09-27,12040303725,False,
Perum Hakim Firgantoro Tbk,corporation,Yuni Saputra,individual,2025-11-09,20210654334,True,self_funded
UD Astuti,organization,Lasmanto Pradana,individual,2024-04-03,2257801,True,smurfing
Usyi Narpati,individual,Maimunah Pradipta,individual,2025-08-28,891577177,False,
CV Anggraini Tbk,organization,Waluyo Pratama,individual,2025-08-22,1050105857,True,proxy
CV Pradana,corporation,Partai Persatuan,political-party,2024-11-24,332995285,False,
UD Firgantoro,corporation,Silvia Uyainah,individual,2024-02-14,554958515,True,proxy
Ikhsan Uyainah,individual,Partai Nasional Demokrat,political-party,2024-11-27,137083266,False,
"Talia Rahmawati, S.Sos",individual,Kamaria Wahyuni,individual,2024-04-09,282263640,False,
PD Zulaika Zulaika,corporation,Dr. Hafshah Saefullah,individual,2024-05-12,61479144,False,
Perum Wijaya Utami Tbk,corporation,Partai Kebangkitan Rakyat,political-party,2025-07-06,8013173,True,smurfing
drg. Tomi Widodo,individual,Nadia Laksmiwati,individual,2024-02-05,2236937595,False,
PD Mansur,organization,Natalia Pradipta,individual,2025-12-07,29854607,True,smurfing
PD Mustofa,corporation,Sabri Uwais,individual,2024-07-19,12470257339,True,self_funded
Jarwadi Budiyanto,individual,"Puput Habibi, S.I.Kom",individual,2024-06-23,3540078790,True,over_limit
"Bahuraksa Nashiruddin, S.E.",individual,"Oliva Lazuardi, S.Sos",individual,2024-02-01,59407114,True,smurfing
Perum Usamah Yulianti Tbk,corporation,Winda Maheswara,individual,2024-03-21,1747424090,True,proxy
"Drs. Dacin Siregar, S.Pt",individual,Partai Rakyat Sejahtera,political-party,2024-06-21,97864526,False,
CV Saragih Puspasari,corporation,Kusuma Wasita,individual,2024-03-13,44420221029,True,over_limit
UD Safitri Samosir,organization,Partai Keadilan Indonesia,political-party,2024-11-02,312435477,False,
PT Wacana,corporation,"H. Dirja Purnawati, M.Ak",individual,2024-07-30,2685565349,True,self_funded
CV Latupono (Persero) Tbk,organization,Partai Indonesia Maju,political-party,2025-06-05,38816034,True,smurfing
Banara Mustofa,individual,Edison Widodo,individual,2025-08-31,2014470059,True,self_funded
PT Nashiruddin (Persero) Tbk,corporation,Partai Harapan Bangsa,political-party,2024-03-08,186370371,False,
CV Prasetyo Hardiansyah,corporation,dr. Olivia Andriani,individual,2024-04-09,5219661237,True,self_funded
CV Prasasta Tbk,organization,"Betania Ardianto, S.Gz",individual,2025-06-13,679734900,True,proxy
CV Wasita,corporation,Partai Rakyat Sejahtera,political-party,2025-12-30,290957733,False,
PT Tampubolon Hutapea Tbk,corporation,R.M. Hasta Prabowo,individual,2024-04-28,1011689424,True,proxy
"Eluh Nainggolan, S.E.",individual,Partai Solidaritas Indonesia,political-party,2025-10-08,47912311,False,
"drg. Karya Novitasari, M.Kom.",individual,Vega Maryati,individual,2025-01-21,1771439010,False,
"Ana Anggraini, S.Farm",individual,Partai Rakyat Sejahtera,political-party,2024-12-11,174746250,False,
Heryanto Wibowo,individual,Hamima Simbolon,individual,2024-03-23,1057331471,True,self_funded
Nasim Susanti,individual,Humaira Maulana,individual,2025-05-20,2338909921,True,self_funded
Dt. Mujur Marpaung,individual,Partai Keadilan Indonesia,political-party,2024-01-18,35257464,False,
Perum Handayani Permadi,organization,"R.M. Jail Mardhiyah, S.IP",individual,2025-09-16,951731248,True,proxy
Perum Permadi (Persero) Tbk,corporation,Vivi Pudjiastuti,individual,2025-12-20,58284799,True,smurfing
PD Rajasa Prasasta Tbk,organization,"Ir. Septi Samosir, S.Farm",individual,2024-09-19,3249506448,False,
Pemerintah Kota Surabaya,organization,Partai Nasional Demokrat,political-party,2025-07-16,788305024,True,illegal_source
PD Kusumo Setiawan,corporation,Partai Demokrat,political-party,2025-03-18,5171472,True,smurfing
PD Rahmawati Safitri Tbk,corporation,Jamil Prasetya,individual,2024-11-24,526114638,True,proxy
Perum Haryanto (Persero) Tbk,organization,Lutfan Nababan,individual,2024-09-17,1752050314,True,proxy
UD Budiman Sihombing,corporation,Partai Kebangkitan Rakyat,political-party,2024-01-31,18097242,False,
Ciaobella Novitasari,individual,Maya Suryatmi,individual,2024-07-16,368321900,True,self_funded
PT Winarno,organization,Ajeng Usada,individual,2024-02-11,12503342743,False,
Padma Melani,individual,Endra Saputra,individual,2025-04-01,1280624891,False,
UD Ardianto Saragih,corporation,Raden Samosir,individual,2025-01-16,6641902417,True,self_funded
Endra Tarihoran,individual,Langgeng Ramadan,individual,2024-09-04,567465788,False,
CV Nurdiyanti Utami Tbk,organization,Partai Persatuan,political-party,2024-03-30,444758753,False,
Perum Habibi (Persero) Tbk,corporation,Nyoman Nasyiah,individual,2025-01-08,12942276365,True,self_funded
PT Pranowo Maryati (Persero) Tbk,corporation,Partai Keadilan Indonesia,political-party,2024-12-13,624048724,False,
PD Budiman,corporation,Partai Kebangkitan Rakyat,political-party,2025-04-03,68418458,False,
PD Rajata Wahyuni,organization,Partai Amanat Rakyat,political-party,2024-02-10,1623878775,True,proxy
PD Nasyidah Latupono Tbk,organization,Partai Keadilan Indonesia,political-party,2025-08-18,412879671,False,
drg. Siska Simanjuntak,individual,Partai Demokrat,political-party,2024-05-06,111479278,False,
Aurora Simbolon,individual,Partai Indonesia Maju,political-party,2025-08-12,165694545,False,
CV Santoso (Persero) Tbk,corporation,Partai Rakyat Sejahtera,political-party,2025-12-23,35318558,True,smurfing
Perum Nuraini Susanti,corporation,Partai Persatuan,political-party,2025-05-15,294414513,False,
"Prabu Gunawan, S.E.I",individual,Adika Setiawan,individual,2024-04-30,853900297,False,
CV Fujiati Pangestu (Persero) Tbk,corporation,Padmi Nababan,individual,2025-06-19,6812484939,False,
Perum Situmorang,corporation,Baktiadi Fujiati,individual,2024-06-29,95702405,True,smurfing
CV Susanti Mansur,corporation,"Sutan Rafid Nasyiah, M.Ak",individual,2025-02-11,9937220722,False,
PT Nuraini Mangunsong,corporation,Partai Amanat Rakyat,political-party,2024-12-15,10705080,True,smurfing
PT Situmorang Salahudin,corporation,T. Nugraha Hassanah,individual,2024-06-17,2244257932,False,
UD Sirait Melani (Persero) Tbk,corporation,Vanesa Maulana,individual,2024-07-13,9427224232,False,
Patricia Zulkarnain,individual,Partai Amanat Rakyat,political-party,2025-02-12,25243352,False,
CV Prakasa,corporation,drg. Sabrina Kurniawan,individual,2024-05-20,1674396805,True,self_funded
PD Irawan,corporation,Partai Demokrat,political-party,2024-09-01,1264569013,True,over_limit
UD Lailasari,corporation,Bakti Prakasa,individual,2025-11-20,34399017305,True,over_limit
Darijan Hidayanto,individual,Dimaz Widodo,individual,2025-05-09,337018723,False,
PD Sudiati (Persero) Tbk,corporation,Partai Amanat Rakyat,political-party,2024-08-18,429484129,False,
CV Mulyani Manullang,corporation,Natalia Maheswara,individual,2025-02-06,8194518327,True,self_funded
PD Melani Tbk,corporation,Usyi Rahmawati,individual,2025-06-24,665364658,True,proxy
"T. Salman Nababan, M.Farm",individual,Nurul Kuswandari,individual,2024-01-27,1183936073,False,
PT Nashiruddin Tbk,organization,Partai Keadilan Indonesia,political-party,2024-08-25,1584606948,True,proxy
PT Oktaviani,organization,Partai Nasional Demokrat,political-party,2025-03-10,37827353,True,smurfing
"Drs. Laksana Pratiwi, S.E.I",individual,Nadia Budiman,individual,2025-11-15,593466377,False,
UD Purnawati Nashiruddin (Persero) Tbk,corporation,"R. Hafshah Agustina, S.Pt",individual,2025-01-13,31929091,True,proxy
"Titin Laksmiwati, S.E.",individual,Umar Maulana,individual,2024-03-20,2059018737,False,
R.M. Indra Tamba,individual,Tgk. Yosef Suartini,individual,2024-12-30,246564386,False,
"Aslijan Irawan, M.Ak",individual,Partai Keadilan Indonesia,political-party,2024-08-06,67161535,False,
"Cut Ophelia Mansur, S.E.I",individual,Maida Sitompul,individual,2024-08-21,68526372,False,
Perum Melani Prasasta (Persero) Tbk,corporation,Harto Laksmiwati,individual,2025-05-15,12774500696,True,self_funded
R. Zelaya Kuswandari,individual,"Rosman Wibisono, M.Pd",individual,2024-12-18,1762594711,False,
Perum Yulianti,corporation,Partai Kebangkitan Rakyat,political-party,2025-08-21,1276323620,True,proxy
Perum Ardianto,corporation,Kariman Nurdiyanti,individual,2025-03-20,633716527,True,self_funded
Almira Puspita,individual,Partai Keadilan Indonesia,political-party,2025-06-08,110951324,False,
CV Simbolon Tbk,corporation,"Martana Nashiruddin, S.T.",individual,2024-09-16,4450782838,True,self_funded
"Patricia Agustina, S.E.I",individual,"Sutan Galih Haryanto, S.Ked",individual,2025-06-21,105108560,True,self_funded
PT Suryono,corporation,Partai Kebangkitan Rakyat,political-party,2025-12-19,92902953,False,
Rika Sihombing,individual,Prakosa Farida,individual,2025-03-21,801066652,True,self_funded
Cakrabirawa Suartini,individual,Partai Rakyat Sejahtera,political-party,2025-03-13,108232958,False,
PD Tamba Prastuti (Persero) Tbk,corporation,"Dalimin Manullang, S.Farm",individual,2024-02-21,20042043294,True,self_funded
Upik Hartati,individual,Sabri Marpaung,individual,2025-01-30,1912485831,True,self_funded
PD Handayani,organization,Dewi Pudjiastuti,individual,2024-07-15,26024077,True,smurfing
Salsabila Sitompul,individual,Nurul Gunarto,individual,2025-03-08,1194866193,False,
CV Mangunsong Tamba Tbk,corporation,Partai Persatuan,political-party,2024-11-24,374995080,False,
UD Nasyiah Tbk,organization,Partai Harapan Bangsa,political-party,2024-12-06,246417058,True,proxy
Drs. Vera Rajata,individual,"Dr. Ella Prakasa, S.Ked",individual,2024-06-17,2163052941,True,self_funded
PD Siregar Prasetyo,organization,Partai Solidaritas Indonesia,political-party,2025-02-10,796764063,True,proxy
Perum Hutasoit,corporation,Partai Persatuan,political-party,2024-06-13,569263276,False,
"Dr. Karman Yuniar, S.Sos",individual,"Hj. Violet Januar, M.TI.",individual,2025-08-18,2266633984,True,self_funded
PD Lestari Rahimah,organization,Partai Nasional Demokrat,political-party,2024-11-16,446857302,True,proxy
Perum Nashiruddin,corporation,Partai Demokrat,political-party,2024-10-11,24054814,True,smurfing
PD Wibisono Firgantoro Tbk,organization,"Keisha Sitorus, S.I.Kom",individual,2025-09-15,1917890655,True,proxy
KH. Edi Mahendra,individual,Partai Persatuan,political-party,2024-04-10,12046416,False,
Perum Saefullah Januar Tbk,organization,Partai Nasional Demokrat,political-party,2025-11-06,97764576,False,
Tgk. Lutfan Sitorus,individual,"R. Dwi Permadi, M.TI.",individual,2025-06-09,1011791409,False,
Bakiman Utami,individual,Partai Kebangkitan Rakyat,political-party,2025-07-11,171959789,False,
PT Dongoran Irawan Tbk,organization,R. Lembah Rahimah,individual,2025-09-01,76165280,True,smurfing
PT Sihotang Tbk,organization,Partai Solidaritas Indonesia,political-party,2024-05-08,503767123,False,
Perum Wibisono,organization,Partai Keadilan Indonesia,political-party,2024-01-15,1675916439,True,proxy
R.A. Ratna Riyanti,individual,Partai Nasional Demokrat,political-party,2024-01-31,232132059,True,over_limit
UD Susanti Lazuardi,corporation,Partai Harapan Bangsa,political-party,2024-03-05,442876445,True,proxy
"Dt. Bakijan Wulandari, S.E.",individual,Wadi Dabukke,individual,2024-02-29,1191603776,False,
Icha Uwais,individual,Partai Demokrat,political-party,2024-01-07,9203208,True,smurfing
Timbul Lailasari,individual,Partai Indonesia Maju,political-party,2025-05-25,158540993,False,
dr. Ivan Hassanah,individual,"dr. Juli Adriansyah, S.Gz",individual,2025-08-26,1926442074,False,
CV Kusumo Pertiwi,corporation,"Olivia Lazuardi, M.TI.",individual,2025-05-30,65696606,True,smurfing
Diana Sitompul,individual,Partai Kebangkitan Rakyat,political-party,2025-10-03,25574559,False,
Jatmiko Wulandari,individual,Hartaka Hasanah,individual,2024-01-10,1966926161,False,
Paulin Situmorang,individual,Partai Rakyat Sejahtera,political-party,2025-11-12,53643653,True,smurfing
Perum Usamah Mangunsong,corporation,Viktor Sinaga,individual,2025-08-26,10150311256,True,self_funded
PT Ardianto,corporation,Partai Persatuan,political-party,2024-04-11,526653127,False,
"Elvina Nasyidah, S.T.",individual,Partai Solidaritas Indonesia,political-party,2025-02-11,142604287,False,
dr. Dartono Laksmiwati,individual,"KH. Harjaya Tampubolon, M.Farm",individual,2025-09-16,56150097,True,smurfing
UD Ramadan Nababan,corporation,Partai Indonesia Maju,political-party,2025-02-02,731776241,True,proxy
Kasim Kurniawan,individual,Partai Indonesia Maju,political-party,2025-06-21,53636790,False,
"R.M. Joko Maulana, M.Kom.",individual,Karen Napitupulu,individual,2025-09-17,551731537,False,
dr. Jaya Lailasari,individual,R.M. Daliman Hutapea,individual,2024-05-14,612485921,True,self_funded
UD Andriani Suryono,corporation,Jaka Maryati,individual,2024-06-22,8600595876,False,
PT Hutapea Tbk,corporation,Candrakanta Melani,individual,2024-10-17,19394133215,False,
"Balangga Lestari, M.M.",individual,Partai Keadilan Indonesia,political-party,2024-02-27,357599820,True,over_limit
Rahayu Prasasta,individual,dr. Iriana Hariyah,individual,2025-06-02,863551462,False,
Ir. Garang Astuti,individual,Partai Persatuan,political-party,2025-04-19,20685795,True,smurfing
PT Hutasoit,organization,Partai Keadilan Indonesia,political-party,2024-09-07,1598429039,True,proxy
PT Sinaga Uyainah,corporation,KH. Cahyono Novitasari,individual,2024-10-27,24052660371,True,self_funded
UD Siregar Laksita,corporation,"Dr. Jaga Wijayanti, S.IP",individual,2025-06-02,1112777951,True,proxy
UD Rahayu,corporation,"Ghani Yuniar, S.Ked",individual,2025-12-10,19952626900,True,self_funded
PD Najmudin Setiawan,corporation,Partai Harapan Bangsa,political-party,2024-12-25,1053427546,True,over_limit
"Melinda Saptono, S.Pd",individual,Partai Rakyat Sejahtera,political-party,2024-05-24,79630215,False,
PT Pradana (Persero) Tbk,organization,Partai Amanat Rakyat,political-party,2024-12-06,292330590,False,
PT Sihombing Pranowo,corporation,"dr. Amelia Mangunsong, S.H.",individual,2025-02-20,2821826477,True,self_funded
UD Iswahyudi Sudiati,corporation,"Rika Waskita, S.E.I",individual,2024-12-04,1383630325,True,self_funded
"Dacin Siregar, M.TI.",individual,Partai Solidaritas Indonesia,political-party,2025-04-28,4391257,False,
Puspa Winarno,individual,Partai Kebangkitan Rakyat,political-party,2024-08-28,88014388,True,smurfing
Harsanto Suwarno,individual,Partai Demokrat,political-party,2024-01-17,25123415,False,
Rika Halimah,individual,Partai Kebangkitan Rakyat,political-party,2025-05-04,28658199,False,
PD Sudiati Nuraini Tbk,organization,Partai Nasional Demokrat,political-party,2025-05-11,1498541683,True,proxy
Sutan Ajimin Rahmawati,individual,Ir. Natalia Saefullah,individual,2025-06-22,87245589,True,smurfing
Maida Sirait,individual,Prayogo Hastuti,individual,2025-04-13,806929714,False,
"Ir. Adikara Widiastuti, S.Gz",individual,Partai Persatuan,political-party,2025-12-11,73483308,False,
Pranata Prakasa,individual,Partai Keadilan Indonesia,political-party,2024-02-10,65944508,True,smurfing
H. Jagapati Saefullah,individual,Partai Solidaritas Indonesia,political-party,2024-03-08,178549043,False,
PD Uyainah,corporation,Jagaraga Wacana,individual,2024-05-13,3153617458,True,self_funded
"Banara Saragih, M.TI.",individual,Partai Keadilan Indonesia,political-party,2024-06-18,153450626,False,
UD Iswahyudi (Persero) Tbk,organization,Fathonah Marpaung,individual,2025-12-12,15204186,True,smurfing
UD Pertiwi Tbk,organization,"Drs. Shania Kuswoyo, S.E.I",individual,2025-08-05,16958479,True,smurfing
PD Siregar,corporation,Lili Manullang,individual,2025-06-03,9162970548,False,
Anastasia Gunawan,individual,R.A. Sakura Nurdiyanti,individual,2024-01-08,1276559992,False,
PD Kurniawan Rajasa,corporation,R.A. Fitriani Lazuardi,individual,2025-12-23,32267094,True,smurfing
Perum Sudiati Prasetya,organization,Partai Harapan Bangsa,political-party,2024-05-31,700693050,False,
Perum Laksmiwati,organization,Partai Keadilan Indonesia,political-party,2025-10-12,859874927,True,proxy
Perum Permata (Persero) Tbk,organization,Partai Rakyat Sejahtera,political-party,2025-08-22,93449514,True,proxy
CV Uyainah,corporation,Partai Harapan Bangsa,political-party,2025-05-15,661804058,True,proxy
Hj. Paulin Prasetya,individual,Opan Nashiruddin,individual,2025-09-24,856029150,False,
PT Pudjiastuti,corporation,"Ida Mahendra, S.I.Kom",individual,2024-08-26,37661521,True,proxy
PD Firmansyah Budiman Tbk,corporation,Rusman Laksita,individual,2025-12-21,16178137479,False,
PD Hasanah,corporation,Umi Mangunsong,individual,2024-10-05,5451229070,False,
Perum Anggraini,organization,Partai Demokrat,political-party,2024-01-25,1183783710,True,over_limit
PT Kuswoyo Purwanti,organization,Daniswara Lestari,individual,2025-04-05,427073659,True,proxy
PT Prasasta Sirait (Persero) Tbk,corporation,Partai Solidaritas Indonesia,political-party,2024-11-18,713066794,False,
UD Salahudin Wijaya (Persero) Tbk,organization,Partai Solidaritas Indonesia,political-party,2024-11-18,77035424,True,smurfing
Zamira Maryadi,individual,"Sakura Irawan, S.Pt",individual,2025-10-10,2035252591,False,
PD Pertiwi Puspita (Persero) Tbk,corporation,Partai Demokrat,political-party,2025-05-27,482016650,False,
Janet Suwarno,individual,Partai Demokrat,political-party,2025-05-16,23229697,True,smurfing
Kariman Hutasoit,individual,Partai Rakyat Sejahtera,political-party,2024-05-27,144064806,False,
Icha Megantara,individual,"Titin Halimah, S.IP",individual,2025-06-17,1340608819,False,
CV Simbolon Tbk,corporation,Partai Nasional Demokrat,political-party,2024-09-22,184597872,False,
Tgk. Humaira Mahendra,individual,Partai Nasional Demokrat,political-party,2025-02-28,124524624,False,
PD Damanik (Persero) Tbk,corporation,Partai Persatuan,political-party,2025-03-16,1710602733,True,proxy
"Ir. Cinta Zulaika, M.M.",individual,Humaira Laksita,individual,2025-03-18,1348449269,False,
PD Simbolon Tbk,corporation,Partai Kebangkitan Rakyat,political-party,2024-12-17,95184676,True,smurfing
PT Megantara Laksmiwati,organization,Indra Maheswara,individual,2024-10-08,109646287,True,proxy
Perum Prabowo,corporation,Partai Demokrat,political-party,2024-01-03,1178778486,True,proxy
Faizah Prayoga,individual,Darijan Salahudin,individual,2024-06-16,1779406101,False,
PT Hartati (Persero) Tbk,corporation,R. Wirda Mahendra,individual,2024-04-16,13555856040,False,
PT Mandala (Persero) Tbk,organization,"dr. Zulaikha Tarihoran, M.M.",individual,2025-08-03,1268343693,True,proxy
T. Bahuraksa Tarihoran,individual,Partai Harapan Bangsa,political-party,2025-01-23,124367891,False,
UD Nasyidah Yulianti,corporation,Drs. Pia Haryanto,individual,2024-01-21,7181044393,False,
KH. Prakosa Rahimah,individual,"Dr. Wage Padmasari, M.Pd",individual,2025-01-20,1442422861,False,
PT Gunarto Uyainah (Persero) Tbk,corporation,Partai Keadilan Indonesia,political-party,2025-07-01,604309793,False,
Harjo Mahendra,individual,Halima Wulandari,individual,2025-02-22,963812973,False,
PT Budiyanto,corporation,Partai Amanat Rakyat,political-party,2025-12-22,121898547,False,
"Cornelia Tarihoran, M.Ak",individual,Partai Persatuan,political-party,2025-07-01,122217099,False,
Perum Melani,organization,Partai Rakyat Sejahtera,political-party,2024-11-09,38916477,True,smurfing
PT Megantara (Persero) Tbk,corporation,"Labuh Jailani, S.IP",individual,2024-12-22,1265065650,True,proxy
UD Prasetya Tbk,corporation,Partai Demokrat,political-party,2024-07-26,130659197,False,
CV Pradipta,organization,H. Eluh Oktaviani,individual,2024-04-21,1966537890,False,
Respati Nasyiah,individual,Partai Harapan Bangsa,political-party,2025-12-20,122658610,False,
Perum Jailani,corporation,Partai Indonesia Maju,political-party,2025-11-04,273333734,False,
Intan Simbolon,individual,Gaman Rahimah,individual,2024-03-15,517746880,True,self_funded
Harsanto Utami,individual,Partai Demokrat,political-party,2025-11-30,93314719,False,
Danu Hutagalung,individual,Partai Solidaritas Indonesia,political-party,2025-09-23,11504204,False,
"Ir. Gilang Andriani, S.Pt",individual,Partai Nasional Demokrat,political-party,2024-03-02,97481516,False,
Perum Prabowo Agustina,corporation,Partai Solidaritas Indonesia,political-party,2025-11-22,215648802,False,
Perum Yuniar Palastri Tbk,corporation,Gambira Wahyuni,individual,2025-02-28,23775365411,True,self_funded
Perum Mahendra,organization,"Hana Riyanti, M.Pd",individual,2025-03-21,1576874157,True,proxy
PT Marbun,corporation,"Fathonah Prasetya, S.Ked",individual,2024-04-05,4610769725,False,
Adika Wibisono,individual,Partai Keadilan Indonesia,political-party,2024-08-05,95294173,False,
Ir. Hafshah Thamrin,individual,Liman Simanjuntak,individual,2025-07-25,2416857275,True,self_funded
UD Winarsih Sitompul,corporation,"R. Edi Oktaviani, M.M.",individual,2024-05-01,4990806590,False,
Perum Budiman Wastuti,organization,Partai Harapan Bangsa,political-party,2025-10-19,281075506,False,
Bella Sihombing,individual,"Hj. Salwa Nashiruddin, S.T.",individual,2024-07-30,336072063,False,
PD Prasetyo,corporation,Partai Solidaritas Indonesia,political-party,2024-06-22,107070691,False,
"H. Laksana Pratiwi, M.Pd",individual,Partai Amanat Rakyat,political-party,2025-10-17,81757113,True,smurfing
Ratna Mayasari,individual,Among Wijayanti,individual,2024-11-09,1523531920,False,
Prabawa Nababan,individual,Elvina Astuti,individual,2024-08-25,1689128102,False,
"Cakrabirawa Ardianto, M.TI.",individual,Slamet Permadi,individual,2024-07-18,754535925,False,
Pia Farida,individual,Partai Persatuan,political-party,2025-02-16,67913121,False,
Tasdik Budiyanto,individual,dr. Vicky Safitri,individual,2024-07-04,10785497,True,smurfing
Darmanto Kusumo,individual,Partai Solidaritas Indonesia,political-party,2024-11-25,73469510,False,
"Sakura Kurniawan, S.E.I",individual,"Dadi Widiastuti, S.T.",individual,2025-01-28,793704275,False,
PD Suryono,corporation,Banawi Lestari,individual,2024-12-23,888338380,True,proxy
Mahfud Hardiansyah,individual,Partai Kebangkitan Rakyat,political-party,2024-09-06,143226333,False,
CV Iswahyudi Budiyanto,organization,Partai Persatuan,political-party,2024-11-23,13658784,True,smurfing
Pemerintah Desa Cibeber,organization,"dr. Clara Fujiati, S.IP",individual,2024-07-07,21382739840,True,illegal_source
Paris Nainggolan,individual,Partai Solidaritas Indonesia,political-party,2025-05-12,108269505,False,
Mustofa Suryatmi,individual,Ciaobella Rajasa,individual,2024-01-30,401760734,False,
PD Maulana Santoso,corporation,Partai Keadilan Indonesia,political-party,2025-08-27,19149193,False,
UD Pradana Sudiati Tbk,corporation,Makara Nainggolan,individual,2025-04-27,47307199544,True,over_limit
R.A. Zamira Prasetya,individual,Partai Harapan Bangsa,political-party,2025-05-17,55290950,True,smurfing
Sutan Oskar Nababan,individual,Partai Keadilan Indonesia,political-party,2025-01-01,49722923,False,
"Vega Mulyani, S.Kom",individual,Partai Kebangkitan Rakyat,political-party,2025-12-16,41706885,False,
Dinda Damanik,individual,Widya Prasasta,individual,2024-06-07,373763540,False,
Perum Habibi Tbk,corporation,"Drs. Niyaga Pertiwi, S.Farm",individual,2024-10-09,1198849271,False,
PD Haryanti Waluyo,corporation,Ir. Safina Nashiruddin,individual,2024-07-19,2162052543,True,self_funded
PT Kuswandari,corporation,Maida Sitorus,individual,2024-10-15,21972482695,False,
R.M. Kunthara Thamrin,individual,Partai Keadilan Indonesia,political-party,2024-04-08,71587892,False,
Almira Mahendra,individual,"drg. Tina Andriani, M.M.",individual,2024-11-02,391453232,True,self_funded
KH. Ganda Mardhiyah,individual,Ganep Andriani,individual,2025-12-03,267964911,True,self_funded
CV Pradana Tampubolon (Persero) Tbk,corporation,Partai Amanat Rakyat,political-party,2024-09-20,995101542,True,proxy
UD Hastuti,corporation,Cut Jamalia Haryanti,individual,2024-04-05,20518034325,True,self_funded
Ifa Hasanah,individual,"dr. Lili Nainggolan, S.Pt",individual,2025-09-13,881520036,False,
UD Maryati Astuti Tbk,corporation,"Hasna Januar, S.Sos",individual,2024-06-28,818516489,False,
PD Nasyiah Tbk,corporation,Drs. Novi Damanik,individual,2024-06-17,24982019330,True,self_funded
PT Hartati Tbk,organization,Partai Persatuan,political-party,2024-12-20,555824094,False,
Perum Winarsih (Persero) Tbk,organization,Nilam Pertiwi,individual,2024-06-01,1188697146,True,proxy
PT Sitorus Padmasari (Persero) Tbk,corporation,Partai Solidaritas Indonesia,political-party,2025-10-11,459830951,False,
Ir. Chelsea Habibi,individual,Partai Persatuan,political-party,2024-04-30,323724457,True,over_limit
UD Sihotang Kuswoyo (Persero) Tbk,corporation,Jarwadi Wasita,individual,2024-03-02,5020503487,True,self_funded
PT Lailasari,corporation,Partai Nasional Demokrat,political-party,2024-01-03,362298071,False,
Perum Hidayat Pradipta,organization,Partai Solidaritas Indonesia,political-party,2025-11-08,1747704891,True,proxy
Malik Wijaya,individual,Partai Demokrat,political-party,2024-01-25,32862045,False,
Prabawa Utama,individual,"Puti Ella Namaga, S.T.",individual,2025-09-04,416313614,False,
drg. Juli Wacana,individual,Partai Kebangkitan Rakyat,political-party,2025-08-12,141417926,False,
Perum Puspita,corporation,Partai Rakyat Sejahtera,political-party,2024-04-19,97216766,True,smurfing
"Dr. Kamaria Kusumo, M.Pd",individual,Adhiarja Hassanah,individual,2025-12-09,1110711460,False,
"Cayadi Laksmiwati, S.Pd",individual,Partai Harapan Bangsa,political-party,2025-11-11,96795586,False,
Uli Permadi,individual,Partai Rakyat Sejahtera,political-party,2025-08-15,121466962,False,
Jessica Samosir,individual,dr. Tania Oktaviani,individual,2024-10-01,528291170,False,
PT Hutapea Budiman,corporation,"Cawuk Safitri, M.Kom.",individual,2024-10-10,7013597900,False,
Dagel Sihotang,individual,Laila Rahmawati,individual,2024-09-02,768693646,True,self_funded
"Hj. Indah Lailasari, S.Sos",individual,Rosman Hutagalung,individual,2024-12-01,2225015673,False,
PD Wahyuni Puspasari (Persero) Tbk,organization,"Ciaobella Wijaya, S.Gz",individual,2025-03-02,1299283813,True,proxy
"Ciaobella Zulaika, S.Gz",individual,Hafshah Maheswara,individual,2025-11-03,1067548029,False,
CV Mustofa Hutasoit,organization,Partai Amanat Rakyat,political-party,2024-11-21,85171572,True,proxy
Daru Uyainah,individual,Wani Utami,individual,2024-07-26,2151603628,True,self_funded
UD Nababan Irawan (Persero) Tbk,corporation,"Kamaria Marpaung, S.T.",individual,2025-08-13,7500614071,False,
Farhunnisa Pudjiastuti,individual,Maimunah Yulianti,individual,2025-08-03,2230997836,True,self_funded
Eman Wijayanti,individual,Candrakanta Permadi,individual,2024-05-15,4473080789,True,over_limit
CV Safitri (Persero) Tbk,corporation,Partai Solidaritas Indonesia,political-party,2025-05-21,524894114,False,
UD Wasita Tbk,organization,Partai Kebangkitan Rakyat,political-party,2024-12-31,1044153338,True,proxy
PT Hakim Dongoran,organization,"KH. Rosman Napitupulu, M.Pd",individual,2025-04-17,1199756825,True,proxy
PD Januar,corporation,"drg. Niyaga Nainggolan, S.E.I",individual,2024-12-26,10683845894,True,self_funded
UD Marbun,corporation,Kamaria Saragih,individual,2025-12-03,3981999209,False,
Kartika Mandasari,individual,Humaira Wibowo,individual,2024-01-20,48655489,True,smurfing
PT Halim Nuraini,corporation,Partai Solidaritas Indonesia,political-party,2024-08-12,539592959,False,
Cindy Andriani,individual,"Salwa Yuliarti, M.Kom.",individual,2025-04-04,254738363,False,
PT Dabukke,organization,Daliono Damanik,individual,2025-04-27,42789157663,True,over_limit
Panji Sihotang,individual,Partai Rakyat Sejahtera,political-party,2024-04-13,112425488,False,
dr. Kamila Sitompul,individual,Partai Harapan Bangsa,political-party,2024-03-11,163897294,False,
Wisnu Habibi,individual,Partai Persatuan,political-party,2024-09-01,95573844,False,
PT Pertamina (Persero),corporation,drg. Dimas Pratama,individual,2025-03-29,23514466282,True,illegal_source
Eka Prabowo,individual,Nova Mardhiyah,individual,2024-08-14,372500986,False,
CV Prasetyo,corporation,"Dr. Arsipatra Wacana, S.Pt",individual,2025-11-12,59701113,True,smurfing
"drg. Ratna Laksita, M.Pd",individual,Partai Rakyat Sejahtera,political-party,2024-08-24,110754921,False,
Betania Maryati,individual,Partai Kebangkitan Rakyat,political-party,2024-11-09,34116627,False,
Rina Habibi,individual,Cahyono Mahendra,individual,2024-07-09,2008011786,False,
UD Pudjiastuti (Persero) Tbk,corporation,"H. Kunthara Permata, M.Pd",individual,2024-08-18,1962301524,True,proxy
PD Hariyah Kusumo,corporation,Partai Keadilan Indonesia,political-party,2024-05-04,552484564,False,
PD Hutagalung Prakasa Tbk,corporation,Sari Siregar,individual,2024-01-13,4909950698,False,
"Tri Kusmawati, S.Gz",individual,Jaeman Sihotang,individual,2024-03-28,1123747096,False,
PT Kuswoyo Novitasari,corporation,Dimas Nababan,individual,2025-04-26,18396059,True,smurfing
PT Haryanto (Persero) Tbk,corporation,Partai Solidaritas Indonesia,political-party,2025-04-03,568589190,False,
"Pranata Firgantoro, S.Sos",individual,Partai Indonesia Maju,political-party,2025-05-16,96033937,False,
Wirda Suwarno,individual,Partai Harapan Bangsa,political-party,2025-06-06,99838236,False,
Bajragin Kuswandari,individual,Partai Kebangkitan Rakyat,political-party,2024-09-07,81824566,False,
PT Siregar Fujiati (Persero) Tbk,corporation,Aisyah Nuraini,individual,2024-09-03,43524652,True,smurfing
Paris Halim,individual,Partai Harapan Bangsa,political-party,2025-01-08,26302409,False,
PD Sudiati Haryanti,corporation,Partai Nasional Demokrat,political-party,2025-12-28,231523095,False,
CV Permadi Tbk,organization,Partai Amanat Rakyat,political-party,2024-05-26,1797688161,True,proxy
Cahyanto Riyanti,individual,Partai Harapan Bangsa,political-party,2025-08-25,11538343,False,
Perum Nababan,organization,R. Suci Melani,individual,2024-07-18,67775038,True,smurfing
Rendy Padmasari,individual,"Drs. Nasrullah Safitri, M.Farm",individual,2025-10-13,1596260473,False,
Zelda Sihombing,individual,Partai Rakyat Sejahtera,political-party,2025-04-28,8491350,False,
Tina Kurniawan,individual,Siti Maheswara,individual,2025-08-02,462861441,False,
Anggabaya Kusmawati,individual,Partai Harapan Bangsa,political-party,2025-10-26,70009133,False,
Perum Usada Sirait,organization,Partai Kebangkitan Rakyat,political-party,2024-05-22,1121445316,True,proxy
PD Ramadan,corporation,"Dr. Tiara Sudiati, S.Ked",individual,2024-08-30,14290327398,False,
PD Wastuti Natsir Tbk,organization,Pia Adriansyah,individual,2024-08-24,30480272833,True,over_limit
PT Hutapea Tbk,organization,Ophelia Maulana,individual,2025-03-23,847803936,True,proxy
PD Pratama Wijayanti,organization,Partai Demokrat,political-party,2024-12-17,774258219,True,proxy
"Cut Cinthia Wijayanti, S.Pd",individual,R. Laras Manullang,individual,2024-02-29,1385674653,False,
"Rika Thamrin, S.Farm",individual,Partai Kebangkitan Rakyat,political-party,2025-08-07,16396947,False,
PD Yulianti,corporation,Ghaliyati Hutasoit,individual,2025-05-20,1644919931,True,proxy
Perum Halimah (Persero) Tbk,corporation,Wardaya Mahendra,individual,2025-08-25,16239556290,False,
PD Natsir Tbk,corporation,Nalar Maryati,individual,2024-12-23,43372186,True,smurfing
UD Pradana Tarihoran,corporation,Partai Solidaritas Indonesia,political-party,2024-05-19,1178397527,True,over_limit
CV Hastuti Hartati,corporation,"R.A. Ciaobella Mustofa, M.Ak",individual,2025-01-04,11432409999,False,
PD Maryati Maheswara,corporation,Maimunah Marpaung,individual,2024-06-03,10637678245,False,
PD Dabukke Tbk,organization,Hj. Salsabila Mulyani,individual,2025-08-21,831740136,True,proxy
Sutan Bancar Dabukke,individual,Nasrullah Wijaya,individual,2025-09-04,2061889075,True,self_funded
PD Sudiati Tbk,organization,Partai Solidaritas Indonesia,political-party,2024-07-20,15930649,True,smurfing
Sari Mandala,individual,Agnes Zulkarnain,individual,2025-03-25,2003258675,True,self_funded
Perum Kusumo Prasasta (Persero) Tbk,corporation,Karen Wibowo,individual,2024-04-16,13927198002,False,
Ghaliyati Prastuti,individual,Partai Amanat Rakyat,political-party,2025-05-14,108522976,False,
CV Permata Tbk,corporation,Ir. Vera Wulandari,individual,2025-09-27,56395479,True,smurfing
"R. Julia Prabowo, S.IP",individual,Lanjar Nugroho,individual,2024-11-24,2171350680,False,
"Asman Astuti, S.Pd",individual,"Dr. Laila Hidayat, S.Pd",individual,2024-08-21,514224608,False,
"KH. Purwanto Mulyani, S.Gz",individual,Kambali Pratiwi,individual,2025-11-01,1707092500,True,self_funded
UD Wastuti Saefullah (Persero) Tbk,corporation,"Drs. Kajen Marpaung, M.TI.",individual,2024-03-20,8582773246,False,
"Drs. Rahayu Wahyuni, S.T.",individual,Ikin Sihombing,individual,2025-03-06,233280097,False,
UD Lazuardi Tbk,corporation,Emong Siregar,individual,2025-12-26,6674177600,False,
Paris Mustofa,individual,Partai Keadilan Indonesia,political-party,2025-02-04,36435821,False,
Tantri Tarihoran,individual,"Ir. Chelsea Waluyo, M.Ak",individual,2025-08-20,561175596,False,
Perum Damanik Usamah,corporation,Partai Indonesia Maju,political-party,2024-11-05,238195369,False,
KH. Wadi Hariyah,individual,"R.A. Yuni Yulianti, M.Pd",individual,2025-01-21,1752183242,False,
UD Kusumo Lazuardi Tbk,corporation,Partai Nasional Demokrat,political-party,2025-11-21,52769135,True,proxy
"Laila Saptono, S.E.",individual,"Rosman Anggraini, S.Pt",individual,2024-04-24,571621486,True,self_funded
Perum Puspita (Persero) Tbk,corporation,Partai Harapan Bangsa,political-party,2024-08-23,1781735483,True,proxy
UD Agustina (Persero) Tbk,corporation,Cahyadi Namaga,individual,2025-11-11,39991464760,True,over_limit
Maras Aryani,individual,Dr. Zulfa Saragih,individual,2025-03-09,1832593531,False,
"Bakiono Lestari, S.Farm",individual,Partai Indonesia Maju,political-party,2024-08-20,127030258,False,
"Lalita Sihotang, S.Pt",individual,Partai Harapan Bangsa,political-party,2024-03-08,77562006,False,
Ir. Vanya Januar,individual,Kardi Januar,individual,2025-09-02,8368871,True,smurfing
PD Utama Saefullah Tbk,corporation,Partai Indonesia Maju,political-party,2024-12-17,223250266,False,
PD Prasetyo Manullang,corporation,Partai Keadilan Indonesia,political-party,2024-03-09,342073111,False,
PD Saputra,organization,Partai Persatuan,political-party,2024-07-14,242515691,True,proxy
"Ir. Pardi Nashiruddin, M.TI.",individual,"Dr. Keisha Situmorang, M.M.",individual,2024-10-06,1440368333,False,
"Dimaz Handayani, M.Ak",individual,"Darman Suartini, M.Pd",individual,2024-09-12,932244558,False,
CV Prasasta,organization,R.M. Kusuma Manullang,individual,2024-09-14,27116794,True,smurfing
UD Wulandari Tbk,corporation,Daruna Samosir,individual,2025-03-29,10091162558,False,
Asmuni Samosir,individual,Ajeng Hartati,individual,2024-12-08,185796455,False,
PD Prakasa Tbk,corporation,Partai Demokrat,political-party,2024-04-12,290454914,False,
Perum Saragih Pratiwi Tbk,organization,Violet Waluyo,individual,2025-01-04,19574705,True,smurfing
Raden Pratiwi,individual,"Dt. Ganjaran Nasyidah, S.Farm",individual,2025-05-28,2849869700,True,over_limit
PT Januar,organization,Yuliana Nugroho,individual,2025-02-18,986417081,True,proxy
"Elvina Permata, S.E.",individual,Lintang Suwarno,individual,2025-10-26,129749801,False,
CV Marbun Nainggolan Tbk,organization,Partai Nasional Demokrat,political-party,2025-08-23,1145036438,True,proxy
Cut Almira Lailasari,individual,Partai Harapan Bangsa,political-party,2024-08-17,46596149,False,
PD Widiastuti Mulyani (Persero) Tbk,corporation,Partai Keadilan Indonesia,political-party,2025-12-11,1498816037,True,proxy
PD Kuswoyo,organization,Partai Kebangkitan Rakyat,political-party,2025-10-06,25669819,True,proxy
"Jail Simanjuntak, M.Farm",individual,Partai Indonesia Maju,political-party,2025-08-05,158196821,False,
UD Santoso (Persero) Tbk,corporation,Vanya Puspasari,individual,2025-11-08,6734736606,True,self_funded
Mala Riyanti,individual,Sutan Mahdi Safitri,individual,2025-05-10,1009040867,False,
"Fitria Nababan, S.Kom",individual,"Novi Saefullah, M.Farm",individual,2025-08-13,3255441498,True,over_limit
CV Prasetya Uwais,corporation,Diah Palastri,individual,2024-09-08,19741884366,False,
UD Wibisono,corporation,Partai Solidaritas Indonesia,political-party,2024-01-16,508687087,False,
R.A. Ratna Natsir,individual,Partai Demokrat,political-party,2025-05-05,69533074,False,
drg. Patricia Farida,individual,Partai Harapan Bangsa,political-party,2024-03-04,40261889,False,
PD Rahayu Tbk,organization,Partai Harapan Bangsa,political-party,2024-02-05,243520222,True,proxy
R.M. Empluk Suryono,individual,Partai Nasional Demokrat,political-party,2025-04-14,254237603,True,over_limit
Marsudi Iswahyudi,individual,Jatmiko Winarsih,individual,2024-08-24,7930181,True,smurfing
Yani Simanjuntak,individual,Tgk. Lukman Nababan,individual,2025-12-05,1555246205,False,
Perum Kusumo,organization,Uchita Firgantoro,individual,2025-02-16,932665957,True,proxy
PT Januar,corporation,"Purwanto Haryanti, S.Ked",individual,2024-04-06,33480275,True,smurfing
"Hj. Uli Ramadan, M.M.",individual,Partai Rakyat Sejahtera,political-party,2024-01-25,65249439,False,
PD Wahyudin Usamah,corporation,Partai Nasional Demokrat,political-party,2025-12-29,29777916,True,smurfing
Bakianto Pertiwi,individual,Kartika Mulyani,individual,2025-05-08,661418826,False,
Perum Sudiati Situmorang,corporation,Siska Halimah,individual,2025-10-10,4511177576,False,
Darmanto Pudjiastuti,individual,Cemeti Nainggolan,individual,2024-12-01,253140335,True,self_funded
Pemerintah Kabupaten Banyumas,organization,Partai Solidaritas Indonesia,political-party,2025-07-10,431813375,True,illegal_source
Maya Prastuti,individual,Zulfa Budiman,individual,2025-02-16,173050261,False,
Perum Yuliarti,corporation,Partai Persatuan,political-party,2024-08-04,1938832153,True,proxy
"Alika Wibisono, S.Psi",individual,Michelle Permadi,individual,2024-06-30,985120384,True,self_funded
CV Rahimah Suryono (Persero) Tbk,corporation,"Salwa Firmansyah, M.Ak",individual,2024-09-05,4232869,True,smurfing
Raina Mustofa,individual,Fitria Mulyani,individual,2024-02-14,1960258552,False,
CV Maryati,corporation,Partai Persatuan,political-party,2024-04-30,257996235,True,proxy
CV Damanik Nugroho,corporation,Partai Solidaritas Indonesia,political-party,2025-10-16,6949154,True,smurfing
PT Novitasari Uwais (Persero) Tbk,organization,Partai Demokrat,political-party,2024-11-21,1786401400,True,proxy
PD Mangunsong Pudjiastuti (Persero) Tbk,organization,"R.A. Melinda Manullang, S.IP",individual,2025-08-15,1051107947,True,proxy
UD Pradana Setiawan,corporation,T. Kajen Fujiati,individual,2024-07-29,21487329401,True,self_funded
dr. Yuni Wacana,individual,Partai Indonesia Maju,political-party,2024-06-09,16935084,False,
"Irma Yuniar, S.E.",individual,Baktiadi Mardhiyah,individual,2024-03-22,1734292529,False,
Adinata Sudiati,individual,Fitria Firmansyah,individual,2024-12-07,1350283901,False,
Eman Nurdiyanti,individual,Gangsar Hidayanto,individual,2024-09-14,2019636286,False,
BUMN Mina Permai,corporation,Partai Rakyat Sejahtera,political-party,2024-07-11,465438574,True,illegal_source
PT Telekomunikasi Indonesia (Persero),corporation,drg. Hilda Manullang,individual,2025-09-23,14489843713,True,illegal_source
Drs. Adika Suryatmi,individual,"Catur Farida, S.I.Kom",individual,2025-07-15,24209696,True,smurfing
Damar Siregar,individual,Ilsa Handayani,individual,2025-11-12,2350552306,True,self_funded
Umay Purnawati,individual,Humaira Gunawan,individual,2025-12-18,64674118,True,smurfing
Perum Putra Hidayanto,corporation,Partai Indonesia Maju,political-party,2025-05-04,30171564,True,smurfing
Rangga Mulyani,individual,Paulin Permata,individual,2024-07-13,40925092,True,smurfing
"Safina Iswahyudi, M.Ak",individual,Partai Indonesia Maju,political-party,2024-08-17,85319639,False,
PD Iswahyudi Lailasari,corporation,Partai Nasional Demokrat,political-party,2024-05-20,15055760,True,smurfing
"Humaira Lestari, S.Farm",individual,Partai Persatuan,political-party,2024-01-11,139342182,False,
Hasim Prasasta,individual,Iriana Prasetya,individual,2024-12-31,2000849712,True,self_funded
UD Aryani Iswahyudi (Persero) Tbk,corporation,Putri Setiawan,individual,2025-01-10,462881200,True,proxy
Perum Novitasari Tbk,corporation,Partai Kebangkitan Rakyat,political-party,2025-03-11,613934269,False,
PT Pratama,corporation,Cut Rika Lazuardi,individual,2024-05-08,6752400812,True,self_funded
Wani Gunawan,individual,Partai Nasional Demokrat,political-party,2024-11-27,112857178,False,
Shania Yuliarti,individual,"Lantar Sitompul, S.Kom",individual,2025-04-13,2245057082,False,
PD Sitorus,organization,Dt. Ega Aryani,individual,2025-08-07,41296258,True,smurfing
"Saiful Winarno, S.E.",individual,Harto Mulyani,individual,2025-06-09,1684189506,False,
CV Uwais Padmasari Tbk,corporation,Adikara Halimah,individual,2024-04-13,9053176,True,smurfing
PD Narpati Uwais,organization,R.M. Ismail Prasasta,individual,2025-12-19,84891588,True,smurfing
Kezia Hassanah,individual,Partai Kebangkitan Rakyat,political-party,2025-08-16,45317050,False,
Elma Zulkarnain,individual,Partai Kebangkitan Rakyat,political-party,2024-02-03,52206872,False,
UD Purnawati Mustofa (Persero) Tbk,organization,Partai Solidaritas Indonesia,political-party,2025-11-01,74935987,True,smurfing
Gilda Farida,individual,Partai Solidaritas Indonesia,political-party,2025-05-12,53166672,False,
UD Manullang Tbk,corporation,Partai Indonesia Maju,political-party,2024-04-14,481457125,False,
PT Maryadi Kusmawati,corporation,Partai Harapan Bangsa,political-party,2025-01-21,77095661,True,smurfing
UD Suryatmi Tbk,corporation,"Dr. Dina Sihotang, S.Farm",individual,2025-08-19,8264000602,True,self_funded
PT Haryanto Marpaung,corporation,"Cut Hani Laksmiwati, S.Pt",individual,2024-06-19,1841186316,True,proxy
"Michelle Ramadan, S.Ked",individual,Partai Nasional Demokrat,political-party,2025-08-08,66628991,False,
Perum Kuswandari,organization,dr. Daru Pratiwi,individual,2025-12-10,21345520028,False,
Perum Kuswandari,corporation,Partai Keadilan Indonesia,political-party,2024-04-10,1905699127,True,proxy
Puti Nilam Prakasa,individual,Partai Indonesia Maju,political-party,2025-06-19,121033930,False,
Sadina Permadi,individual,Partai Nasional Demokrat,political-party,2024-08-09,24740441,False,
PT Nugroho Hariyah Tbk,organization,"Balijan Situmorang, S.Sos",individual,2025-07-01,952778729,True,proxy
Dt. Gara Uwais,individual,Ida Saragih,individual,2025-09-13,776775404,False,
Paramita Mulyani,individual,"Lidya Hartati, S.I.Kom",individual,2024-02-23,372405997,False,
UD Melani,corporation,Partai Harapan Bangsa,political-party,2025-11-26,1178479263,True,proxy
Prabawa Mustofa,individual,Partai Rakyat Sejahtera,political-party,2025-03-04,145264690,False,
"drg. Tri Mulyani, S.E.",individual,Partai Demokrat,political-party,2025-05-22,43845355,False,
"Ganda Sihombing, S.Farm",individual,"R. Catur Sinaga, S.H.",individual,2024-11-03,1808249824,False,
"Tirtayasa Hastuti, S.H.",individual,"Hendri Tarihoran, S.Psi",individual,2025-07-16,1949529950,False,
PD Hutapea Wastuti (Persero) Tbk,organization,Partai Amanat Rakyat,political-party,2024-11-22,588499773,False,
PD Latupono Palastri,organization,Partai Rakyat Sejahtera,political-party,2024-06-23,988598073,True,over_limit
UD Mandasari Salahudin Tbk,organization,Puji Nainggolan,individual,2024-06-26,533026591,True,proxy
PT Pranowo Astuti,corporation,Putri Fujiati,individual,2024-08-15,21312833539,False,
PT Yulianti,corporation,Latif Zulkarnain,individual,2024-03-21,753381036,True,proxy
Garan Dongoran,individual,"Tgk. Jayeng Waluyo, S.T.",individual,2024-08-07,994497689,True,self_funded
CV Nashiruddin Tbk,corporation,Partai Nasional Demokrat,political-party,2024-05-23,478774096,False,
PT Hutagalung Hakim,organization,Ismail Najmudin,individual,2024-08-07,1273988062,True,proxy
Yunita Tamba,individual,Drs. Kamaria Kusumo,individual,2024-10-23,279405158,True,self_funded
R.A. Rahayu Haryanto,individual,Salwa Wijaya,individual,2024-01-04,27411288,False,
Perkasa Maryadi,individual,Cengkir Fujiati,individual,2024-05-19,593602415,False,
CV Saragih Habibi,corporation,Partai Kebangkitan Rakyat,political-party,2024-10-21,1642847832,True,proxy
Estiawan Natsir,individual,Safina Lailasari,individual,2024-05-26,719611676,False,
Perum Prakasa Pudjiastuti,corporation,"Ade Thamrin, M.Pd",individual,2025-06-19,2591547037,True,self_funded
UD Andriani,organization,Partai Indonesia Maju,political-party,2025-05-28,46209704,True,smurfing
"Ratna Budiyanto, S.E.I",individual,Partai Demokrat,political-party,2024-06-10,168484033,False,
Jinawi Rahimah,individual,Adika Budiman,individual,2025-02-08,2015017231,False,
PD Setiawan Anggriawan (Persero) Tbk,corporation,Bambang Wijaya,individual,2025-05-16,3318021747,False,
PD Adriansyah Haryanti (Persero) Tbk,corporation,Hj. Tami Adriansyah,individual,2024-09-26,15449662522,False,
Usyi Wibowo,individual,Partai Amanat Rakyat,political-party,2025-10-23,24321202,False,
Indah Purnawati,individual,"Zahra Habibi, S.IP",individual,2025-11-04,2312129638,True,self_funded
"Drs. Jarwadi Purnawati, M.Kom.",individual,Partai Demokrat,political-party,2024-09-12,97428015,False,
Ganda Nurdiyanti,individual,Rahmi Budiyanto,individual,2024-12-30,1158486764,True,self_funded
"Langgeng Maheswara, S.T.",individual,"R. Lukita Prayoga, M.Farm",individual,2024-11-13,889778984,False,
PT Winarno,corporation,Nadia Safitri,individual,2024-02-01,18787066,True,smurfing
CV Simbolon,organization,"Pangestu Hariyah, M.Kom.",individual,2024-12-24,23014022,True,smurfing
Emil Siregar,individual,KH. Adika Wahyudin,individual,2024-10-31,1884998980,False,
UD Hastuti Sirait,corporation,Dr. Zelaya Puspita,individual,2025-12-14,16968814365,True,self_funded
"Paramita Gunarto, S.T.",individual,"KH. Alambana Kusmawati, S.H.",individual,2024-12-22,463487908,False,
Perum Hassanah (Persero) Tbk,organization,Partai Nasional Demokrat,political-party,2024-07-30,32053177,True,smurfing
Jamalia Putra,individual,Drs. Zaenab Handayani,individual,2024-05-07,2236826086,False,
Perum Rahimah Hakim Tbk,corporation,Wadi Mansur,individual,2024-03-23,7958474880,True,self_funded
PD Napitupulu Siregar,corporation,"Irsad Waskita, S.Farm",individual,2024-10-19,1891856045,True,proxy
dr. Rahmat Permata,individual,Partai Rakyat Sejahtera,political-party,2024-06-21,64190567,False,
"drg. Aurora Simanjuntak, M.Kom.",individual,Partai Persatuan,political-party,2025-07-01,323643411,True,over_limit
PT Mandala Widodo Tbk,corporation,Partai Rakyat Sejahtera,political-party,2025-01-10,165915931,False,
Perum Rahimah Tbk,organization,Ella Pertiwi,individual,2024-11-30,1598312472,True,proxy
"Radika Manullang, S.H.",individual,Partai Solidaritas Indonesia,political-party,2024-02-10,59733883,False,
PT Susanti,corporation,Partai Demokrat,political-party,2024-04-14,591742429,True,proxy
PD Prasetya,organization,Ciaobella Maheswara,individual,2024-05-16,36652637,True,smurfing
"Ulya Winarsih, S.Kom",individual,Mala Hidayat,individual,2025-05-30,3287043393,True,over_limit
"Dr. Ophelia Widodo, S.IP",individual,"Among Permadi, S.I.Kom",individual,2025-01-14,15739425,True,smurfing
Niyaga Prasasta,individual,Partai Rakyat Sejahtera,political-party,2025-11-05,109315386,False,
"Safina Nababan, S.Ked",individual,Partai Indonesia Maju,political-party,2025-02-14,21383050,False,
PT Yuniar Januar,corporation,R. Elisa Dongoran,individual,2025-04-13,19183064907,True,self_funded
PT Setiawan,organization,Citra Narpati,individual,2024-08-29,10099356872,False,
Perum Sihombing Wijayanti,corporation,drg. Tira Siregar,individual,2024-10-17,17674349976,False,
Pemerintah Provinsi Bali,organization,Partai Solidaritas Indonesia,political-party,2025-01-04,1141923888,True,illegal_source
"Puti Vanya Saefullah, M.Kom.",individual,Hana Mangunsong,individual,2025-01-16,1118886209,True,self_funded
R.A. Vicky Utama,individual,Partai Indonesia Maju,political-party,2024-03-31,63860209,False,
Vicky Simbolon,individual,Mahesa Saputra,individual,2025-08-31,91444985,True,smurfing
PT Dongoran Marpaung,organization,Kenzie Nashiruddin,individual,2025-05-31,103115769,True,proxy
Atmaja Lestari,individual,Xanana Nababan,individual,2024-02-10,36565429,True,smurfing
Perum Prastuti,corporation,Partai Demokrat,political-party,2024-08-30,96306083,True,smurfing
PT Mulyani Pudjiastuti,organization,Partai Amanat Rakyat,political-party,2024-04-19,20031755,False,
Gasti Hutapea,individual,"Ir. Arsipatra Hasanah, M.M.",individual,2024-05-10,319592405,False,
CV Hartati Rahayu (Persero) Tbk,corporation,"Putu Sihombing, S.Sos",individual,2024-07-08,1670001420,True,proxy
Naradi Rajasa,individual,Partai Nasional Demokrat,political-party,2024-01-24,127479340,False,
"R.A. Yulia Waskita, S.Gz",individual,Partai Demokrat,political-party,2025-12-27,155857630,False,
"Drs. Mulya Putra, M.Ak",individual,Partai Nasional Demokrat,political-party,2025-11-08,115871880,False,
PD Hakim Uyainah (Persero) Tbk,corporation,"Tgk. Zaenab Saefullah, S.T.",individual,2025-05-12,226303035,True,proxy
Yoga Lestari,individual,Partai Nasional Demokrat,political-party,2024-12-15,54308710,False,
Maria Mulyani,individual,Hani Zulkarnain,individual,2025-01-02,472478862,True,self_funded
PD Suartini (Persero) Tbk,corporation,Winda Andriani,individual,2024-06-27,1039253656,True,proxy
Rafid Mangunsong,individual,Edi Prasasta,individual,2024-03-05,505649423,False,
Kamidin Mahendra,individual,Irma Padmasari,individual,2025-11-04,384029844,False,
UD Thamrin Anggriawan,corporation,Cinta Saputra,individual,2024-06-12,1999710341,True,self_funded
"Sutan Martani Laksmiwati, S.Psi",individual,Tgk. Rina Napitupulu,individual,2025-09-20,2195718651,False,
PD Pudjiastuti Nasyiah Tbk,corporation,Oliva Napitupulu,individual,2025-06-01,8430158252,True,self_funded
R.A. Ayu Winarno,individual,Praba Situmorang,individual,2025-01-21,1335349358,True,self_funded
Diah Uwais,individual,Siti Pratama,individual,2025-01-16,2200411267,False,
UD Oktaviani Utami Tbk,corporation,Jabal Adriansyah,individual,2025-01-27,19653504688,True,self_funded
PT Suryono Laksita,corporation,Drs. Prasetyo Kusumo,individual,2024-03-10,18919507672,True,self_funded
"dr. Raisa Lestari, S.I.Kom",individual,"Dr. Daniswara Saptono, S.Pd",individual,2024-10-04,490190159,False,
CV Pudjiastuti Tbk,organization,Kani Rahimah,individual,2025-05-11,8595659501,False,
"Vera Purnawati, S.Farm",individual,Vivi Haryanto,individual,2025-06-23,1527502281,False,
Oskar Prayoga,individual,Hasim Halimah,individual,2024-05-02,1820211272,False,
UD Laksita Wasita,organization,Partai Nasional Demokrat,political-party,2025-03-11,514894302,False,
CV Rahmawati Tbk,organization,Partai Rakyat Sejahtera,political-party,2025-02-05,1678606742,True,proxy
CV Adriansyah Uwais Tbk,corporation,Uli Rahmawati,individual,2024-10-21,2573825020,True,self_funded
"Nilam Haryanto, M.TI.",individual,"Kartika Thamrin, M.Ak",individual,2024-08-28,1623029227,True,self_funded
Okta Januar,individual,"R.M. Saadat Wahyuni, S.Kom",individual,2024-03-18,1399606787,True,self_funded
PD Wacana Januar Tbk,corporation,Partai Kebangkitan Rakyat,political-party,2025-12-15,1037739131,True,proxy
Farah Salahudin,individual,Bahuraksa Simanjuntak,individual,2025-08-08,245071420,False,
PT Mandasari Putra,corporation,Latika Utami,individual,2024-10-16,1959175574,True,proxy
Ir. Luwar Utami,individual,Umaya Irawan,individual,2024-12-25,72022889,True,smurfing
Taufan Maryati,individual,Ifa Aryani,individual,2024-03-23,1937640136,True,self_funded
PD Maulana Susanti (Persero) Tbk,corporation,"T. Opung Yulianti, S.H.",individual,2025-10-24,9688744126,True,self_funded
CV Marbun Simbolon,organization,Partai Nasional Demokrat,political-party,2025-05-22,1528714252,True,proxy
Titin Puspita,individual,Partai Demokrat,political-party,2024-06-04,142984206,False,
Putu Prasasta,individual,Hj. Ika Farida,individual,2024-10-17,45807054,False,
PD Rahayu Nababan (Persero) Tbk,organization,Partai Kebangkitan Rakyat,political-party,2025-10-10,21723297,True,proxy
Perum Pradipta Pertiwi (Persero) Tbk,corporation,Partai Rakyat Sejahtera,political-party,2025-03-06,622018164,False,
Perum Anggraini Maulana,corporation,Kania Yolanda,individual,2024-12-25,22233881639,False,
PT Puspasari (Persero) Tbk,corporation,Maras Hastuti,individual,2024-01-31,13260379636,False,
PD Wulandari,organization,"Puti Sakura Siregar, S.Kom",individual,2024-03-02,14571228215,False,
UD Anggriawan,corporation,Imam Kusmawati,individual,2024-09-16,610053154,True,proxy
Makara Suwarno,individual,Perkasa Hakim,individual,2024-02-09,535323822,False,
CV Hutasoit Saptono,corporation,Shakila Wibowo,individual,2025-09-25,895502955,False,
PT Oktaviani Siregar Tbk,corporation,Partai Demokrat,political-party,2025-01-01,333077180,False,
PD Santoso,corporation,"Rahmi Latupono, S.Farm",individual,2024-02-19,10160380223,True,self_funded
UD Laksita (Persero) Tbk,corporation,Partai Indonesia Maju,political-party,2025-10-19,268834165,False,
PT Budiman,corporation,Dartono Natsir,individual,2025-11-21,12395202392,True,self_funded
Perum Anggriawan (Persero) Tbk,corporation,Partai Demokrat,political-party,2025-03-26,596455622,False,
"Siti Saputra, S.Sos",individual,Partai Kebangkitan Rakyat,political-party,2024-09-29,88045901,False,
Sakti Marbun,individual,Marwata Sudiati,individual,2024-06-10,470199691,False,
"Dewi Jailani, M.Farm",individual,Partai Nasional Demokrat,political-party,2025-09-16,179769232,False,
PT Usada Tbk,corporation,Nasab Haryanti,individual,2024-05-02,12461921552,False,
PD Mardhiyah Suryatmi,organization,Zizi Halim,individual,2025-07-02,89577088,True,smurfing
"Yani Hastuti, S.Kom",individual,Partai Nasional Demokrat,political-party,2024-10-22,175732993,False,
PT Astuti Santoso,organization,Shania Winarsih,individual,2025-04-09,14925119470,False,
Genta Utama,individual,Partai Persatuan,political-party,2025-04-09,86886748,False,
Ir. Waluyo Hutagalung,individual,Sutan Pranata Utami,individual,2024-05-22,92841087,True,smurfing
Usyi Saputra,individual,Maimunah Gunawan,individual,2024-03-05,121812822,True,self_funded
Perum Budiman Tbk,corporation,Azalea Hariyah,individual,2024-06-07,13816091529,True,self_funded
PT Haryanto,corporation,Ajimat Anggriawan,individual,2025-12-15,945667156,True,proxy
Ayu Wahyuni,individual,Yosef Purwanti,individual,2024-03-14,2042023933,True,self_funded
"T. Ganep Setiawan, M.Ak",individual,"Ika Puspita, S.Ked",individual,2025-02-05,4246091226,True,over_limit
Perum Permata Hidayat Tbk,corporation,Partai Solidaritas Indonesia,political-party,2024-01-18,966807052,True,proxy
PD Zulaika Oktaviani,organization,Dr. Talia Wastuti,individual,2025-08-19,11628117079,False,
Paramita Natsir,individual,Karman Ramadan,individual,2025-11-26,1197254387,True,self_funded
UD Gunarto Pradipta (Persero) Tbk,corporation,Maria Santoso,individual,2025-03-24,358908781,True,proxy
Perum Wijaya Tbk,corporation,Laras Wahyuni,individual,2024-12-03,7413114289,True,self_funded
"Zulaikha Adriansyah, S.Psi",individual,Partai Solidaritas Indonesia,political-party,2025-12-13,27367624,False,
CV Suryono,corporation,Partai Harapan Bangsa,political-party,2025-02-26,326851038,False,
"R.M. Luthfi Najmudin, S.Farm",individual,Partai Amanat Rakyat,political-party,2024-12-12,46370352,False,
UD Wastuti Wijaya (Persero) Tbk,corporation,Prabowo Kuswandari,individual,2025-08-27,19027495623,False,
"Dt. Candra Prakasa, M.Pd",individual,Sutan Tirta Wacana,individual,2025-03-24,749391092,False,
"Danang Sirait, M.Kom.",individual,KH. Prakosa Widiastuti,individual,2024-09-20,45011656,True,smurfing
Aisyah Pudjiastuti,individual,"R.A. Puti Uwais, M.Pd",individual,2024-01-20,911159122,True,self_funded
Kenari Nainggolan,individual,R.A. Halima Damanik,individual,2025-11-27,938727029,False,
Irfan Andriani,individual,Sutan Emil Puspasari,individual,2024-04-19,814877472,True,self_funded
Muni Widodo,individual,Pangeran Maheswara,individual,2024-04-04,846521512,True,self_funded
CV Nainggolan Sihombing (Persero) Tbk,organization,Labuh Namaga,individual,2024-02-17,37357251888,True,over_limit
Perum Najmudin Situmorang,corporation,Kambali Halimah,individual,2025-03-09,8293368660,False,
CV Wibisono (Persero) Tbk,corporation,Partai Amanat Rakyat,political-party,2025-10-05,714321858,False,
Maimunah Pertiwi,individual,Clara Mandasari,individual,2024-12-13,94756397,True,smurfing
PD Prabowo Hasanah Tbk,organization,Partai Indonesia Maju,political-party,2025-02-27,162619492,True,proxy
PD Sihotang,corporation,Eka Zulkarnain,individual,2025-06-20,28786059,True,smurfing
Perum Winarsih Permata,organization,drg. Edward Lestari,individual,2025-02-09,168583242,True,proxy
PT Tarihoran Habibi,corporation,Partai Nasional Demokrat,political-party,2024-02-01,1834227515,True,proxy
Ana Lazuardi,individual,Cagak Megantara,individual,2025-06-18,74613376,True,smurfing
"Dian Uyainah, M.Kom.",individual,Teddy Budiman,individual,2025-03-21,3242392557,True,over_limit
Cawisono Simanjuntak,individual,"dr. Cemeti Situmorang, M.Pd",individual,2025-03-04,12370304,True,smurfing
CV Napitupulu,organization,Calista Firgantoro,individual,2025-11-18,1960542509,True,proxy
CV Putra (Persero) Tbk,organization,Partai Rakyat Sejahtera,political-party,2024-06-11,584072853,True,proxy
Kania Rajata,individual,Argono Kuswoyo,individual,2025-11-30,252920892,False,
PD Simbolon Sirait,corporation,"dr. Estiawan Andriani, S.T.",individual,2025-10-10,33768568873,True,over_limit
Yusuf Mardhiyah,individual,Juli Yuliarti,individual,2025-06-21,293909704,True,self_funded
Perum Salahudin Handayani,corporation,Fitria Sinaga,individual,2025-05-14,5079327085,True,self_funded
PT Utami Tbk,corporation,Partai Indonesia Maju,political-party,2025-04-21,589789449,False,
Perum Sihotang Pertiwi,corporation,Partai Harapan Bangsa,political-party,2024-09-18,552191909,True,proxy
Cengkal Siregar,individual,Tina Wastuti,individual,2024-08-06,1125401146,True,self_funded
UD Hidayanto Usamah Tbk,corporation,"Endra Laksmiwati, M.Kom.",individual,2025-10-27,15393428453,False,
"H. Limar Wibisono, S.Pt",individual,Hesti Pratiwi,individual,2024-09-05,193571244,False,
"Jaya Siregar, M.Farm",individual,"R.A. Eka Tamba, S.Pt",individual,2024-03-29,783316030,True,self_funded
Galih Dabukke,individual,Partai Indonesia Maju,political-party,2024-05-18,76767090,False,
PD Halimah,corporation,R. Wira Megantara,individual,2025-12-03,263292142,True,proxy
Ajeng Zulkarnain,individual,Partai Indonesia Maju,political-party,2025-11-09,65293685,False,
Heru Pertiwi,individual,Partai Nasional Demokrat,political-party,2025-08-12,5221730,False,
CV Simanjuntak Januar,corporation,"Shania Mahendra, M.M.",individual,2025-06-02,5203314948,True,self_funded
Janet Fujiati,individual,Ir. Sarah Hidayat,individual,2024-06-05,2443102713,True,self_funded
"Siska Puspita, M.Kom.",individual,Partai Keadilan Indonesia,political-party,2025-09-01,118626829,False,
Jono Yulianti,individual,Puti Wijayanti,individual,2025-01-27,2050834559,False,
Prayogo Namaga,individual,Partai Solidaritas Indonesia,political-party,2025-03-25,155550620,False,
PT Winarno,corporation,Mahdi Hasanah,individual,2024-02-26,1682976784,True,proxy
"R.A. Cornelia Prasetya, M.Kom.",individual,Partai Persatuan,political-party,2024-02-14,89885913,False,
Pemkot Bogor,organization,Dian Puspasari,individual,2025-05-11,30338963732,True,illegal_source
PT Yolanda Tbk,corporation,Adinata Wahyuni,individual,2024-02-25,4694518888,True,self_funded
PT Nababan Tampubolon,organization,Partai Nasional Demokrat,political-party,2025-01-28,375505967,False,
Kambali Nainggolan,individual,Laila Nainggolan,individual,2024-06-05,1033976233,True,self_funded
PD Salahudin,corporation,Zelaya Sudiati,individual,2024-02-01,10378781556,True,self_funded
CV Samosir Haryanto,corporation,Sarah Sihotang,individual,2025-03-29,231420665,True,proxy
Perum Habibi Tamba (Persero) Tbk,organization,Diana Nababan,individual,2025-09-25,8578554,True,smurfing
PT Wijayanti,corporation,Partai Rakyat Sejahtera,political-party,2025-02-01,231033405,False,
Perum Siregar (Persero) Tbk,corporation,Zelaya Padmasari,individual,2025-08-18,13332264275,False,
PT Sudiati Prabowo Tbk,corporation,Zizi Melani,individual,2024-10-13,5179065633,True,self_funded
PD Marpaung Januar,corporation,Kacung Wacana,individual,2025-09-02,73675842,True,smurfing
BUMD Energi Nusantara,organization,"Dadap Suwarno, S.I.Kom",individual,2025-10-31,11145849385,True,illegal_source
PD Pradipta Puspita,organization,Indah Halim,individual,2024-05-09,857148048,True,proxy
PT Salahudin Tbk,corporation,"Sutan Leo Iswahyudi, M.Farm",individual,2024-03-14,62307968,True,smurfing
PT Farida Aryani,corporation,Partai Nasional Demokrat,political-party,2025-04-30,486849697,True,proxy
CV Kuswoyo Nasyiah,corporation,Partai Kebangkitan Rakyat,political-party,2024-12-22,1720817621,True,proxy
Perum Mangunsong,organization,T. Tasdik Pranowo,individual,2025-04-20,21657659791,False,
"Puti Intan Rahimah, M.Pd",individual,Hamima Nainggolan,individual,2024-01-05,6393067,True,smurfing
Perum Melani Hasanah,corporation,Warji Saefullah,individual,2024-08-09,10936833026,True,self_funded
R. Maria Firgantoro,individual,drg. Jono Nasyidah,individual,2025-11-21,878650511,True,self_funded
PT Wibowo Utama,corporation,Partai Kebangkitan Rakyat,political-party,2024-02-07,1366070544,True,proxy
Perum Agustina,corporation,Chelsea Pranowo,individual,2025-06-17,1830026141,True,proxy
CV Prasasta Mangunsong Tbk,organization,Partai Rakyat Sejahtera,political-party,2024-04-07,367138981,False,
UD Hassanah Novitasari (Persero) Tbk,corporation,Partai Kebangkitan Rakyat,political-party,2024-12-09,18150720,False,
Faizah Adriansyah,individual,"Drs. Aswani Anggriawan, M.M.",individual,2025-12-05,770710526,True,self_funded
PT Novitasari Jailani Tbk,corporation,Gawati Suryono,individual,2024-07-14,89813138,True,smurfing
CV Ardianto Budiman,corporation,Partai Indonesia Maju,political-party,2025-10-31,39074343,True,smurfing
PT Mandasari,corporation,Yance Hastuti,individual,2024-11-16,395719540,True,proxy
Hana Namaga,individual,Cut Restu Prasetyo,individual,2024-05-14,10598996,True,self_funded
CV Prasasta Padmasari,corporation,"Drs. Jati Hariyah, S.IP",individual,2025-02-21,133151023,True,proxy
"R.M. Rizki Prasasta, S.Psi",individual,Safina Halimah,individual,2024-04-29,1327190959,False,
dr. Indah Mahendra,individual,Partai Indonesia Maju,political-party,2025-07-20,42486259,True,smurfing
Dadap Nasyiah,individual,Partai Kebangkitan Rakyat,political-party,2024-12-14,378169938,True,over_limit
Cahyadi Maheswara,individual,Yuliana Zulkarnain,individual,2025-07-08,499035048,False,
PT PLN (Persero),corporation,Luwes Thamrin,individual,2024-07-05,25129191104,True,illegal_source
T. Ganda Lestari,individual,Partai Keadilan Indonesia,political-party,2024-11-01,53325250,True,smurfing
CV Napitupulu Kuswandari (Persero) Tbk,corporation,Partai Nasional Demokrat,political-party,2024-05-01,7015868,False,
Gandewa Mayasari,individual,"Dt. Jindra Prastuti, S.Pt",individual,2025-08-12,303087719,False,
UD Purnawati Siregar Tbk,corporation,Aisyah Siregar,individual,2024-09-08,1094663541,False,
PT Wulandari Permadi,organization,Partai Demokrat,political-party,2024-11-10,64352950,False,
UD Mangunsong Tbk,corporation,Paiman Santoso,individual,2024-07-19,15194847345,False,
Mala Permadi,individual,Dt. Kayun Prasetya,individual,2025-03-13,934097338,True,self_funded
CV Halimah,corporation,Kania Mustofa,individual,2024-01-13,3544679283,True,self_funded
UD Rahmawati,corporation,Partai Kebangkitan Rakyat,political-party,2024-01-10,22085575,False,
"Puspa Hasanah, M.Kom.",individual,Nabila Farida,individual,2025-12-13,769928214,False,
CV Permadi Tbk,organization,Partai Rakyat Sejahtera,political-party,2024-06-30,1574598956,True,over_limit
CV Permata Lestari Tbk,corporation,Partai Solidaritas Indonesia,political-party,2025-02-09,88973741,True,smurfing
PT Nurdiyanti,organization,Partai Solidaritas Indonesia,political-party,2025-05-26,443719,True,smurfing
Balangga Sirait,individual,Ismail Hidayanto,individual,2025-08-25,2173957894,False,
PD Hutasoit,organization,Partai Keadilan Indonesia,political-party,2024-11-30,541798682,True,proxy
Perum Sihotang Tbk,organization,Galih Lestari,individual,2025-08-16,28885165,True,smurfing
UD Pertiwi Wahyudin,corporation,"Hj. Lidya Hidayanto, S.Farm",individual,2025-11-11,1682610091,True,proxy
Jamal Adriansyah,individual,Partai Nasional Demokrat,political-party,2025-02-06,33686417,False,
PT Safitri Sitorus,organization,"Amelia Mulyani, S.I.Kom",individual,2025-11-20,61776764,True,smurfing
PT Purwanti,corporation,Vanya Irawan,individual,2024-09-23,22352177443,False,
Bakiadi Padmasari,individual,"Puti Syahrini Jailani, S.Pd",individual,2024-05-04,2243324285,False,
PD Padmasari Jailani (Persero) Tbk,corporation,"R.M. Muni Mahendra, S.Kom",individual,2025-09-10,17625576616,False,
"R. Patricia Suartini, S.E.",individual,Jati Yulianti,individual,2024-08-14,1699036297,False,
PD Purnawati,corporation,Partai Solidaritas Indonesia,political-party,2025-07-22,447300597,False,
PD Hasanah Adriansyah,organization,Partai Persatuan,political-party,2024-11-28,32073308,True,smurfing
"dr. Garda Sitompul, M.Farm",individual,Partai Persatuan,political-party,2024-04-20,125379396,False,
UD Hutagalung Sihotang,corporation,Partai Harapan Bangsa,political-party,2024-07-11,418018399,False,
"R. Restu Nuraini, S.Kom",individual,Warsa Dabukke,individual,2024-07-23,2462895107,True,self_funded
Tgk. Zalindra Zulaika,individual,Kamaria Usamah,individual,2024-06-14,41089672,True,smurfing
PT Firgantoro,organization,Nasab Sitorus,individual,2025-09-16,99812305,True,smurfing
PT Hariyah Lazuardi,corporation,"Rafi Mangunsong, M.Kom.",individual,2025-12-25,46285495585,True,over_limit
Jessica Sinaga,individual,Partai Solidaritas Indonesia,political-party,2024-01-19,170477760,False,
"Devi Nuraini, S.T.",individual,Partai Keadilan Indonesia,political-party,2024-03-09,147961086,False,
Purwanto Rahimah,individual,Dr. Nalar Pradipta,individual,2025-04-22,22340559,True,smurfing
Eluh Manullang,individual,Garda Ramadan,individual,2024-08-28,409209776,False,
"Drs. Rahmi Marpaung, S.Farm",individual,Partai Rakyat Sejahtera,political-party,2025-09-30,84587693,True,smurfing
PT Anggraini Zulaika (Persero) Tbk,corporation,Rafi Riyanti,individual,2025-02-21,734681971,True,proxy
Asirwanda Nashiruddin,individual,Partai Persatuan,political-party,2025-09-22,155319407,False,
PT Tarihoran Gunarto Tbk,organization,Narji Haryanto,individual,2025-01-22,11429961870,False,
Upik Adriansyah,individual,Partai Amanat Rakyat,political-party,2025-06-01,109819372,False,
Perum Nugroho Winarno,corporation,R. Puspa Sitompul,individual,2024-09-23,24431272884,True,self_funded
UD Usada,corporation,Daliman Kuswandari,individual,2024-03-31,1959900501,True,proxy
PT Pranowo,corporation,"Joko Hutapea, M.M.",individual,2025-09-14,97950281,True,smurfing
PD Utami (Persero) Tbk,corporation,"drg. Okto Salahudin, S.E.I",individual,2025-03-25,10783436238,True,self_funded
"Dt. Ibun Sudiati, M.Kom.",individual,Lanang Zulkarnain,individual,2025-02-11,1035162125,False,
Perum Salahudin Simbolon (Persero) Tbk,corporation,Cut Dina Mangunsong,individual,2024-09-13,81153987,True,smurfing
Nilam Hutapea,individual,"Dr. Tira Dongoran, S.Kom",individual,2024-01-26,1071199315,False,
"Dr. Lukita Hidayanto, M.TI.",individual,Endah Rahimah,individual,2025-01-27,2186913919,False,
PD Wahyuni Palastri,organization,Puti Saptono,individual,2025-01-06,247325455,True,proxy
CV Sirait Rahayu Tbk,corporation,Partai Amanat Rakyat,political-party,2024-02-28,343928015,False,
Asman Pranowo,individual,R.A. Hafshah Saragih,individual,2025-04-20,2068679444,False,
UD Riyanti Purnawati,corporation,Maida Maheswara,individual,2024-12-30,39708750661,True,over_limit
PD Sitorus Nasyidah,corporation,"Dr. Janet Hardiansyah, S.Kom",individual,2025-05-31,3169135638,False,
Jaiman Hassanah,individual,"Puji Puspasari, M.Pd",individual,2024-05-17,2017885621,False,
UD Tampubolon (Persero) Tbk,corporation,Caturangga Riyanti,individual,2024-02-13,18259778184,True,self_funded
Emas Utama,individual,"Karta Suartini, S.E.I",individual,2025-01-02,1706847826,False,
PD Ardianto Waskita (Persero) Tbk,corporation,Kamila Yuliarti,individual,2025-09-17,203665937,True,proxy
UD Suartini,organization,"drg. Agus Oktaviani, M.Farm",individual,2024-11-20,397513872,True,proxy
Perum Padmasari Tamba,corporation,Partai Indonesia Maju,political-party,2025-07-16,327724101,False,
"Dt. Panji Laksmiwati, S.T.",individual,Violet Pudjiastuti,individual,2025-05-13,1907368767,True,self_funded
PD Saptono Nasyidah Tbk,corporation,"dr. Jati Pangestu, S.Psi",individual,2024-12-09,16530384505,True,self_funded
PT Lazuardi,corporation,Partai Kebangkitan Rakyat,political-party,2025-07-13,620017807,False,
UD Suryatmi Tbk,organization,Partai Kebangkitan Rakyat,political-party,2024-05-29,92401723,True,smurfing
"Michelle Latupono, S.T.",individual,Partai Indonesia Maju,political-party,2024-03-12,5861884,False,
CV Lestari Mahendra Tbk,corporation,Bagas Purnawati,individual,2025-03-30,12786487569,True,self_funded
Perum Mangunsong Tbk,corporation,R.M. Najib Yuniar,individual,2025-04-30,6370788401,False,
UD Wibowo Hariyah,organization,Mutia Suryono,individual,2024-10-18,45203318,True,smurfing
PT Wacana,corporation,Galang Suryatmi,individual,2025-07-31,596861064,True,self_funded
PT Sihombing,corporation,Galar Nurdiyanti,individual,2025-04-12,14350994541,False,
Perum Melani (Persero) Tbk,corporation,Gandi Dabukke,individual,2024-07-11,19662297453,False,
KH. Daliono Sudiati,individual,"Yuliana Palastri, S.Gz",individual,2024-05-28,977969065,False,
"Cakrawangsa Nurdiyanti, S.H.",individual,Prabu Anggriawan,individual,2025-12-18,1223905299,False,
Pemkot Bogor,organization,"Indra Melani, S.I.Kom",individual,2024-01-15,24071426249,True,illegal_source
drg. Rachel Rahimah,individual,Gamani Siregar,individual,2025-06-30,1527573227,False,
PT Haryanto Puspita (Persero) Tbk,organization,"Dt. Yahya Sihombing, S.Psi",individual,2024-02-10,359535027,False,
Hendri Usamah,individual,Partai Keadilan Indonesia,political-party,2024-03-13,107307528,False,
UD Habibi Tbk,corporation,"Dr. Ika Hardiansyah, S.Sos",individual,2024-10-06,13917304131,True,self_funded
PD Mardhiyah Santoso,corporation,"Sabrina Mahendra, S.Kom",individual,2025-05-29,15251177042,True,self_funded
PD Pertiwi Hutagalung,corporation,"R.M. Baktianto Mustofa, S.Pt",individual,2024-03-07,14017208337,True,self_funded
CV Kusumo Hutasoit Tbk,organization,Partai Amanat Rakyat,political-party,2024-01-18,1801913224,True,proxy
PD Mustofa Wibowo,corporation,Jarwi Marbun,individual,2025-08-24,21019359139,True,self_funded
Perum Mangunsong Agustina (Persero) Tbk,organization,Partai Nasional Demokrat,political-party,2025-10-09,1035796940,True,over_limit
PT Pudjiastuti,corporation,Jamal Widiastuti,individual,2024-08-22,4838326333,False,
PT Santoso Astuti,corporation,Partai Demokrat,political-party,2024-09-08,84315566,True,smurfing
CV Pudjiastuti Simanjuntak Tbk,corporation,Zulfa Nugroho,individual,2025-09-15,2157671065,False,
PD Andriani Agustina,corporation,Partai Harapan Bangsa,political-party,2024-12-23,731172900,True,proxy
Mulyanto Haryanto,individual,Adika Wijaya,individual,2024-08-11,2282542525,True,self_funded
PT Pertamina (Persero),corporation,Partai Rakyat Sejahtera,political-party,2025-05-14,17197600,True,illegal_source
PD Kusmawati Tbk,corporation,drg. Jessica Uwais,individual,2025-06-13,47396328,True,smurfing
Johan Padmasari,individual,Partai Indonesia Maju,political-party,2024-10-21,84794298,False,
PT Utami (Persero) Tbk,organization,Partai Harapan Bangsa,political-party,2025-10-01,62788115,True,smurfing
Perum Kusmawati,corporation,Hasta Uyainah,individual,2024-04-01,267138515,True,proxy
Perum Zulkarnain Tbk,organization,Irsad Ramadan,individual,2025-10-02,1528661275,True,proxy
"Salimah Sihombing, S.E.",individual,"R.A. Ghaliyati Natsir, S.Pd",individual,2024-03-11,1194743307,True,self_funded
PD Prastuti Tbk,corporation,"Tgk. Bagas Pratiwi, S.E.I",individual,2024-07-16,5421539310,False,
PD Kuswandari Tarihoran,corporation,Partai Harapan Bangsa,political-party,2024-10-28,66067652,False,
CV Putra Wibisono,organization,Partai Solidaritas Indonesia,political-party,2024-10-01,1429136379,True,proxy
Lidya Tamba,individual,H. Bakiono Puspasari,individual,2025-04-26,1455988264,True,self_funded
PT Mahendra,corporation,Sutan Karman Megantara,individual,2024-12-21,15927693261,True,self_funded
UD Hutasoit Tbk,organization,"Diana Wasita, M.Ak",individual,2024-08-17,67159309,True,smurfing
CV Lestari Narpati (Persero) Tbk,corporation,"Zulfa Nasyidah, S.Farm",individual,2024-02-22,20991517812,False,
"Aslijan Hutagalung, M.Ak",individual,Partai Demokrat,political-party,2025-09-30,173557314,False,
Drs. Zulaikha Hutagalung,individual,Ilyas Permata,individual,2025-08-24,979611153,False,
BUMN Mina Permai,corporation,Partai Kebangkitan Rakyat,political-party,2024-05-21,198256483,True,illegal_source
"drg. Ciaobella Jailani, S.E.",individual,Partai Demokrat,political-party,2024-10-10,11904835,False,
Perum Suartini Pudjiastuti,corporation,Darijan Sinaga,individual,2025-08-06,5685676471,True,self_funded
CV Maryadi,corporation,Daniswara Manullang,individual,2024-04-01,876447250,True,proxy
UD Novitasari,organization,R. Eka Rajata,individual,2024-09-14,946663218,True,proxy
Respati Hartati,individual,Partai Amanat Rakyat,political-party,2025-02-09,137547449,False,
PD Pangestu,organization,Kala Mandasari,individual,2024-06-04,459509940,True,proxy
"Rachel Lazuardi, S.H.",individual,Rahayu Wibowo,individual,2024-08-23,157707615,False,
PT Permadi,organization,Hamima Sudiati,individual,2024-10-19,15735798840,False,
PD Puspasari Dabukke (Persero) Tbk,organization,"Kamal Setiawan, S.Sos",individual,2025-01-16,17787797707,False,
Endra Wahyudin,individual,Partai Kebangkitan Rakyat,political-party,2024-02-22,174603145,False,
PD Ardianto Hakim Tbk,corporation,Partai Solidaritas Indonesia,political-party,2025-03-11,240655969,False,
CV Fujiati Prasasta Tbk,corporation,"Najib Mangunsong, S.Farm",individual,2024-05-13,19215509864,True,self_funded
"Baktianto Pertiwi, M.Kom.",individual,Upik Namaga,individual,2025-05-21,1458175768,False,
CV Suwarno Santoso,corporation,Agus Susanti,individual,2025-07-08,14836557590,True,self_funded
CV Wastuti (Persero) Tbk,corporation,Septi Nuraini,individual,2025-03-26,1968663094,True,self_funded
BUMN Mina Permai,corporation,Partai Rakyat Sejahtera,political-party,2024-09-20,9855584,True,illegal_source
Umay Putra,individual,"Puti Novi Hartati, M.Ak",individual,2024-01-12,715723253,False,
Warta Zulkarnain,individual,Dipa Nashiruddin,individual,2024-03-16,1864598705,False,
"R.A. Nurul Tarihoran, S.Kom",individual,Partai Indonesia Maju,political-party,2024-09-24,100851614,False,
PT PLN (Persero),corporation,"Puti Raisa Riyanti, M.TI.",individual,2024-10-25,5682538896,True,illegal_source
Perum Saputra (Persero) Tbk,corporation,"Cut Zahra Marbun, M.Kom.",individual,2025-08-07,1725347552,True,proxy
CV Haryanto Tbk,corporation,Partai Solidaritas Indonesia,political-party,2025-07-19,78670068,True,proxy
Pemkot Bogor,organization,Nugraha Farida,individual,2024-12-07,7340056419,True,illegal_source
Farhunnisa Maulana,individual,Partai Persatuan,political-party,2025-05-03,9958312,False,
CV Wahyuni,organization,"drg. Kalim Haryanti, S.Sos",individual,2024-09-07,719405533,True,proxy
Empluk Zulaika,individual,"Estiawan Lailasari, M.Ak",individual,2025-09-26,789796871,False,
"Drs. Lantar Firgantoro, S.E.",individual,Partai Solidaritas Indonesia,political-party,2024-03-23,171082624,False,
Zizi Zulkarnain,individual,Partai Harapan Bangsa,political-party,2025-04-07,6691758,False,
PD Haryanti,corporation,Partai Demokrat,political-party,2024-09-25,560823324,False,
Kania Pradana,individual,Partai Demokrat,political-party,2024-10-31,146055317,False,
PT Pradana Tbk,corporation,Partai Amanat Rakyat,political-party,2024-04-07,242910346,False,
drg. Virman Simanjuntak,individual,Partai Indonesia Maju,political-party,2025-03-13,47725350,False,
Perum Kurniawan (Persero) Tbk,organization,Kamaria Lestari,individual,2025-09-24,7176083700,False,
UD Putra Pudjiastuti Tbk,corporation,Edward Sihotang,individual,2024-02-09,22021490895,False,
Pemerintah Provinsi Bali,organization,"Galih Maryadi, M.M.",individual,2024-02-23,33243673786,True,illegal_source
dr. Tania Wijayanti,individual,dr. Titin Maheswara,individual,2024-08-24,248664286,False,
UD Sitorus Mahendra (Persero) Tbk,corporation,Fitria Mardhiyah,individual,2024-11-06,82673548,True,self_funded
Damar Nugroho,individual,"Tgk. Mustofa Maryati, S.Gz",individual,2025-08-04,596304059,False,
Ciaobella Hastuti,individual,Maria Fujiati,individual,2025-10-11,1701732734,False,
UD Rajata Tbk,organization,Cawisadi Prasetya,individual,2025-10-25,1706602239,True,proxy
UD Pratiwi Tbk,corporation,Reza Waskita,individual,2024-01-09,12012464177,False,
Hasna Simbolon,individual,Cemplunk Tampubolon,individual,2025-10-08,1145213789,False,
PD Laksmiwati (Persero) Tbk,corporation,"Lanang Narpati, S.I.Kom",individual,2024-08-25,8109870030,True,self_funded
PT Utama Usamah (Persero) Tbk,corporation,Partai Harapan Bangsa,political-party,2025-08-27,874294374,True,proxy
"Ida Kusmawati, S.Pd",individual,Partai Rakyat Sejahtera,political-party,2025-08-08,48789409,True,smurfing
Lalita Rajata,individual,"Usyi Wahyuni, M.Ak",individual,2025-05-01,2416953731,True,self_funded
CV Maryati,corporation,"Drs. Jumari Sinaga, S.E.I",individual,2025-11-30,12306189370,True,self_funded
CV Uyainah Tamba (Persero) Tbk,corporation,Partai Indonesia Maju,political-party,2025-09-15,391572374,False,
Zelda Budiman,individual,Tgk. Eli Wijayanti,individual,2025-03-24,2059987480,False,
PT Najmudin Mayasari,corporation,Partai Demokrat,political-party,2025-06-05,52586521,False,
Perum Sihotang (Persero) Tbk,corporation,Partai Persatuan,political-party,2025-07-13,1209201692,True,over_limit
Perum Santoso Iswahyudi Tbk,corporation,"dr. Elvina Latupono, S.Sos",individual,2024-11-06,13732229,True,smurfing
Lasmono Nashiruddin,individual,Partai Rakyat Sejahtera,political-party,2024-07-24,173929576,False,
CV Oktaviani (Persero) Tbk,corporation,Paiman Pratama,individual,2024-05-24,13648659406,False,
Perum Wahyuni Napitupulu (Persero) Tbk,corporation,"H. Bagus Wahyudin, S.T.",individual,2024-05-19,5112407691,True,self_funded
UD Mahendra,corporation,"Bakiman Novitasari, M.Kom.",individual,2025-04-24,3331237335,True,self_funded
"drg. Wira Maulana, S.E.",individual,"Ir. Karta Rahayu, S.E.I",individual,2025-12-18,580307272,True,self_funded
PT Prabowo,corporation,Cut Usyi Saragih,individual,2024-05-25,1587358166,True,proxy
Hj. Rika Rajasa,individual,Partai Keadilan Indonesia,political-party,2024-09-21,23743576,False,
UD Salahudin Saefullah (Persero) Tbk,corporation,Adhiarja Astuti,individual,2024-02-29,6384051984,False,
CV Uwais Tarihoran,corporation,Olivia Adriansyah,individual,2025-04-19,692029546,True,proxy
PT Pertiwi Halim Tbk,corporation,"Drs. Wirda Januar, M.TI.",individual,2025-07-11,1040718104,True,self_funded
UD Pertiwi Aryani,corporation,"Maimunah Nurdiyanti, S.E.I",individual,2025-10-07,1696593025,True,proxy
Daniswara Setiawan,individual,"Heryanto Adriansyah, S.E.",individual,2025-05-19,393461576,False,
Usman Prasasta,individual,Partai Persatuan,political-party,2024-03-16,97975177,False,
PD Wibisono Hastuti,corporation,Puti Kusmawati,individual,2024-08-06,18781959156,False,
KH. Damar Wastuti,individual,Rahayu Yolanda,individual,2025-12-16,380082597,False,
UD Mulyani,corporation,"Darimin Kuswandari, S.Pd",individual,2024-12-21,13168202176,True,self_funded
Julia Rajata,individual,Cahyanto Prasetyo,individual,2024-08-19,1568817638,False,
UD Hasanah Nasyiah,corporation,Talia Natsir,individual,2024-05-29,10869610990,False,
Eka Mahendra,individual,Partai Amanat Rakyat,political-party,2025-04-13,168949991,False,
Puti Lidya Saragih,individual,Partai Kebangkitan Rakyat,political-party,2024-07-31,140650805,False,
CV Situmorang Marbun (Persero) Tbk,corporation,Dartono Tarihoran,individual,2025-01-28,19065179621,False,
Perum Fujiati,organization,"Gantar Nugroho, S.Ked",individual,2025-11-03,775483343,True,proxy
Kania Suryatmi,individual,Yance Puspasari,individual,2025-09-21,1019931414,False,
"KH. Gaiman Sihotang, S.Gz",individual,Partai Kebangkitan Rakyat,political-party,2024-07-29,60206007,True,smurfing
Laila Waskita,individual,"Tgk. Mahmud Kurniawan, S.T.",individual,2024-02-18,666225859,False,
PD Waskita (Persero) Tbk,corporation,"Ulya Permadi, S.Gz",individual,2025-10-27,6205953006,False,
UD Prayoga Farida,corporation,Dt. Emong Farida,individual,2024-01-03,19868251284,False,
UD Suwarno Halimah,organization,Partai Rakyat Sejahtera,political-party,2025-02-19,10380273,True,smurfing
PT Prayoga Nababan,corporation,Michelle Siregar,individual,2024-05-22,5805297169,True,self_funded
CV Prabowo (Persero) Tbk,corporation,Prayitna Astuti,individual,2025-04-30,2044503144,True,self_funded
Perum Sihotang Tbk,organization,Raina Hutagalung,individual,2025-08-06,14820842762,False,
CV Hariyah,corporation,Partai Demokrat,political-party,2024-10-12,260779378,False,
UD Nasyiah Palastri,organization,"drg. Fitriani Hidayanto, S.H.",individual,2025-11-05,13050361416,False,
"Ir. Empluk Usamah, S.Psi",individual,Jessica Purnawati,individual,2024-10-02,689577126,False,
"Carub Pudjiastuti, M.Kom.",individual,Partai Amanat Rakyat,political-party,2024-08-03,109751574,False,
UD Siregar Tbk,organization,Drs. Olga Prasetyo,individual,2025-03-25,21651228174,False,
Perum Astuti Kurniawan (Persero) Tbk,corporation,Partai Demokrat,political-party,2025-05-17,1223215137,True,proxy
CV Gunarto Gunawan Tbk,organization,Xanana Mansur,individual,2024-05-31,504969724,True,proxy
UD Puspita,organization,Partai Persatuan,political-party,2025-07-31,39793020,True,smurfing
UD Hidayanto,corporation,Malik Wulandari,individual,2025-09-24,2566336976,False,
Zelda Pratama,individual,Usman Januar,individual,2024-04-18,99070154,True,smurfing
Tgk. Jarwi Saragih,individual,Lanang Kusmawati,individual,2025-05-14,484165110,False,
"Elvina Nainggolan, S.Sos",individual,"Dt. Banawi Namaga, S.Sos",individual,2024-06-30,463637890,True,self_funded
"Dr. Victoria Rahayu, M.Kom.",individual,Sarah Nababan,individual,2024-09-27,1718450355,False,
Prakosa Halim,individual,Ade Astuti,individual,2025-02-07,1668955089,False,
Ir. Bakianto Yuliarti,individual,"Ikhsan Santoso, S.Ked",individual,2025-04-29,1138656199,True,self_funded
Perum Manullang,corporation,Partai Amanat Rakyat,political-party,2025-11-30,1667033387,True,proxy
"drg. Najwa Irawan, M.Kom.",individual,Uli Waluyo,individual,2025-12-26,12647904,True,self_funded
UD Yuliarti Purnawati (Persero) Tbk,corporation,Halima Adriansyah,individual,2024-02-17,1517264721,False,
CV Wahyuni (Persero) Tbk,corporation,Shakila Mardhiyah,individual,2025-02-19,19057628413,False,
"Dr. Zalindra Purwanti, S.H.",individual,"Jayadi Hidayat, S.Gz",individual,2025-10-14,710166568,False,
"Febi Zulkarnain, S.Farm",individual,Partai Persatuan,political-party,2025-05-05,20799357,False,
Ismail Siregar,individual,Partai Keadilan Indonesia,political-party,2025-10-07,45606405,True,smurfing
PT Yuliarti Pradana (Persero) Tbk,corporation,Partai Nasional Demokrat,political-party,2025-01-23,1604889096,True,proxy
CV Ardianto Saptono Tbk,organization,Nabila Fujiati,individual,2024-10-21,3709615642,False,
Viman Palastri,individual,Paulin Prabowo,individual,2025-05-27,405374653,False,
"dr. Raisa Zulaika, S.Sos",individual,"Dr. Mahdi Tampubolon, S.Pt",individual,2025-04-20,61336913,True,self_funded
CV Mayasari Siregar,corporation,Partai Solidaritas Indonesia,political-party,2024-03-12,335832353,False,
CV Puspita Pudjiastuti,corporation,Partai Rakyat Sejahtera,political-party,2025-05-18,319528557,True,proxy
Ayu Uwais,individual,Partai Indonesia Maju,political-party,2024-09-04,162343834,False,
Latika Firgantoro,individual,Drs. Nabila Pratama,individual,2024-02-27,2411919121,True,self_funded
Perum Mardhiyah Marbun,organization,Partai Amanat Rakyat,political-party,2025-08-09,132321973,True,proxy
Teddy Suryono,individual,Hana Samosir,individual,2024-11-22,1312326567,False,
UD Habibi Mardhiyah,organization,Partai Indonesia Maju,political-party,2025-04-18,209509391,False,
UD Nuraini Sudiati,corporation,Partai Demokrat,political-party,2025-08-30,627677489,True,proxy
"Puti Anastasia Irawan, S.Ked",individual,Lutfan Lestari,individual,2024-12-04,1777381437,False,
UD Safitri,organization,Partai Indonesia Maju,political-party,2024-02-24,1906108406,True,proxy
Martana Rajasa,individual,"Taswir Sihombing, S.Kom",individual,2025-09-12,725062881,True,self_funded
Malika Ramadan,individual,Rahayu Yuliarti,individual,2025-04-01,2167539428,False,
CV Puspasari Nababan (Persero) Tbk,corporation,Partai Persatuan,political-party,2024-02-20,48481171,True,smurfing
Jessica Permata,individual,Tirta Damanik,individual,2025-07-27,2493357422,True,self_funded
PD Saefullah Ardianto (Persero) Tbk,corporation,Harsana Novitasari,individual,2024-12-12,21529510637,True,self_funded
UD Usamah,corporation,Humaira Suwarno,individual,2025-04-06,248603825,True,proxy
"Ganda Novitasari, S.Gz",individual,Lidya Andriani,individual,2024-08-30,835330377,False,
T. Yosef Saptono,individual,Partai Demokrat,political-party,2024-07-24,126163420,False,
Galih Wahyuni,individual,Partai Amanat Rakyat,political-party,2024-01-20,62685866,False,
UD Uyainah,organization,Partai Rakyat Sejahtera,political-party,2025-12-23,219184226,False,
CV Halimah Pangestu,corporation,Partai Indonesia Maju,political-party,2024-09-07,430026033,True,proxy
Luwar Salahudin,individual,Partai Amanat Rakyat,political-party,2025-11-23,13114600,False,
PD Uwais Kuswandari,corporation,Puti Syahrini Saragih,individual,2024-09-15,1693145318,True,proxy
UD Mustofa Yulianti,corporation,Mariadi Narpati,individual,2025-07-24,8607352445,True,self_funded
PT Rajasa,corporation,Gabriella Sirait,individual,2025-02-16,13204009784,False,
PT Rahmawati Tbk,corporation,Partai Keadilan Indonesia,political-party,2024-10-12,1276555923,True,proxy
UD Suartini,corporation,Partai Rakyat Sejahtera,political-party,2024-12-03,419486976,False,
PD Winarno (Persero) Tbk,organization,Lidya Anggraini,individual,2024-04-25,306475355,True,proxy
UD Simbolon,corporation,Partai Rakyat Sejahtera,political-party,2024-06-06,174820995,True,proxy
Asman Situmorang,individual,Partai Persatuan,political-party,2024-10-05,113462576,False,
Lurhur Nugroho,individual,"Dr. Yani Kurniawan, S.Pt",individual,2024-09-01,814382109,True,self_funded
Alambana Uyainah,individual,Partai Amanat Rakyat,political-party,2025-04-22,89148172,False,
Asmuni Wasita,individual,Qori Permata,individual,2024-01-11,1413701707,True,self_funded
PD Wacana (Persero) Tbk,corporation,Aswani Yulianti,individual,2024-11-01,15114970697,False,
Hairyanto Sitompul,individual,"Jarwi Purwanti, S.Psi",individual,2025-08-17,84337553,False,
CV Hartati (Persero) Tbk,corporation,Partai Kebangkitan Rakyat,political-party,2025-06-18,1452572406,True,proxy
UD Waskita Sihombing (Persero) Tbk,organization,Partai Indonesia Maju,political-party,2024-05-29,1267096770,True,over_limit
Uli Saefullah,individual,Partai Demokrat,political-party,2024-10-03,58466258,False,
PD Situmorang,organization,"Almira Safitri, S.Farm",individual,2024-03-03,1715431908,True,proxy
Perum Nainggolan (Persero) Tbk,corporation,drg. Jelita Anggriawan,individual,2024-08-22,23648569002,True,self_funded
Dt. Ghani Waskita,individual,Tgk. Saadat Agustina,individual,2025-10-15,19131730,True,self_funded
"Jabal Hasanah, S.Psi",individual,Ir. Anastasia Mansur,individual,2024-09-24,1332181083,False,
Candra Prasasta,individual,Fathonah Gunarto,individual,2024-12-05,654111452,False,
Daryani Nainggolan,individual,Partai Solidaritas Indonesia,political-party,2024-11-13,37191040,False,
PD Irawan Dabukke,corporation,Ajimin Mandasari,individual,2025-09-18,23196360635,True,self_funded
Perum Andriani,corporation,Drs. Prayoga Prasetya,individual,2025-06-30,955691343,True,proxy
Artanto Gunarto,individual,Partai Harapan Bangsa,political-party,2025-11-08,54681629,False,
PT Winarsih Haryanto Tbk,corporation,Partai Kebangkitan Rakyat,political-party,2024-06-23,1806270552,True,proxy
PD Yolanda Nuraini,corporation,Partai Keadilan Indonesia,political-party,2025-03-24,699025544,False,
Alika Sihotang,individual,Partai Rakyat Sejahtera,political-party,2025-03-17,51732802,False,
Perum Uyainah,corporation,"Drs. Edison Kurniawan, M.Pd",individual,2024-08-14,209873217,True,proxy
Iriana Natsir,individual,Patricia Siregar,individual,2025-02-28,4216228,True,smurfing
PD Anggriawan,corporation,Partai Persatuan,political-party,2024-07-01,170879613,False,
CV Saputra,corporation,Partai Nasional Demokrat,political-party,2024-07-06,442842204,False,
PD Tamba,organization,Partai Persatuan,political-party,2025-05-28,354189435,True,proxy
Icha Simbolon,individual,Adiarja Mandasari,individual,2025-08-03,3676201452,True,over_limit
UD Kuswandari Pertiwi,corporation,Partai Demokrat,political-party,2024-09-03,523176876,False,
UD Situmorang (Persero) Tbk,corporation,"Sutan Jindra Utama, S.Sos",individual,2024-08-31,8351689230,True,self_funded
PT Saptono Jailani,corporation,Partai Nasional Demokrat,political-party,2024-04-27,660215172,False,
PT Suwarno,corporation,Paris Saefullah,individual,2025-01-17,1008110538,True,proxy
PD Novitasari Tarihoran,corporation,"Puti Nova Rahayu, M.M.",individual,2024-05-28,20923860605,False,
Ulya Mardhiyah,individual,Partai Harapan Bangsa,political-party,2024-11-14,160373765,False,
UD Farida Winarno,corporation,Mahdi Zulaika,individual,2025-02-10,16168900241,False,
Mulyanto Mustofa,individual,Partai Amanat Rakyat,political-party,2025-11-01,99834845,False,
PD Hutapea Andriani Tbk,corporation,Partai Harapan Bangsa,political-party,2025-03-10,420018333,False,
Eva Mulyani,individual,Partai Demokrat,political-party,2025-04-25,64480782,False,
Perum Sirait,organization,"Puti Farah Mandala, M.Kom.",individual,2025-08-13,1297374881,True,proxy
Indah Hardiansyah,individual,Partai Nasional Demokrat,political-party,2025-01-28,59256025,True,smurfing
Alika Januar,individual,Partai Persatuan,political-party,2025-09-23,27992656,True,smurfing
"Maida Hutagalung, M.Ak",individual,"Yoga Usamah, S.Pt",individual,2025-11-25,1627155379,False,
"R.A. Amelia Handayani, S.IP",individual,"Ir. Saadat Hastuti, M.M.",individual,2024-10-28,1573336267,False,
Pemerintah Desa Cibeber,organization,Rafid Maryadi,individual,2025-03-02,2368912413,True,illegal_source
"Wani Tarihoran, M.Kom.",individual,Padma Hidayat,individual,2025-09-11,1996238397,False,
Bahuwirya Rahayu,individual,R. Kasiyah Wahyudin,individual,2025-10-26,1019714078,False,
Samiah Melani,individual,Partai Harapan Bangsa,political-party,2024-07-10,111378364,False,
Kasiyah Puspasari,individual,Partai Harapan Bangsa,political-party,2024-06-01,90535779,False,
CV Kurniawan Pertiwi Tbk,organization,Partai Rakyat Sejahtera,political-party,2024-05-16,603369985,False,
Tgk. Titi Pratiwi,individual,Almira Usamah,individual,2025-01-02,87612543,True,smurfing
PT Latupono,organization,Partai Keadilan Indonesia,political-party,2024-03-05,19389545,True,smurfing
PT Prastuti Haryanti (Persero) Tbk,corporation,Partai Nasional Demokrat,political-party,2025-04-12,555011335,False,
Carla Permata,individual,Kairav Andriani,individual,2025-03-30,62825851,False,
PD Wibisono (Persero) Tbk,corporation,Latika Wahyudin,individual,2025-06-11,4045258362,False,
PD Nuraini,corporation,"Mitra Yuniar, M.Kom.",individual,2025-08-30,5718861276,True,self_funded
Prabawa Saptono,individual,Kalim Tarihoran,individual,2024-07-04,1864166661,False,
"Dr. Dwi Simanjuntak, S.H.",individual,Galar Wibisono,individual,2024-06-18,1176318869,True,self_funded
PT Prayoga Mandasari (Persero) Tbk,organization,Partai Harapan Bangsa,political-party,2025-11-20,18492150,True,smurfing
PT Sihombing Lazuardi Tbk,organization,Partai Solidaritas Indonesia,political-party,2024-08-16,226190328,True,proxy
Amalia Saputra,individual,Ayu Marbun,individual,2024-01-09,540882798,True,self_funded
UD Suwarno,corporation,R. Anita Hartati,individual,2024-07-17,130998489,True,proxy
PT Simanjuntak (Persero) Tbk,corporation,Najwa Lestari,individual,2025-06-05,11542785480,False,
Perum Adriansyah Tbk,corporation,Partai Keadilan Indonesia,political-party,2025-05-14,1616396430,True,proxy
Pemerintah Kabupaten Banyumas,organization,Partai Rakyat Sejahtera,political-party,2025-11-02,780745159,True,illegal_source
UD Waluyo,organization,Sabrina Saefullah,individual,2025-09-02,38322865,True,proxy
UD Hasanah Yulianti,corporation,Partai Nasional Demokrat,political-party,2024-06-28,580674645,False,
Perum Mansur,organization,Agnes Salahudin,individual,2024-06-21,87748948,True,smurfing
Perum Marbun Utami,corporation,Partai Persatuan,political-party,2024-07-15,271949516,False,
Perum Dabukke Sihombing,organization,Partai Nasional Demokrat,political-party,2024-06-15,587612893,False,
"Tgk. Artawan Prakasa, M.Farm",individual,"Hj. Latika Sihotang, S.I.Kom",individual,2025-03-04,995607136,False,
CV Putra Kuswandari Tbk,corporation,Partai Nasional Demokrat,political-party,2025-03-16,660646575,False,
UD Iswahyudi Utami (Persero) Tbk,organization,Rahmi Pudjiastuti,individual,2025-12-29,11876087909,False,
Adinata Usamah,individual,Partai Solidaritas Indonesia,political-party,2024-08-15,140633558,False,
Sadina Oktaviani,individual,Elma Firgantoro,individual,2024-12-08,1771465848,False,
Emil Prastuti,individual,Dadi Utama,individual,2025-11-17,1309097775,False,
Gabriella Nasyiah,individual,Juli Pudjiastuti,individual,2025-03-03,1645759441,True,self_funded
PT Simbolon Suryatmi (Persero) Tbk,organization,Partai Persatuan,political-party,2024-05-09,137882250,True,proxy
Vinsen Sitompul,individual,Partai Kebangkitan Rakyat,political-party,2025-08-25,144710284,False,
Tgk. Galar Zulaika,individual,Hasta Mangunsong,individual,2024-03-26,1765103332,False,
Nrima Nuraini,individual,Anggabaya Maulana,individual,2024-07-29,1988832925,False,
UD Hutasoit Tbk,organization,Partai Indonesia Maju,political-party,2025-12-14,669323193,True,proxy
"H. Hardi Firgantoro, S.I.Kom",individual,Devi Permata,individual,2024-03-14,1295001089,False,
Perum Siregar,corporation,Kania Nasyidah,individual,2024-08-06,16641046555,True,self_funded
Praba Hutagalung,individual,Partai Amanat Rakyat,political-party,2024-03-10,110450690,False,
"Diana Kuswandari, M.Kom.",individual,Partai Kebangkitan Rakyat,political-party,2024-01-19,70608785,False,
UD Wibisono Ardianto (Persero) Tbk,organization,Cahyadi Prabowo,individual,2024-03-24,10462434414,False,
CV Rahimah Wahyuni (Persero) Tbk,corporation,Kiandra Hariyah,individual,2025-09-09,33503390,True,smurfing
"Karimah Riyanti, S.E.",individual,Partai Solidaritas Indonesia,political-party,2024-02-05,65656037,False,
Galih Siregar,individual,Partai Persatuan,political-party,2025-05-30,140457182,False,
CV Latupono (Persero) Tbk,organization,Akarsana Marbun,individual,2025-04-25,1026092127,False,
UD Permata,corporation,Partai Persatuan,political-party,2024-10-09,1456149053,True,proxy
Eli Ramadan,individual,Jono Gunawan,individual,2024-12-24,51495222,True,smurfing
Opan Kusumo,individual,Titi Mandasari,individual,2024-07-22,1902306857,False,
PD Prasetya (Persero) Tbk,organization,Partai Keadilan Indonesia,political-party,2025-02-28,1800526647,True,proxy
Prabowo Latupono,individual,Nilam Uyainah,individual,2025-03-31,2336001251,True,self_funded
PT Nasyidah Simbolon Tbk,organization,Partai Nasional Demokrat,political-party,2025-10-22,10632318,False,
UD Puspita Uwais,corporation,R.A. Yunita Tampubolon,individual,2025-02-01,2617728268,False,
Cinthia Agustina,individual,Partai Harapan Bangsa,political-party,2025-01-18,45942247,True,smurfing
CV Gunawan Susanti (Persero) Tbk,corporation,Partai Solidaritas Indonesia,political-party,2025-10-25,14893939,True,smurfing
"Lili Novitasari, S.IP",individual,"Bella Kusmawati, M.M.",individual,2025-08-27,4867393092,True,over_limit
Ella Rahimah,individual,Partai Harapan Bangsa,political-party,2025-05-17,45502941,False,
Eja Rahmawati,individual,Partai Rakyat Sejahtera,political-party,2025-11-02,95071148,False,
Pemerintah Desa Cibeber,organization,Bakti Hardiansyah,individual,2024-08-13,9669385940,True,illegal_source
Edi Firgantoro,individual,Tari Tarihoran,individual,2025-09-15,2116652928,False,
PD Haryanto Halimah Tbk,organization,Partai Persatuan,political-party,2025-11-27,691461375,True,proxy
Faizah Habibi,individual,Galur Prasetyo,individual,2024-01-31,482003342,False,
R. Kania Gunarto,individual,Partai Demokrat,political-party,2025-04-22,110191255,False,
UD Fujiati Wijaya Tbk,organization,Partai Indonesia Maju,political-party,2025-10-01,1226658695,True,proxy
Pia Prayoga,individual,Partai Amanat Rakyat,political-party,2025-07-28,86325025,False,
Harsaya Rajata,individual,Partai Harapan Bangsa,political-party,2024-02-13,13394461,False,
PD Hastuti Tbk,corporation,Partai Solidaritas Indonesia,political-party,2025-10-24,205280457,False,
Perum Nugroho (Persero) Tbk,corporation,"Hj. Ifa Uyainah, M.TI.",individual,2025-04-18,47405370962,True,over_limit
Prabawa Nasyiah,individual,Balangga Kusmawati,individual,2025-04-02,1117135495,True,self_funded
PD Natsir Kusmawati (Persero) Tbk,organization,Hairyanto Dabukke,individual,2025-04-21,693878853,True,proxy
PD Kusumo,organization,Partai Harapan Bangsa,political-party,2024-06-19,1537142873,True,proxy
UD Padmasari Firgantoro Tbk,corporation,Partai Kebangkitan Rakyat,political-party,2024-01-15,159547244,False,
PD Mulyani,corporation,Partai Harapan Bangsa,political-party,2025-02-18,120306249,False,
UD Sinaga,corporation,Partai Indonesia Maju,political-party,2025-09-11,76853513,True,smurfing
UD Hastuti Usamah Tbk,corporation,Paiman Safitri,individual,2024-03-17,14608228685,False,
PT Sirait (Persero) Tbk,organization,Partai Demokrat,political-party,2024-06-09,388349504,False,
"Drs. Syahrini Prayoga, M.Pd",individual,"Ifa Tampubolon, M.Kom.",individual,2024-05-18,1031396590,True,self_funded
CV Hasanah,organization,Partai Rakyat Sejahtera,political-party,2024-04-02,23843890,True,proxy
PD Zulkarnain Fujiati (Persero) Tbk,corporation,Cahyono Sihotang,individual,2025-08-02,12428839973,True,self_funded
Perum Maulana,corporation,Partai Persatuan,political-party,2024-02-13,2754774,True,smurfing
PD Sihotang,corporation,Dr. Suci Nashiruddin,individual,2025-08-10,965584097,True,proxy
"R. Adika Halim, S.T.",individual,"Dt. Mulya Padmasari, S.Gz",individual,2024-03-16,92781850,True,smurfing
Hasta Agustina,individual,Uli Anggraini,individual,2024-01-17,1873586574,False,
Salsabila Mulyani,individual,"Heryanto Nugroho, S.Farm",individual,2025-01-31,1085005414,False,
Rahayu Utami,individual,Partai Indonesia Maju,political-party,2024-01-29,75946344,False,
Dr. Maimunah Mandasari,individual,Partai Kebangkitan Rakyat,political-party,2024-11-17,27799868,False,
Tasnim Uyainah,individual,Partai Demokrat,political-party,2025-10-29,94420632,False,
PT Pertiwi Kusumo,organization,Partai Solidaritas Indonesia,political-party,2024-05-28,31710904,True,smurfing
"Kasim Prasetyo, S.Gz",individual,"Dr. Tugiman Mangunsong, S.E.",individual,2025-09-03,1783073641,False,
CV Ramadan Tbk,corporation,Bakiman Farida,individual,2025-03-05,20816598184,False,
Hj. Zalindra Wibisono,individual,Partai Rakyat Sejahtera,political-party,2025-05-26,10364360,True,smurfing
PD Putra Zulaika,organization,Partai Indonesia Maju,political-party,2024-07-13,857147031,True,proxy
"Dt. Jaiman Damanik, S.E.I",individual,Hafshah Budiyanto,individual,2024-12-01,378040950,False,
"Okta Maulana, M.M.",individual,Harja Kusumo,individual,2025-05-31,1765997776,False,
Syahrini Haryanti,individual,Partai Harapan Bangsa,political-party,2024-08-26,67628096,False,
"dr. Sabar Mayasari, M.TI.",individual,Partai Demokrat,political-party,2024-02-19,120069248,False,
CV Andriani Januar,corporation,Kasusra Oktaviani,individual,2024-02-10,5122702145,True,self_funded
PT Prastuti Utama (Persero) Tbk,organization,Partai Indonesia Maju,political-party,2024-03-11,1053776356,True,over_limit
UD Pranowo,corporation,R.M. Artanto Kuswoyo,individual,2024-03-17,1498114172,True,self_funded
"Calista Damanik, S.Psi",individual,Partai Nasional Demokrat,political-party,2025-05-18,21149591,True,smurfing
"Luis Melani, S.Pd",individual,Mutia Ardianto,individual,2024-08-10,89496748,False,
UD Pradana,corporation,Dr. Ulya Damanik,individual,2025-01-17,1043565770,True,proxy
PD Wibisono Tbk,corporation,Partai Nasional Demokrat,political-party,2024-05-04,1399700458,True,proxy
"Dodo Suartini, S.T.",individual,Heryanto Prasetyo,individual,2024-05-08,844514026,False,
"Cut Jamalia Fujiati, M.TI.",individual,Ade Permata,individual,2024-04-19,522313996,True,self_funded
PT Novitasari (Persero) Tbk,corporation,Partai Amanat Rakyat,political-party,2025-05-25,132089175,False,
PT Purnawati Laksita,corporation,Maria Sudiati,individual,2025-09-13,179802190,True,self_funded
UD Prabowo,corporation,Partai Amanat Rakyat,political-party,2024-10-25,306564270,False,
PT Padmasari,corporation,"Kajen Habibi, S.Kom",individual,2025-02-04,229568964,True,proxy
UD Pradana,corporation,Novi Nasyidah,individual,2024-11-16,16742445905,True,self_funded
Ir. Maria Widodo,individual,Partai Rakyat Sejahtera,political-party,2025-10-24,96486671,False,
PT Melani Nashiruddin Tbk,corporation,Dr. Winda Lazuardi,individual,2025-08-16,8216315344,True,self_funded
"Puti Padma Ramadan, S.Sos",individual,Partai Nasional Demokrat,political-party,2025-12-05,3316773,True,smurfing
CV Suwarno Tbk,corporation,"T. Virman Wijaya, S.Farm",individual,2025-07-12,2986999896,True,self_funded
UD Hutagalung Tbk,corporation,Partai Persatuan,political-party,2024-04-02,67073435,True,smurfing
UD Nurdiyanti Ramadan,corporation,Putri Anggriawan,individual,2025-06-07,2345023023,False,
Putri Hakim,individual,Partai Indonesia Maju,political-party,2024-10-25,51371406,False,
PT Astuti Tbk,corporation,R.M. Asmuni Permata,individual,2025-03-25,7770203198,False,
KH. Jatmiko Budiyanto,individual,"Banara Nuraini, M.Kom.",individual,2024-05-05,1784316858,True,self_funded
Perum Saptono,organization,"Zalindra Simanjuntak, M.M.",individual,2024-10-05,176146190,True,proxy
CV Sinaga Hastuti,organization,Jagaraga Tarihoran,individual,2024-09-15,33088810,True,proxy
PT Fujiati Salahudin,corporation,Asirwanda Waskita,individual,2025-03-19,1094903676,True,self_funded
Hj. Anita Siregar,individual,dr. Mutia Yulianti,individual,2024-12-10,1661153579,False,
UD Wacana Winarsih,organization,"Hardi Farida, M.TI.",individual,2024-12-16,40919203191,True,over_limit
Perum Hardiansyah Waluyo,organization,Ghani Zulkarnain,individual,2024-06-03,8948063941,False,
"Eka Kuswandari, M.Pd",individual,Bella Halim,individual,2025-04-12,274397998,False,
drg. Ade Saragih,individual,"R. Lintang Saptono, S.Sos",individual,2025-04-19,1041027862,False,
"Maria Fujiati, S.Psi",individual,Yahya Rajata,individual,2024-08-30,1079909730,True,self_funded
PT Hariyah Firmansyah,organization,Ajiono Mangunsong,individual,2024-10-31,8784966970,False,
Widya Hardiansyah,individual,Partai Amanat Rakyat,political-party,2025-09-18,57901177,False,
Perum Safitri Januar Tbk,corporation,Partai Persatuan,political-party,2025-05-20,65437784,True,smurfing
Perum Nababan Tbk,corporation,Partai Demokrat,political-party,2025-09-27,1259301396,True,proxy
CV Tamba,organization,Dr. Danu Tampubolon,individual,2025-12-02,1295373894,True,proxy
Cut Oliva Hakim,individual,Yahya Sirait,individual,2025-01-25,377661156,False,
PD Samosir Kuswandari (Persero) Tbk,corporation,Partai Solidaritas Indonesia,political-party,2025-06-12,605964467,False,
UD Susanti,corporation,Paramita Safitri,individual,2025-10-22,1223755641,True,self_funded
Puti Paris Kuswandari,individual,Titin Damanik,individual,2024-11-11,364296366,True,self_funded
Carla Utami,individual,Partai Rakyat Sejahtera,political-party,2024-06-05,65537718,False,
Azalea Hasanah,individual,Partai Rakyat Sejahtera,political-party,2024-03-20,61974013,False,
Oman Situmorang,individual,"dr. Emong Hastuti, S.Farm",individual,2025-07-28,732236469,False,
drg. Faizah Situmorang,individual,Keisha Mayasari,individual,2024-11-19,975337062,False,
PD Ardianto (Persero) Tbk,corporation,Partai Amanat Rakyat,political-party,2024-07-16,382358516,False,
PT Rahmawati Winarno,corporation,Padmi Aryani,individual,2025-04-23,13486890634,True,self_funded
Luluh Yolanda,individual,"Dacin Tampubolon, S.Pd",individual,2025-12-07,1306197912,False,
Perum Hassanah,organization,Partai Amanat Rakyat,political-party,2025-08-29,240480167,True,proxy
PT Lailasari Tbk,organization,"Iriana Pangestu, M.Pd",individual,2025-09-18,20279156454,False,
Rosman Puspita,individual,Garan Natsir,individual,2025-01-07,849960706,True,self_funded
Ilsa Namaga,individual,Silvia Simbolon,individual,2024-10-16,1780572170,True,self_funded
CV Budiman Setiawan,organization,Partai Keadilan Indonesia,political-party,2025-09-13,395602811,True,proxy
Caraka Prabowo,individual,R.A. Kania Widiastuti,individual,2025-12-11,621290769,False,
PD Suwarno Marpaung Tbk,organization,"Lidya Mandala, M.Farm",individual,2025-04-09,45413357,True,smurfing
Ciaobella Mandala,individual,Partai Persatuan,political-party,2024-04-04,77513551,True,smurfing
Yuni Samosir,individual,Tgk. Ella Waskita,individual,2025-04-01,2060516968,True,self_funded
Perum Dabukke Tbk,corporation,Soleh Novitasari,individual,2025-05-15,19011891131,False,
"Danuja Pratiwi, M.Ak",individual,Partai Rakyat Sejahtera,political-party,2025-09-27,120006222,False,
Ayu Lailasari,individual,"Puti Maya Oktaviani, S.T.",individual,2024-07-17,210681963,False,
Ir. Rahmi Setiawan,individual,Drs. Cinta Yulianti,individual,2024-05-04,497350411,True,self_funded
Karen Ardianto,individual,Partai Indonesia Maju,political-party,2025-10-06,107277896,False,
UD Maulana Siregar Tbk,corporation,Partai Indonesia Maju,political-party,2024-11-04,273268667,True,proxy
PD Gunawan (Persero) Tbk,corporation,Damar Wacana,individual,2024-03-08,14739905069,False,
Legawa Siregar,individual,Partai Kebangkitan Rakyat,political-party,2025-09-27,5103914,False,
"Putu Iswahyudi, S.Sos",individual,H. Estiawan Uwais,individual,2024-12-19,25177456,True,smurfing
Drs. Nabila Prakasa,individual,Partai Rakyat Sejahtera,political-party,2024-10-07,161707427,False,
PT Aryani,corporation,Azalea Lailasari,individual,2024-01-28,2612216844,False,
PD Saragih,corporation,Umi Mansur,individual,2025-10-12,15545371350,True,self_funded
CV Mayasari Hutapea,organization,Partai Keadilan Indonesia,political-party,2024-11-27,70936620,True,smurfing
Candrakanta Ramadan,individual,Partai Harapan Bangsa,political-party,2025-08-05,119531398,False,
Perum Kusmawati Yulianti,corporation,Partai Rakyat Sejahtera,political-party,2025-06-11,491801862,False,
PD Wijayanti Adriansyah,corporation,Partai Keadilan Indonesia,political-party,2025-08-02,282110428,False,
Puti Wasita,individual,"drg. Edward Utami, S.E.I",individual,2025-03-03,169387875,True,self_funded
Nasrullah Kusmawati,individual,Partai Rakyat Sejahtera,political-party,2024-06-18,48009191,False,
PT Safitri Palastri,corporation,Kenzie Wibowo,individual,2024-01-20,1334385389,True,proxy
Perum Hariyah Yuliarti (Persero) Tbk,corporation,Partai Amanat Rakyat,political-party,2025-11-07,7408706,False,
Perum Utami,organization,Yani Prasetya,individual,2024-06-30,72699901,True,smurfing
PD Usada Usamah,organization,Partai Solidaritas Indonesia,political-party,2025-08-26,896430405,True,proxy
Perum Anggriawan Budiman,corporation,Hj. Lidya Wijaya,individual,2024-05-12,9537052319,True,self_funded
Ibun Tamba,individual,Partai Demokrat,political-party,2025-01-04,36491396,False,
Puti Zalindra Sinaga,individual,Alambana Hutapea,individual,2024-12-23,33117797,True,smurfing
PT Mandasari,corporation,Partai Demokrat,political-party,2025-02-14,297072854,False,
PT Laksmiwati,corporation,Dr. Eli Hardiansyah,individual,2024-06-03,1994490839,True,proxy
Tantri Oktaviani,individual,Paiman Nugroho,individual,2024-02-15,1746165657,False,
Kementerian Pendidikan Nasional,organization,Cut Cindy Budiyanto,individual,2024-07-17,27726951529,True,illegal_source
PT Sitorus,corporation,Partai Keadilan Indonesia,political-party,2025-11-07,545291779,False,
Perum Wulandari,organization,Partai Keadilan Indonesia,political-party,2025-01-16,61603523,True,smurfing
CV Uwais Widiastuti,corporation,drg. Yessi Megantara,individual,2024-12-22,10985859104,False,
Almira Mangunsong,individual,Partai Indonesia Maju,political-party,2025-04-22,150606738,False,
PT Maryati Kuswoyo (Persero) Tbk,organization,"Dian Aryani, S.Ked",individual,2025-12-30,1265742504,True,proxy
PT Wibisono (Persero) Tbk,organization,Partai Keadilan Indonesia,political-party,2025-02-19,6107764,True,smurfing
PD Mahendra (Persero) Tbk,organization,dr. Cornelia Wasita,individual,2025-01-03,9796417746,False,
"KH. Mulya Mansur, M.Kom.",individual,"Harsana Oktaviani, S.T.",individual,2024-12-25,1491115586,False,
"Lasmanto Prabowo, M.Kom.",individual,Partai Solidaritas Indonesia,political-party,2025-02-15,109287239,False,
UD Prasetyo Tbk,organization,Partai Indonesia Maju,political-party,2024-11-26,80447308,True,smurfing
Perum Waluyo (Persero) Tbk,corporation,Partai Nasional Demokrat,political-party,2024-07-21,58737613,False,
"Karja Wahyuni, S.Farm",individual,Partai Persatuan,political-party,2025-09-21,57550159,False,
Puti Kania Gunawan,individual,Partai Harapan Bangsa,political-party,2024-07-05,64489635,True,smurfing
Kezia Hidayat,individual,"dr. Saiful Pudjiastuti, S.Pt",individual,2024-08-15,39255909,True,smurfing
UD Anggraini Wastuti Tbk,organization,Usyi Wijaya,individual,2024-10-30,41721505,True,smurfing
Perum Wibisono Rajata Tbk,organization,"KH. Eluh Astuti, S.I.Kom",individual,2024-10-10,1886567506,True,proxy
PT Wijayanti,corporation,Partai Keadilan Indonesia,political-party,2024-07-21,497438420,True,proxy
CV Winarno Thamrin,corporation,Nilam Anggraini,individual,2025-01-08,1071605240,True,proxy
Perum Agustina,organization,Partai Harapan Bangsa,political-party,2024-04-20,1720572165,True,proxy
CV Halim Safitri,corporation,Partai Demokrat,political-party,2024-04-25,445930599,False,
"Kayla Wastuti, S.Sos",individual,Lega Riyanti,individual,2024-10-03,160378306,True,self_funded
Laswi Prastuti,individual,Partai Solidaritas Indonesia,political-party,2025-05-18,51478684,False,
Perum Safitri (Persero) Tbk,corporation,Tirtayasa Nainggolan,individual,2024-03-25,1276169723,True,proxy
"Ophelia Aryani, S.Gz",individual,Ir. Iriana Sihotang,individual,2024-01-12,1238512084,True,self_funded
CV Haryanto Tbk,corporation,Kiandra Melani,individual,2024-09-21,14426509344,True,self_funded
CV Nainggolan,organization,Partai Solidaritas Indonesia,political-party,2024-11-22,719475031,True,proxy
Nadia Mardhiyah,individual,Partai Solidaritas Indonesia,political-party,2024-09-18,42548245,False,
BUMN Mina Permai,corporation,Wirda Maryati,individual,2024-07-26,2958793488,True,illegal_source
Perum Utami Haryanti,corporation,Partai Rakyat Sejahtera,political-party,2025-05-05,1539963173,True,proxy
"Hj. Hani Najmudin, S.Psi",individual,Partai Indonesia Maju,political-party,2025-05-04,31745905,False,
Uli Budiyanto,individual,Partai Demokrat,political-party,2025-10-16,128618160,False,
CV Prastuti,corporation,Manah Pranowo,individual,2024-10-07,11588465344,True,self_funded
CV Jailani Hasanah (Persero) Tbk,organization,Tgk. Vanesa Aryani,individual,2025-06-23,21707086619,False,
PD Hasanah Natsir (Persero) Tbk,corporation,Partai Indonesia Maju,political-party,2025-03-20,196643464,False,
"Ir. Oni Hutasoit, S.I.Kom",individual,Partai Persatuan,political-party,2024-09-20,63662440,False,
"T. Cahyadi Utama, S.Psi",individual,"Dt. Jatmiko Puspita, S.Farm",individual,2025-03-03,1265030888,False,
Perum Ardianto Dabukke,corporation,Belinda Uwais,individual,2024-05-11,20729783857,False,
"Gamani Marbun, S.Psi",individual,Hilda Pertiwi,individual,2024-10-26,513439446,False,
Galiono Saptono,individual,Viktor Pradana,individual,2025-09-28,753338859,False,
UD Narpati Hardiansyah,corporation,Partai Keadilan Indonesia,political-party,2024-11-07,10940536,True,smurfing
Sabar Novitasari,individual,Maimunah Marbun,individual,2025-01-28,534869588,False,
"Septi Damanik, S.Pd",individual,Atma Damanik,individual,2025-11-08,38918404,True,smurfing
Cahyanto Wijayanti,individual,Partai Amanat Rakyat,political-party,2025-09-08,96638954,False,
UD Putra Pradana,organization,Partai Kebangkitan Rakyat,political-party,2024-06-06,95007360,True,smurfing
PD Wacana Napitupulu (Persero) Tbk,organization,Partai Rakyat Sejahtera,political-party,2025-08-21,1208267330,True,proxy
PT Marbun Laksita,corporation,Cemplunk Prasasta,individual,2024-04-04,272599181,False,
Paris Kuswandari,individual,Partai Persatuan,political-party,2025-12-22,3114939,False,
"Ir. Suci Hardiansyah, S.Farm",individual,Partai Keadilan Indonesia,political-party,2024-11-23,177381529,False,
"Ibrahim Permata, M.TI.",individual,Partai Indonesia Maju,political-party,2024-09-11,48913966,False,
UD Hariyah (Persero) Tbk,organization,"Luis Pradana, M.Farm",individual,2025-11-22,1678583507,True,proxy
Ian Aryani,individual,Diah Iswahyudi,individual,2025-04-14,1878269878,False,
"Tgk. Maida Mangunsong, S.T.",individual,Partai Nasional Demokrat,political-party,2025-12-13,77685075,False,
Dr. Rini Namaga,individual,drg. Wage Halimah,individual,2024-09-13,1028608709,False,
"Puti Michelle Padmasari, S.Psi",individual,Partai Kebangkitan Rakyat,political-party,2025-04-13,75558589,False,
PT Sitorus Sitompul,organization,Puji Marpaung,individual,2025-09-30,12989095083,False,
PD Haryanti Mustofa,organization,"Oliva Nuraini, S.IP",individual,2025-06-23,11441142,True,smurfing
CV Safitri Mangunsong (Persero) Tbk,corporation,Lega Pudjiastuti,individual,2024-07-10,12769979164,True,self_funded
"Makuta Permadi, S.Kom",individual,"Dt. Rosman Maryadi, S.Farm",individual,2025-10-24,1198935135,True,self_funded
PT Kusumo Mandala,corporation,Candra Hassanah,individual,2024-08-09,11607318049,True,self_funded
drg. Bakijan Waluyo,individual,Kenari Prasetyo,individual,2024-07-11,509286308,False,
Dirja Hakim,individual,Partai Persatuan,political-party,2025-08-24,95079200,False,
CV Najmudin,corporation,Iriana Pratiwi,individual,2024-10-04,5692829342,True,self_funded
Nardi Kuswandari,individual,Gatra Aryani,individual,2025-02-17,1946906452,False,
UD Jailani Prasetyo Tbk,organization,Septi Usada,individual,2025-01-13,8052918185,False,
PT Najmudin Tbk,corporation,"Vanesa Saragih, S.Psi",individual,2024-09-29,43244007911,True,over_limit
Eli Latupono,individual,Partai Persatuan,political-party,2025-04-11,26047616,False,
Lalita Pertiwi,individual,Darijan Putra,individual,2025-11-12,1307575432,True,self_funded
"Karimah Pudjiastuti, S.Sos",individual,"Icha Waskita, S.H.",individual,2024-06-28,1918078096,True,self_funded
PT Narpati Wibowo (Persero) Tbk,corporation,Partai Indonesia Maju,political-party,2024-04-26,321167026,False,
Chelsea Hutapea,individual,Partai Persatuan,political-party,2024-01-21,26184917,False,
CV Hakim (Persero) Tbk,corporation,Viktor Pradipta,individual,2025-07-24,10542431272,True,self_funded
PT Suwarno Pertiwi,corporation,Partai Persatuan,political-party,2024-05-12,365300417,False,
Cut Kania Laksmiwati,individual,Salwa Siregar,individual,2024-11-23,1654840267,True,self_funded
PT Sihombing Yuniar,corporation,Partai Amanat Rakyat,political-party,2025-12-16,624050568,False,
PD Marpaung Mandala Tbk,corporation,Partai Persatuan,political-party,2025-08-03,62200456,True,smurfing
Perum Putra Nasyiah Tbk,corporation,Partai Demokrat,political-party,2024-12-08,228914750,False,
PT Pertamina (Persero),corporation,Partai Solidaritas Indonesia,political-party,2025-12-01,606698761,True,illegal_source
Olivia Permadi,individual,"Ir. Unjani Dabukke, M.Kom.",individual,2024-04-02,1591048761,False,
PT Kuswandari Tarihoran,organization,Mursinin Wibowo,individual,2025-11-21,1277157036,True,proxy
CV Hutapea Wahyudin,corporation,Dasa Marbun,individual,2024-03-14,16034047107,False,
PT Mayasari Kusmawati,organization,Partai Persatuan,political-party,2025-02-19,949395746,True,proxy
UD Tamba Latupono (Persero) Tbk,corporation,Gabriella Hariyah,individual,2024-02-13,15045663739,False,
PD Mandala Tbk,organization,Partai Keadilan Indonesia,political-party,2025-09-01,179452542,True,proxy
UD Hakim Susanti Tbk,corporation,Dt. Oskar Hidayanto,individual,2025-10-10,45290042,True,smurfing
UD Haryanto Sihombing (Persero) Tbk,organization,Partai Persatuan,political-party,2024-12-18,1455753400,True,proxy
Tgk. Gangsar Marpaung,individual,Partai Harapan Bangsa,political-party,2025-10-12,24462699,True,smurfing
"Dt. Galang Safitri, M.Farm",individual,Partai Persatuan,political-party,2025-03-29,57339821,False,
Darsirah Salahudin,individual,"Tgk. Salwa Kuswandari, S.Sos",individual,2025-06-26,482321629,True,self_funded
Ghani Narpati,individual,Partai Harapan Bangsa,political-party,2024-01-31,103265864,False,
CV Maryati Tbk,corporation,Soleh Thamrin,individual,2025-08-20,12910438003,False,
Ami Marbun,individual,"Jarwi Utama, M.Farm",individual,2024-08-13,752587903,False,
Kanda Pradana,individual,Partai Solidaritas Indonesia,political-party,2025-01-27,105491157,False,
CV Thamrin,corporation,Drs. Purwadi Maryadi,individual,2025-03-13,1929648293,True,proxy
Tami Wasita,individual,Wulan Wacana,individual,2024-12-26,2215548299,False,
PD Hutasoit Prakasa Tbk,corporation,Partai Harapan Bangsa,political-party,2024-06-02,546180680,False,
Jinawi Laksita,individual,Partai Nasional Demokrat,political-party,2025-01-10,98258432,False,
"Sutan Ganda Jailani, S.Pd",individual,Partai Demokrat,political-party,2025-04-08,93550455,False,
PT Mandasari (Persero) Tbk,organization,Partai Demokrat,political-party,2024-03-20,94837366,True,smurfing
PD Kusmawati Prasasta Tbk,organization,"Kasiyah Rahimah, S.Psi",individual,2025-01-09,1359022039,True,proxy
Rini Saputra,individual,Partai Rakyat Sejahtera,political-party,2025-01-22,159615654,False,
"Diana Rahimah, S.Ked",individual,Galuh Kuswoyo,individual,2024-09-15,1991757917,False,
Dr. Elma Kusmawati,individual,Partai Nasional Demokrat,political-party,2025-03-31,74080588,True,smurfing
PD Nuraini Nasyidah (Persero) Tbk,corporation,Dodo Maheswara,individual,2025-02-26,9967037104,False,
UD Oktaviani Haryanto Tbk,organization,Rika Wastuti,individual,2025-08-27,697318699,True,proxy
PD Halimah (Persero) Tbk,corporation,Chelsea Usada,individual,2025-10-19,21575282813,False,
PT Andriani Saptono,organization,Partai Keadilan Indonesia,political-party,2025-04-21,1937084771,True,proxy
"drg. Suci Simanjuntak, M.Pd",individual,Partai Rakyat Sejahtera,political-party,2024-12-17,92452505,False,
UD Manullang (Persero) Tbk,organization,Partai Nasional Demokrat,political-party,2025-02-27,895564897,True,proxy
Perum Agustina,corporation,Partai Persatuan,political-party,2025-05-18,42595966,True,smurfing
Damar Sihotang,individual,Partai Harapan Bangsa,political-party,2025-05-20,114517023,False,
PD Suartini Anggraini (Persero) Tbk,organization,Partai Demokrat,political-party,2024-12-18,16956594,True,smurfing
"Caturangga Lazuardi, M.Kom.",individual,Partai Solidaritas Indonesia,political-party,2025-03-03,10493573,False,
Jamal Hastuti,individual,Vanesa Saputra,individual,2025-07-04,820302999,False,
PD Samosir Tbk,organization,Emil Natsir,individual,2025-03-29,21084916798,False,
Tasnim Tamba,individual,Tantri Yulianti,individual,2025-10-13,2206086282,False,
PT Mulyani Pradipta Tbk,corporation,"Dr. Azalea Haryanto, M.M.",individual,2024-01-16,967750708,True,self_funded
PD Nuraini,corporation,Nalar Hardiansyah,individual,2024-03-29,18807795969,True,self_funded
Vanesa Permadi,individual,Laras Zulkarnain,individual,2024-01-24,15748117,True,self_funded
PD Suryono Prayoga,corporation,"R. Cemani Zulkarnain, S.Farm",individual,2024-11-15,7021960525,False,
drg. Lalita Zulaika,individual,Laila Nainggolan,individual,2024-05-31,281914063,True,self_funded
Perum Mustofa Permata,organization,Partai Amanat Rakyat,political-party,2025-06-16,87655648,True,smurfing
CV Waskita,corporation,Partai Persatuan,political-party,2024-11-27,576951111,False,
Hj. Amelia Sitompul,individual,Partai Indonesia Maju,political-party,2024-01-19,85950773,False,
Galur Pangestu,individual,Edison Saefullah,individual,2025-02-17,16780492,True,smurfing
R.A. Shania Manullang,individual,Partai Rakyat Sejahtera,political-party,2025-09-16,82390336,False,
Jaswadi Wibisono,individual,Jail Wasita,individual,2025-12-14,1637690510,False,
CV Melani,corporation,Partai Nasional Demokrat,political-party,2024-01-13,437122631,False,
CV Waskita,organization,Partai Demokrat,political-party,2024-04-03,1038556516,True,over_limit
"Ir. Titi Budiman, S.Ked",individual,Gandi Yolanda,individual,2025-03-12,1093786567,False,
PT Prabowo Winarsih Tbk,corporation,Manah Maulana,individual,2024-10-04,1920796167,False,
UD Zulkarnain Lailasari,corporation,Salimah Wacana,individual,2025-09-23,43794080996,True,over_limit
"Cici Simanjuntak, S.I.Kom",individual,Mujur Nashiruddin,individual,2024-11-01,191608650,False,
Maida Pradipta,individual,Sutan Langgeng Sirait,individual,2025-12-16,78496548,True,smurfing
PD Agustina Tbk,corporation,Partai Nasional Demokrat,political-party,2025-09-10,34018189,True,smurfing
"Drs. Jagapati Prayoga, S.Pt",individual,Bahuwirya Suwarno,individual,2025-11-25,10848716,False,
R. Syahrini Laksita,individual,Partai Persatuan,political-party,2025-02-21,70221173,False,
Hartana Nasyiah,individual,Partai Persatuan,political-party,2024-08-08,54250860,False,
"Betania Budiyanto, S.Pd",individual,Partai Kebangkitan Rakyat,political-party,2024-04-23,164174961,False,
PT Aryani Tbk,corporation,Partai Nasional Demokrat,political-party,2025-01-15,586666743,False,
UD Rahimah Riyanti (Persero) Tbk,corporation,Wahyu Dongoran,individual,2024-02-25,10343035591,False,
Ihsan Widodo,individual,H. Ian Marpaung,individual,2025-09-30,810266905,True,self_funded
Kanda Wasita,individual,Partai Amanat Rakyat,political-party,2025-10-31,48851735,False,
Kasusra Mardhiyah,individual,Elisa Permadi,individual,2024-02-11,1747639759,False,
UD Laksita Tbk,corporation,Drs. Farah Yuliarti,individual,2024-05-26,715837829,True,proxy
Pemkab Toba,organization,Partai Keadilan Indonesia,political-party,2025-01-30,66048421,True,illegal_source
PD Susanti,corporation,Anita Suryatmi,individual,2024-12-07,17710646096,False,
Drs. Dinda Pranowo,individual,Partai Persatuan,political-party,2024-02-11,162225656,False,
PD Damanik Purwanti (Persero) Tbk,corporation,KH. Legawa Haryanti,individual,2024-08-26,1926934171,True,self_funded
Hj. Nadia Mustofa,individual,Partai Solidaritas Indonesia,political-party,2025-11-16,50604409,True,smurfing
UD Wibowo,organization,Partai Persatuan,political-party,2024-06-04,26872674,True,proxy
PD Habibi Wijayanti (Persero) Tbk,corporation,Wadi Permata,individual,2025-02-19,6357444384,False,
Hairyanto Napitupulu,individual,"R. Siska Hartati, S.Ked",individual,2025-08-25,2058250924,False,
Unjani Thamrin,individual,Partai Solidaritas Indonesia,political-party,2025-03-13,88111763,False,
PT Manullang Palastri Tbk,corporation,"Ir. Harja Wasita, S.Ked",individual,2024-09-23,2060639835,True,self_funded
PT Putra Pradana (Persero) Tbk,corporation,Erik Hartati,individual,2025-03-07,6894719904,True,self_funded
Kariman Waskita,individual,Yuliana Situmorang,individual,2025-01-13,70466348,True,smurfing
PD Purnawati,corporation,Bakiman Hastuti,individual,2024-03-16,35058276,True,smurfing
PD Putra,corporation,Tri Wijayanti,individual,2025-03-16,384027410,True,proxy
Perum Prakasa Uyainah Tbk,organization,Partai Indonesia Maju,political-party,2025-01-11,1571483793,True,proxy
UD Kusumo (Persero) Tbk,corporation,Najam Firmansyah,individual,2024-08-24,10649888812,False,
Virman Latupono,individual,Tgk. Clara Mangunsong,individual,2025-05-09,1826946925,False,
Ajeng Rahayu,individual,Partai Persatuan,political-party,2025-10-16,160354536,False,
Perum Astuti Melani Tbk,organization,Partai Keadilan Indonesia,political-party,2024-02-11,542307558,True,proxy
Rahmi Budiman,individual,Partai Indonesia Maju,political-party,2024-07-03,117765824,False,
"Sutan Harjasa Rahayu, S.I.Kom",individual,Partai Nasional Demokrat,political-party,2024-12-16,36374865,False,
CV Saefullah Farida,organization,Hamima Rahmawati,individual,2024-02-13,44922426,True,smurfing
UD Tarihoran,corporation,Keisha Hutasoit,individual,2024-10-17,14861251019,True,self_funded
UD Winarno Purwanti,organization,Partai Keadilan Indonesia,political-party,2025-01-16,306760072,False,
Perum Agustina Putra,corporation,Sabrina Narpati,individual,2025-06-24,19436053017,True,self_funded
CV Anggriawan,organization,Partai Nasional Demokrat,political-party,2024-06-17,755542959,True,proxy
CV Laksita Irawan (Persero) Tbk,corporation,Partai Indonesia Maju,political-party,2024-12-07,128850592,False,
PD Permadi Wahyudin,corporation,"Dr. Heru Wacana, M.Kom.",individual,2024-03-22,18630478130,False,
drg. Vanesa Pranowo,individual,Partai Nasional Demokrat,political-party,2025-05-03,32455517,False,
PT Kereta Api Indonesia (Persero),corporation,"Rachel Nuraini, S.Farm",individual,2024-03-27,6423224660,True,illegal_source
Perum Prakasa Tbk,corporation,Lalita Wastuti,individual,2024-07-13,5262717705,False,
PD Mardhiyah,corporation,Partai Amanat Rakyat,political-party,2025-08-22,288930799,False,
"Dodo Mandasari, S.E.",individual,Partai Nasional Demokrat,political-party,2024-09-03,8224473,False,
PT Mangunsong,corporation,Partai Harapan Bangsa,political-party,2025-09-06,1605100346,True,proxy
Ir. Ajiman Yuniar,individual,Partai Solidaritas Indonesia,political-party,2024-08-18,117462147,False,
PD Hidayat Kusumo Tbk,organization,"Indah Maulana, S.Pt",individual,2024-09-07,516068781,True,proxy
PD Nashiruddin Puspasari,organization,"Dr. Hasta Situmorang, M.Pd",individual,2025-10-14,14309855921,False,
Makara Rajata,individual,"Ir. Adinata Hidayat, S.I.Kom",individual,2024-06-07,2253897511,True,self_funded
Uda Hastuti,individual,Partai Persatuan,political-party,2025-11-30,378693613,True,over_limit
"Tomi Andriani, M.Farm",individual,Partai Persatuan,political-party,2025-01-31,42528046,False,
"Faizah Anggriawan, S.E.I",individual,"Sari Budiman, S.E.I",individual,2024-01-29,514875036,True,self_funded
CV Wacana (Persero) Tbk,corporation,Niyaga Napitupulu,individual,2024-01-20,1820395355,True,proxy
PT Saputra Halim,corporation,Partai Kebangkitan Rakyat,political-party,2025-02-01,520528959,False,
Perum Mustofa Tbk,corporation,Paiman Rajata,individual,2024-06-25,63855616,True,smurfing
PD Laksita Narpati,corporation,Asmuni Susanti,individual,2024-02-10,9115201199,False,
Pemerintah Kota Surabaya,organization,Partai Persatuan,political-party,2025-08-27,86454020,True,illegal_source
PT Melani Tbk,organization,Partai Persatuan,political-party,2025-09-24,139439585,False,
"Winda Putra, S.T.",individual,Silvia Haryanti,individual,2025-06-11,1305694684,True,self_funded
PD Nasyiah Handayani Tbk,organization,Partai Harapan Bangsa,political-party,2024-08-19,629217400,True,proxy
Galih Santoso,individual,"Chelsea Zulaika, S.E.",individual,2024-01-01,461165932,True,self_funded
UD Uwais Wijayanti,corporation,Ghani Saragih,individual,2025-09-30,1268933234,True,proxy
PT Purnawati Hutapea (Persero) Tbk,corporation,"Dr. Emin Januar, S.IP",individual,2025-01-22,1022156334,True,proxy
Dina Riyanti,individual,Melinda Megantara,individual,2025-10-25,408778771,False,
Ikin Maryati,individual,Partai Persatuan,political-party,2024-05-02,141603848,False,
PT Telekomunikasi Indonesia (Persero),corporation,"R.M. Bahuwarna Melani, S.IP",individual,2025-02-16,11043610079,True,illegal_source
"Ir. Humaira Waluyo, S.IP",individual,Hesti Firgantoro,individual,2025-11-13,1706086052,False,
Perum Wibowo Tbk,corporation,Mursita Pradipta,individual,2025-01-01,39953141487,True,over_limit
CV Pangestu (Persero) Tbk,organization,Partai Harapan Bangsa,political-party,2024-12-03,1232806103,True,proxy
UD Rajasa,corporation,"Bagas Halim, S.Pd",individual,2024-02-17,21264995185,True,self_funded
Michelle Hariyah,individual,Partai Nasional Demokrat,political-party,2025-03-23,11759607,True,smurfing
CV Waluyo (Persero) Tbk,corporation,Putri Purnawati,individual,2024-02-02,18119193999,True,self_funded
UD Dabukke Tbk,corporation,Kariman Sihotang,individual,2025-10-20,10915590281,False,
"Gamblang Prasetyo, S.Kom",individual,Partai Demokrat,political-party,2024-06-08,55320195,False,
Cindy Latupono,individual,Partai Amanat Rakyat,political-party,2025-03-08,102053387,False,
Michelle Waskita,individual,"Hj. Uli Suartini, M.Kom.",individual,2024-08-23,34142744,True,smurfing
PT Sihombing Tbk,organization,Jaeman Adriansyah,individual,2025-07-14,32284097241,True,over_limit
CV Pratiwi Yolanda (Persero) Tbk,organization,"Cut Jane Najmudin, S.E.",individual,2024-04-30,1464600168,True,proxy
PT Tamba,corporation,"Candra Nasyiah, S.IP",individual,2024-04-07,71668640,True,smurfing
UD Nasyidah,corporation,Iriana Haryanti,individual,2024-08-06,11519856841,True,self_funded
PD Nugroho Mayasari,corporation,Partai Harapan Bangsa,political-party,2024-04-25,1071795924,True,proxy
Eka Astuti,individual,Partai Demokrat,political-party,2025-08-21,56770858,False,
Perum Mandala Sirait (Persero) Tbk,organization,Hj. Jane Mansur,individual,2024-04-26,524711608,True,proxy
"Drs. Jarwadi Gunarto, M.TI.",individual,Cut Kartika Purwanti,individual,2025-08-13,2131040853,True,self_funded
CV Megantara,corporation,Partai Rakyat Sejahtera,political-party,2024-06-17,450765657,False,
CV Iswahyudi Tarihoran,organization,Partai Solidaritas Indonesia,political-party,2024-10-04,1301334237,True,proxy
PT Mahendra Firmansyah Tbk,organization,Muhammad Marbun,individual,2024-02-26,629264598,True,proxy
Karen Januar,individual,H. Virman Widodo,individual,2024-04-17,903503156,False,
UD Puspasari Yuniar Tbk,organization,Tirtayasa Nurdiyanti,individual,2024-08-17,1619970781,True,proxy
Ratna Anggriawan,individual,Lanang Nugroho,individual,2024-05-25,1222587218,True,self_funded
Laswi Yuliarti,individual,Partai Indonesia Maju,political-party,2024-03-11,72084337,True,smurfing
PT Wahyuni Tbk,corporation,Partai Indonesia Maju,political-party,2024-06-08,76897715,True,smurfing
"Almira Wasita, M.Farm",individual,Partai Harapan Bangsa,political-party,2025-04-26,168697983,False,
Hj. Mutia Suryono,individual,Agnes Hardiansyah,individual,2024-01-01,355129354,True,self_funded
Galar Jailani,individual,Partai Demokrat,political-party,2024-02-05,11803301,False,
PT Permata Tbk,corporation,Partai Demokrat,political-party,2025-05-11,82047113,True,smurfing
"Hj. Aurora Mustofa, S.H.",individual,Partai Harapan Bangsa,political-party,2025-08-21,24566205,True,smurfing
PT Pertamina (Persero),corporation,Partai Indonesia Maju,political-party,2024-02-29,524237208,True,illegal_source
PT Namaga,corporation,Partai Amanat Rakyat,political-party,2024-04-30,332254474,False,
"Putri Sitorus, M.M.",individual,Partai Kebangkitan Rakyat,political-party,2024-05-14,34936844,False,
Cornelia Nugroho,individual,"H. Bakidin Puspasari, S.Gz",individual,2024-10-07,396847069,False,
CV Pradipta Prasetya Tbk,organization,Partai Rakyat Sejahtera,political-party,2025-12-21,927298701,True,proxy
Aurora Pradipta,individual,"R.A. Lili Winarsih, S.E.",individual,2025-09-11,1925049642,True,self_funded
Galar Ardianto,individual,Yance Hutapea,individual,2024-04-16,1535012299,True,self_funded
"Karimah Napitupulu, M.M.",individual,R.A. Talia Najmudin,individual,2024-04-08,1990689550,True,self_funded
UD Ardianto Latupono,organization,Partai Amanat Rakyat,political-party,2025-12-14,491815449,False,
Uli Nugroho,individual,Partai Demokrat,political-party,2024-10-13,37872294,False,
PT Maulana Januar,corporation,Belinda Waluyo,individual,2025-01-04,9484864484,True,self_funded
UD Ramadan Suartini,corporation,Anita Prasasta,individual,2025-06-12,7849030948,False,
UD Situmorang Riyanti,organization,"Ajiono Samosir, S.E.",individual,2024-09-28,7297350,True,smurfing
UD Prayoga Latupono (Persero) Tbk,organization,Partai Amanat Rakyat,political-party,2025-12-07,1863585965,True,proxy
UD Firgantoro,organization,Cinthia Nurdiyanti,individual,2024-09-03,487898366,True,proxy
Perum Simanjuntak,corporation,Partai Solidaritas Indonesia,political-party,2024-02-19,16279610,False,
Yuni Wijayanti,individual,Jasmani Manullang,individual,2025-02-18,29892222,True,smurfing
Perum Siregar Tbk,corporation,Partai Nasional Demokrat,political-party,2025-09-01,115918750,False,
Perum Mustofa Waluyo (Persero) Tbk,organization,Harto Pratama,individual,2024-06-13,22776410,True,proxy
"Wani Zulaika, M.Farm",individual,Partai Indonesia Maju,political-party,2024-01-22,66577730,False,
Lalita Hariyah,individual,Putri Lailasari,individual,2025-01-04,1415857111,False,
Sadina Habibi,individual,"Dr. Juli Wastuti, M.M.",individual,2025-02-12,906967872,True,self_funded
Niyaga Hutasoit,individual,Drs. Hasan Wijayanti,individual,2025-02-09,2180370640,True,self_funded
Kamila Siregar,individual,Partai Amanat Rakyat,political-party,2024-07-18,16422817,False,
CV Marbun Tbk,organization,Galiono Agustina,individual,2024-05-19,419725669,True,proxy
CV Mahendra Kusmawati,organization,"Balijan Pratiwi, S.Kom",individual,2024-12-27,48632835657,True,over_limit
"Hamima Widiastuti, M.Kom.",individual,Partai Solidaritas Indonesia,political-party,2025-11-28,74155352,True,smurfing
"Irnanto Rahmawati, S.Ked",individual,Partai Demokrat,political-party,2024-08-03,15592356,False,
UD Nurdiyanti Tbk,organization,"Cinthia Saputra, M.TI.",individual,2025-09-12,1656085912,True,proxy
PD Dongoran Sihotang Tbk,corporation,"Cut Zulfa Winarsih, S.Pd",individual,2025-03-19,17797978562,True,self_funded
Artawan Zulkarnain,individual,Partai Indonesia Maju,political-party,2024-10-07,23612283,False,
Perum Sudiati Sinaga Tbk,organization,Rachel Prayoga,individual,2024-07-31,12743562,True,smurfing
UD Usada Kusmawati,corporation,Partai Nasional Demokrat,political-party,2025-09-03,1737360997,True,proxy
UD Mardhiyah,corporation,"Drs. Najwa Melani, M.Ak",individual,2025-03-26,16727040071,True,self_funded
PT Astuti Thamrin (Persero) Tbk,corporation,Nilam Hastuti,individual,2025-06-12,2320907944,False,
PT Simbolon Tbk,organization,Partai Persatuan,political-party,2024-10-18,117698223,False,
UD Wahyudin,corporation,Gambira Widiastuti,individual,2025-08-01,2091509454,False,
Pia Hakim,individual,Salimah Hidayanto,individual,2025-09-11,614169650,True,self_funded
PT Hidayat,corporation,Partai Kebangkitan Rakyat,political-party,2024-05-20,663367154,False,
CV Gunawan (Persero) Tbk,corporation,T. Jagapati Hidayat,individual,2025-09-13,21058282672,True,self_funded
"R.A. Lalita Wasita, M.Ak",individual,Partai Nasional Demokrat,political-party,2025-12-23,36311072,False,
PT Zulaika Tbk,corporation,Partai Keadilan Indonesia,political-party,2024-03-13,5399705,False,
Perum Mulyani Wijayanti Tbk,corporation,"Drs. Unjani Winarno, M.Ak",individual,2025-03-17,12315635883,True,self_funded
CV Zulaika Tbk,corporation,Hamima Oktaviani,individual,2025-06-29,2471006205,True,self_funded
"Umaya Mulyani, S.Pd",individual,Partai Persatuan,political-party,2024-06-01,74314744,False,
"R. Usyi Sinaga, S.Pt",individual,Hasta Uyainah,individual,2024-05-11,1393677958,False,
Uchita Tamba,individual,"Alambana Jailani, S.Sos",individual,2025-09-22,602462516,True,self_funded
UD Utama Tbk,organization,Partai Indonesia Maju,political-party,2025-11-23,49818509,True,smurfing
PT Lestari Nuraini,corporation,Ikin Budiyanto,individual,2024-08-27,7300738553,False,
UD Kuswandari Purnawati,organization,Partai Persatuan,political-party,2024-05-17,414809341,False,
R. Zelaya Yulianti,individual,Partai Kebangkitan Rakyat,political-party,2025-07-11,61847428,False,
PD Saptono Palastri Tbk,organization,Hj. Paulin Safitri,individual,2025-09-17,1890135902,True,proxy
PD Halim Wijaya,corporation,"Dt. Mitra Yuniar, S.E.I",individual,2025-12-02,81746023,True,smurfing
UD Rajasa Pranowo Tbk,organization,Saiful Purwanti,individual,2025-08-11,9583747708,False,
Kamila Prastuti,individual,Endra Setiawan,individual,2025-10-05,883068379,False,
Perum Sirait Wulandari,corporation,Tgk. Kani Najmudin,individual,2025-12-24,22219928645,True,self_funded
"Dt. Luhung Prasasta, S.Ked",individual,"KH. Jarwadi Rahimah, S.Sos",individual,2025-02-08,424254590,True,self_funded
UD Mandala Hutagalung,organization,Vinsen Wijayanti,individual,2025-02-10,21168921852,False,
UD Laksmiwati Hartati,corporation,Tania Lailasari,individual,2025-11-21,9158176227,False,
Perum Siregar Putra,corporation,Umay Hariyah,individual,2024-05-18,7477814162,True,self_funded
UD Prasetya,corporation,Jasmani Thamrin,individual,2024-07-12,1044136628,True,proxy
Maras Wulandari,individual,Partai Harapan Bangsa,political-party,2024-08-13,161161377,False,
Perum Riyanti Mahendra Tbk,organization,Mahesa Sitompul,individual,2025-06-24,3863562385,False,
Yunita Mardhiyah,individual,Partai Persatuan,political-party,2025-12-19,60347670,False,
PD Waluyo Waluyo (Persero) Tbk,organization,Partai Nasional Demokrat,political-party,2025-06-14,68037388,True,smurfing
"dr. Iriana Samosir, S.Ked",individual,Zamira Laksita,individual,2025-11-16,1028759593,False,
Ajeng Setiawan,individual,Yance Rahmawati,individual,2024-08-03,772295203,False,
Perum Pudjiastuti Tbk,corporation,Partai Keadilan Indonesia,political-party,2025-08-18,63360362,True,smurfing
Perum Dabukke Maheswara,organization,Partai Harapan Bangsa,political-party,2024-11-02,230377371,False,
Perum Nainggolan Tbk,corporation,Partai Solidaritas Indonesia,political-party,2025-09-18,493737243,False,
PD Dabukke (Persero) Tbk,corporation,Partai Keadilan Indonesia,political-party,2025-05-13,84615362,True,smurfing
Jindra Jailani,individual,Okto Wacana,individual,2025-05-19,632938869,False,
UD Namaga Hutasoit (Persero) Tbk,corporation,"Drs. Cahyanto Dabukke, S.I.Kom",individual,2025-03-20,8810108874,True,self_funded
PD Natsir Wacana,corporation,"Asmianto Melani, S.Pd",individual,2025-05-30,11303150744,True,self_funded
Kadir Hidayanto,individual,Partai Persatuan,political-party,2025-04-09,12530093,False,
CV Hakim (Persero) Tbk,corporation,Rahmi Hidayanto,individual,2025-09-19,1785622293,True,proxy
PT Pertiwi,corporation,Margana Andriani,individual,2025-10-13,14368871301,True,self_funded
Manah Pangestu,individual,"R. Ganep Nainggolan, M.Kom.",individual,2025-06-23,65642898,True,smurfing
Emil Hutasoit,individual,Dewi Saefullah,individual,2024-02-19,12157787,True,smurfing
Pemerintah Desa Cibeber,organization,Ir. Melinda Zulaika,individual,2025-12-18,14702350562,True,illegal_source
Agnes Mulyani,individual,Partai Solidaritas Indonesia,political-party,2024-03-21,172686745,False,
CV Safitri,organization,Taswir Suwarno,individual,2024-01-11,9203635,True,smurfing
PT Widiastuti,corporation,Partai Nasional Demokrat,political-party,2025-06-20,1135150745,True,proxy
PD Yulianti Gunawan (Persero) Tbk,corporation,Partai Amanat Rakyat,political-party,2024-11-03,333209155,False,
CV Marpaung Mardhiyah,organization,Partai Indonesia Maju,political-party,2025-02-05,1916485399,True,proxy
UD Jailani Prakasa (Persero) Tbk,corporation,Salsabila Sihotang,individual,2024-06-26,12096637663,True,self_funded
PD Yulianti (Persero) Tbk,corporation,Partai Nasional Demokrat,political-party,2024-11-06,10790660,True,smurfing
"H. Yahya Firmansyah, M.Farm",individual,"Puti Tami Uwais, M.Ak",individual,2024-09-26,1654159168,False,
CV Iswahyudi,corporation,Partai Nasional Demokrat,political-party,2024-03-11,1985177820,True,proxy
Perum Mandala Permata Tbk,corporation,Fitria Laksita,individual,2025-05-08,22821557,True,smurfing
Perum Narpati,organization,Partai Indonesia Maju,political-party,2025-09-09,717759544,False,
PD Fujiati Waskita (Persero) Tbk,corporation,Sutan Ade Winarno,individual,2025-06-19,85434065,True,smurfing
UD Hassanah Saptono,organization,Partai Nasional Demokrat,political-party,2024-06-14,90880275,False,
UD Permata Tbk,corporation,"H. Hasta Mandala, S.IP",individual,2025-08-03,90692087,True,smurfing
PD Mansur,corporation,Indah Hidayanto,individual,2024-01-19,11294241011,False,
PT Saefullah Tbk,corporation,Faizah Sudiati,individual,2024-12-18,1887214252,True,proxy
"R.A. Faizah Nurdiyanti, S.Pt",individual,Jais Simbolon,individual,2024-05-17,419657204,False,
Perum Pradana Prasetya,organization,Suci Usada,individual,2024-09-26,8321016219,False,
UD Sitorus (Persero) Tbk,corporation,Partai Keadilan Indonesia,political-party,2025-07-07,42901336,True,smurfing
UD Hasanah (Persero) Tbk,corporation,Partai Demokrat,political-party,2025-10-20,989449612,True,proxy
Dr. Syahrini Thamrin,individual,Partai Solidaritas Indonesia,political-party,2024-05-22,164485127,False,
"Dr. Malik Gunarto, S.E.",individual,Partai Keadilan Indonesia,political-party,2025-12-22,75345520,False,
CV Suryono,corporation,Partai Nasional Demokrat,political-party,2024-04-21,3655660,False,
PD Prastuti (Persero) Tbk,corporation,Partai Keadilan Indonesia,political-party,2024-06-16,177802204,False,
Perum Manullang Waskita,corporation,Partai Amanat Rakyat,political-party,2025-04-03,694122301,False,
Langgeng Prasetya,individual,Partai Indonesia Maju,political-party,2024-08-29,155879987,False,
PD Maulana,organization,Sabrina Maryadi,individual,2025-02-10,1516522185,True,proxy
Perum Susanti Novitasari,corporation,Partai Harapan Bangsa,political-party,2024-07-10,15378801,True,smurfing
Titi Simbolon,individual,Partai Solidaritas Indonesia,political-party,2024-01-01,36965397,False,
Erik Mardhiyah,individual,Karimah Samosir,individual,2024-11-19,1009971877,False,
PD Rajata,corporation,Partai Keadilan Indonesia,political-party,2024-03-21,26292274,True,smurfing
PD Hassanah Widiastuti,organization,Surya Thamrin,individual,2024-12-15,440489223,False,
Perum Waskita Tbk,corporation,"Tgk. Restu Mandasari, S.Farm",individual,2024-12-07,54457242,True,smurfing
UD Hardiansyah Rahayu,organization,Partai Persatuan,political-party,2025-08-14,644049062,False,
PD Wulandari Lailasari (Persero) Tbk,organization,Partai Nasional Demokrat,political-party,2024-06-23,29125024,True,smurfing
"T. Jamil Utama, S.Kom",individual,Partai Nasional Demokrat,political-party,2025-08-14,90183061,False,
Pemerintah Desa Sukamulya,organization,Partai Keadilan Indonesia,political-party,2025-08-25,566154626,True,illegal_source
Asmadi Puspasari,individual,Partai Harapan Bangsa,political-party,2024-08-14,380678768,True,over_limit
PT Pertamina (Persero),corporation,"Hj. Rahmi Maryadi, S.Psi",individual,2024-03-04,5823567865,True,illegal_source
Emin Lestari,individual,"dr. Oman Saragih, M.Ak",individual,2024-04-11,32927560,True,smurfing
Jarwi Nababan,individual,Partai Keadilan Indonesia,political-party,2024-08-17,103284256,False,
Pemerintah Desa Sukamulya,organization,"Hj. Ellis Hariyah, M.Kom.",individual,2025-05-05,19534948123,True,illegal_source
"R.A. Mala Salahudin, S.Kom",individual,Kamaria Wastuti,individual,2025-06-22,833861577,False,
"Tgk. Asirwanda Laksita, S.T.",individual,Amalia Rahimah,individual,2024-06-13,1287137761,False,
Vera Wulandari,individual,"Daruna Prasetyo, M.Kom.",individual,2025-04-26,1327326303,True,self_funded
PT Wijaya,corporation,Zahra Nuraini,individual,2024-04-06,1809478181,True,proxy
Perum Gunarto (Persero) Tbk,organization,Partai Indonesia Maju,political-party,2024-09-11,3783252,True,smurfing
Adinata Zulkarnain,individual,Gantar Agustina,individual,2024-12-31,54899515,False,
Dt. Gamani Mardhiyah,individual,"Drs. Febi Hasanah, M.M.",individual,2025-05-08,359278322,False,
Artanto Ardianto,individual,Partai Harapan Bangsa,political-party,2025-03-20,42343256,True,smurfing
UD Purwanti Namaga (Persero) Tbk,corporation,Partai Nasional Demokrat,political-party,2024-03-01,626416780,True,proxy
UD Sihombing,corporation,Partai Demokrat,political-party,2025-04-03,707673464,False,
Melinda Halim,individual,Partai Rakyat Sejahtera,political-party,2024-06-29,124546378,False,
Lidya Budiman,individual,Partai Amanat Rakyat,political-party,2025-08-21,24986669,False,
CV Laksita Tbk,organization,Partai Persatuan,political-party,2025-04-11,670195076,True,proxy
PT Marbun Permata,corporation,Bakiadi Suwarno,individual,2025-03-06,17937935,True,smurfing
CV Waluyo Astuti (Persero) Tbk,corporation,"R.M. Karna Saefullah, S.I.Kom",individual,2025-10-12,13511546667,False,
UD Pratiwi Jailani,corporation,Ayu Mardhiyah,individual,2025-11-20,976155731,True,proxy
CV Napitupulu,organization,"R.A. Faizah Mustofa, S.Pd",individual,2024-12-23,1279108767,True,proxy
"Rahmi Prasetyo, S.E.I",individual,Tira Manullang,individual,2025-08-11,25103464,True,self_funded
CV Adriansyah (Persero) Tbk,corporation,Partai Keadilan Indonesia,political-party,2024-04-02,83558060,False,
UD Uyainah Namaga (Persero) Tbk,corporation,drg. Candra Wastuti,individual,2024-12-30,6069362735,True,self_funded
Ami Adriansyah,individual,Partai Nasional Demokrat,political-party,2024-01-29,95464949,False,
CV Gunarto (Persero) Tbk,organization,Lanjar Gunawan,individual,2025-11-29,15401401411,False,
dr. Novi Najmudin,individual,"Yance Melani, S.H.",individual,2025-04-14,1306060649,False,
"Opan Hakim, S.Kom",individual,Partai Demokrat,political-party,2025-01-30,62942234,False,
CV Wastuti Tbk,corporation,Nilam Hutagalung,individual,2024-02-17,22969484094,True,self_funded
Unggul Wahyudin,individual,"T. Teguh Prakasa, M.Ak",individual,2024-01-26,464751444,True,self_funded
PT Hassanah Natsir,organization,Partai Solidaritas Indonesia,political-party,2024-05-09,95445753,True,smurfing
PT Nababan,organization,Partai Indonesia Maju,political-party,2025-10-02,1346070390,True,proxy
UD Hutapea Narpati (Persero) Tbk,corporation,Bakidin Mardhiyah,individual,2024-08-13,3036778134,False,
PT Nurdiyanti,corporation,Partai Kebangkitan Rakyat,political-party,2025-02-28,539662781,False,
Emil Wijayanti,individual,Partai Demokrat,political-party,2025-04-30,73003614,True,smurfing
CV Narpati,organization,Luwes Pertiwi,individual,2024-08-20,15450270851,False,
CV Prasetya Usada,organization,Partai Demokrat,political-party,2024-03-10,60815219,True,proxy
CV Fujiati Nugroho Tbk,organization,Drs. Vicky Laksmiwati,individual,2024-12-27,41520996723,True,over_limit
Gatot Prasetya,individual,Putu Situmorang,individual,2024-12-01,1216255606,False,
drg. Samiah Rahayu,individual,Galiono Pradana,individual,2025-09-23,22605975,False,
CV Wastuti,corporation,Partai Amanat Rakyat,political-party,2025-08-13,832684743,True,proxy
CV Narpati Tbk,corporation,Partai Persatuan,political-party,2025-06-13,751148351,True,proxy
Drs. Janet Fujiati,individual,Partai Demokrat,political-party,2025-07-22,159335936,False,
PD Ardianto,corporation,Hamima Samosir,individual,2024-07-09,23882974790,True,self_funded
Perum Aryani Tbk,corporation,Partai Nasional Demokrat,political-party,2025-10-22,157885829,False,
"Dr. Hana Saputra, M.Ak",individual,Salsabila Utama,individual,2024-07-12,1619927391,True,self_funded
PD Budiman (Persero) Tbk,corporation,Harjaya Maulana,individual,2024-02-11,78704130,True,smurfing
"Drs. Zulaikha Mangunsong, S.IP",individual,Partai Persatuan,political-party,2025-11-03,79466512,False,
Maimunah Uwais,individual,Yulia Hidayanto,individual,2025-09-02,768805002,False,
CV Najmudin Hasanah (Persero) Tbk,organization,Partai Nasional Demokrat,political-party,2024-05-09,283968684,True,proxy
UD Hidayat Anggraini (Persero) Tbk,corporation,Partai Solidaritas Indonesia,political-party,2025-02-28,226338870,False,
Eko Wastuti,individual,Mutia Sitorus,individual,2025-08-08,647873522,True,self_funded
PT Purwanti,corporation,"dr. Carla Suryono, S.Ked",individual,2024-07-01,8823187,True,smurfing
Hasim Nasyiah,individual,Partai Indonesia Maju,political-party,2024-10-20,111980497,False,
Perum Ramadan Wastuti,corporation,Tirta Sirait,individual,2025-03-29,2374749060,True,self_funded
Hj. Rika Wulandari,individual,Indah Wijaya,individual,2025-09-15,1403256847,False,
Perum Palastri Mansur,organization,Partai Persatuan,political-party,2024-11-01,67171808,True,smurfing
Vanya Mahendra,individual,"KH. Kajen Kuswoyo, S.T.",individual,2024-08-11,1506983211,True,self_funded
Laras Budiyanto,individual,Partai Harapan Bangsa,political-party,2024-09-12,100574470,False,
Ira Habibi,individual,"Bakti Mulyani, S.E.I",individual,2024-05-10,344143101,True,self_funded
Pemerintah Desa Cibeber,organization,dr. Nadia Puspasari,individual,2024-04-10,899841092,True,illegal_source
UD Suryono Tbk,organization,Partai Keadilan Indonesia,political-party,2025-10-17,1142445874,True,proxy
UD Budiman Suryono Tbk,organization,Partai Indonesia Maju,political-party,2024-09-29,53118431,True,smurfing
PD Lazuardi,corporation,Partai Keadilan Indonesia,political-party,2024-10-24,39925138,True,smurfing
CV Purwanti Mardhiyah,corporation,Partai Kebangkitan Rakyat,political-party,2025-05-28,578146595,False,
CV Sitorus Aryani (Persero) Tbk,organization,Partai Nasional Demokrat,political-party,2025-01-23,406926582,False,
"Ulva Hutapea, S.Kom",individual,Partai Harapan Bangsa,political-party,2024-05-09,85226346,True,smurfing
Zelaya Ramadan,individual,Partai Demokrat,political-party,2024-07-21,17690638,False,
UD Melani Gunawan (Persero) Tbk,corporation,Ika Suryono,individual,2024-02-11,928130340,True,proxy
PD Rahayu Tbk,corporation,Hj. Kamila Suryono,individual,2024-09-05,68476949,True,smurfing
"Jamil Hardiansyah, S.IP",individual,Febi Yuniar,individual,2024-05-07,396273273,True,self_funded
Yono Hariyah,individual,Cindy Kusumo,individual,2025-11-16,936805828,True,self_funded
"Luwes Oktaviani, S.H.",individual,Partai Rakyat Sejahtera,political-party,2024-01-31,63822684,True,smurfing
Victoria Simbolon,individual,"Hadi Hakim, S.Ked",individual,2024-05-08,253996748,False,
dr. Joko Sihombing,individual,Partai Indonesia Maju,political-party,2025-07-03,130419241,False,
Mutia Mustofa,individual,Siska Usada,individual,2025-08-16,418283459,False,
PD Rajasa Tampubolon,organization,Partai Solidaritas Indonesia,political-party,2025-01-30,34676557,True,smurfing
CV Kuswandari Susanti,corporation,"Dr. Tirtayasa Wasita, S.E.",individual,2024-07-06,1876030473,True,proxy
UD Mandala,organization,Tgk. Bagya Simanjuntak,individual,2025-10-16,14242688285,False,
UD Gunawan Tbk,corporation,Partai Indonesia Maju,political-party,2024-09-29,380801029,False,
UD Wacana,corporation,Lalita Kusumo,individual,2025-12-18,3958750154,True,self_funded
Agus Haryanto,individual,"Putri Winarno, M.M.",individual,2024-12-03,164833127,True,self_funded
Eman Widiastuti,individual,Paris Maheswara,individual,2025-01-18,770496080,False,
PD Safitri (Persero) Tbk,corporation,"Ciaobella Yolanda, S.IP",individual,2024-12-20,9263324571,False,
Warsa Budiyanto,individual,Partai Indonesia Maju,political-party,2024-06-03,46231678,False,
"Johan Dabukke, S.Farm",individual,"Lintang Agustina, S.Pd",individual,2024-02-13,1287215762,False,
PD Maryadi Widiastuti,corporation,Partai Demokrat,political-party,2025-06-17,253330898,True,proxy
CV Namaga (Persero) Tbk,corporation,Yulia Hartati,individual,2024-03-20,88178248,True,smurfing
"Sadina Hastuti, S.Sos",individual,Partai Demokrat,political-party,2024-11-15,65154860,False,
PT Laksita,organization,Farhunnisa Kurniawan,individual,2025-08-07,14457349085,False,
CV Lailasari Tbk,organization,Partai Rakyat Sejahtera,political-party,2024-11-28,87237332,True,proxy
PD Rajasa Mahendra Tbk,organization,Partai Kebangkitan Rakyat,political-party,2025-05-24,1614109142,True,proxy
UD Budiyanto Puspita,corporation,"R. Panca Lestari, M.Kom.",individual,2025-12-17,455881111,True,proxy
Perum Purwanti Pradipta (Persero) Tbk,corporation,Estiawan Namaga,individual,2024-06-19,8499189934,True,self_funded
Joko Halim,individual,"dr. Adinata Marbun, S.E.",individual,2024-10-08,2094737343,False,
PT Nugroho Tampubolon (Persero) Tbk,corporation,Partai Solidaritas Indonesia,political-party,2025-08-23,664366640,False,
CV Prastuti Mangunsong Tbk,corporation,H. Saiful Mardhiyah,individual,2025-01-18,5494494480,False,
CV Pratama Tbk,organization,Bakiman Wibowo,individual,2024-03-16,45712185275,True,over_limit
CV Budiyanto Napitupulu,corporation,Partai Indonesia Maju,political-party,2025-04-13,616158519,True,proxy
UD Simbolon,corporation,Talia Wijayanti,individual,2025-01-19,1492531167,False,
PD Lazuardi Yuliarti,corporation,Partai Kebangkitan Rakyat,political-party,2024-12-30,619488503,True,proxy
Karimah Suryatmi,individual,Kamaria Wacana,individual,2024-11-08,716882510,True,self_funded
PT Januar Tbk,organization,Faizah Hutasoit,individual,2025-02-14,14745936,True,smurfing
PD Sudiati Astuti,corporation,Partai Kebangkitan Rakyat,political-party,2024-05-09,205166440,False,
Perum Firgantoro,organization,"Kardi Rahmawati, M.Pd",individual,2025-10-16,9848088871,False,
Intan Pratama,individual,Partai Rakyat Sejahtera,political-party,2024-05-22,66091530,True,smurfing
Talia Kusumo,individual,Partai Kebangkitan Rakyat,political-party,2024-08-24,33113342,True,smurfing
PD Mardhiyah (Persero) Tbk,organization,Umi Wijaya,individual,2025-07-17,405340802,True,proxy
"Jumari Rajasa, S.Kom",individual,Partai Amanat Rakyat,political-party,2025-07-16,165525419,False,
UD Siregar Januar,corporation,"Dt. Galuh Uyainah, M.M.",individual,2025-01-08,22428382267,False,
PT Salahudin Hartati Tbk,organization,Sutan Mulyono Rajata,individual,2024-05-22,1853211714,True,proxy
CV Suryatmi (Persero) Tbk,organization,Reksa Ramadan,individual,2025-09-06,1146454438,True,proxy
"drg. Nova Wasita, M.Kom.",individual,Dt. Lurhur Wacana,individual,2024-08-04,1755767100,False,
Drs. Ella Sihombing,individual,Partai Persatuan,political-party,2024-12-26,125267955,False,
PT Kuswoyo (Persero) Tbk,corporation,Ilyas Narpati,individual,2025-02-24,11381117856,False,
PT Rahimah Namaga,organization,Partai Persatuan,political-party,2024-09-14,130657636,True,proxy
Luwes Salahudin,individual,Maya Pangestu,individual,2025-01-20,20908864,True,smurfing
CV Natsir,organization,Partai Harapan Bangsa,political-party,2024-12-01,456942642,False,
UD Usamah Yolanda Tbk,corporation,Partai Persatuan,political-party,2024-10-12,29173493,True,smurfing
PD Maheswara Ramadan (Persero) Tbk,organization,Pangestu Yolanda,individual,2024-07-23,312039467,True,proxy
UD Yolanda,corporation,Partai Amanat Rakyat,political-party,2025-12-07,578952661,False,
Martana Budiman,individual,Paris Anggriawan,individual,2024-03-25,886899332,False,
PT Dongoran,corporation,Jayadi Zulaika,individual,2024-05-18,3361000489,True,self_funded
CV Kusumo Halim Tbk,corporation,Partai Nasional Demokrat,political-party,2024-10-07,513435963,True,proxy
Usyi Suwarno,individual,"Rachel Nasyiah, S.Farm",individual,2024-07-17,605137861,True,self_funded
Ifa Saputra,individual,Partai Keadilan Indonesia,political-party,2024-09-23,131175071,False,
CV Wibisono Pratiwi (Persero) Tbk,corporation,Partai Rakyat Sejahtera,political-party,2025-09-21,655924254,False,
"Zelda Puspita, M.Ak",individual,Mala Mandasari,individual,2024-11-14,856575120,True,self_funded
CV Prastuti,corporation,Partai Persatuan,political-party,2024-08-29,1535787933,True,proxy
UD Lazuardi,corporation,"Budi Simbolon, S.H.",individual,2025-02-02,19298586878,False,
"drg. Halima Mardhiyah, M.M.",individual,Fitria Hutapea,individual,2025-12-05,2025078096,False,
Icha Wijaya,individual,Partai Rakyat Sejahtera,political-party,2024-04-24,96247900,True,smurfing
Estiono Farida,individual,Partai Harapan Bangsa,political-party,2024-08-13,152222508,False,
R.M. Tomi Ardianto,individual,Partai Rakyat Sejahtera,political-party,2025-01-01,44542998,False,
PT Tarihoran Widodo Tbk,corporation,Jarwi Farida,individual,2024-11-24,27721761,True,smurfing
"Hasta Lailasari, M.M.",individual,Partai Rakyat Sejahtera,political-party,2024-09-30,109313055,False,
Perum Ardianto Tbk,corporation,"Lintang Mulyani, M.TI.",individual,2024-10-26,21595222825,False,
Paiman Widiastuti,individual,"Diana Sihombing, S.Ked",individual,2024-09-12,501110881,True,self_funded
PT Saputra Tbk,organization,"Dr. Rama Dabukke, S.Sos",individual,2025-05-22,20028192492,False,
"Nabila Mardhiyah, M.Ak",individual,Najwa Sirait,individual,2024-09-24,757473461,True,self_funded
UD Santoso Sihombing Tbk,corporation,"drg. Satya Najmudin, S.Psi",individual,2025-09-15,4379449992,True,self_funded
PD Nugroho Riyanti Tbk,organization,Partai Amanat Rakyat,political-party,2025-04-23,52209202,True,smurfing
"Cut Tari Uyainah, M.Pd",individual,Muni Winarsih,individual,2025-11-02,1437844708,False,
"Ir. Sabrina Susanti, S.Pt",individual,Partai Harapan Bangsa,political-party,2024-12-02,79789872,False,
PD Suryatmi Hutapea Tbk,organization,Partai Persatuan,political-party,2024-11-28,19579610,True,smurfing
UD Kuswandari,organization,Partai Amanat Rakyat,political-party,2025-05-10,1285522909,True,proxy
Yoga Saptono,individual,Jindra Gunarto,individual,2024-05-28,2149480763,False,
Purwanto Uyainah,individual,Partai Rakyat Sejahtera,political-party,2024-08-23,7907811,False,
PT Jailani Usamah Tbk,corporation,Prabawa Thamrin,individual,2025-06-15,7906048866,True,self_funded
UD Marbun (Persero) Tbk,organization,Partai Keadilan Indonesia,political-party,2024-05-10,459164784,False,
PD Siregar,corporation,Mulyanto Pratiwi,individual,2025-06-25,13509229538,False,
R. Safina Rajasa,individual,Partai Solidaritas Indonesia,political-party,2024-08-11,3147857,False,
UD Januar (Persero) Tbk,corporation,Dr. Ganjaran Mayasari,individual,2025-03-14,6134815943,False,
Perum Kuswoyo,corporation,"H. Mumpuni Utama, M.M.",individual,2024-03-24,1930668500,True,proxy
"R. Rini Simbolon, S.IP",individual,Partai Indonesia Maju,political-party,2025-06-11,121055505,False,
BUMD Energi Nusantara,organization,Galih Saragih,individual,2025-02-04,14188115152,True,illegal_source
CV Ramadan (Persero) Tbk,organization,Okta Putra,individual,2025-03-17,15059792716,False,
"Nurul Agustina, S.E.",individual,Partai Indonesia Maju,political-party,2024-04-22,73939310,True,smurfing
CV Gunawan Firmansyah,corporation,Belinda Astuti,individual,2025-04-06,23801182103,True,self_funded
UD Palastri Farida,organization,Partai Amanat Rakyat,political-party,2024-05-17,491306259,False,
PD Putra Pertiwi,corporation,"Luwar Budiman, S.Gz",individual,2025-12-17,1819170799,True,proxy
Harsaya Marbun,individual,Partai Keadilan Indonesia,political-party,2025-05-30,49101983,False,
"Ayu Uyainah, S.Sos",individual,Harsana Winarsih,individual,2024-06-17,1157883467,False,
Hamima Prasetyo,individual,"Tina Prasetyo, M.M.",individual,2025-12-03,749728875,False,
PD Prasetya Maheswara Tbk,corporation,Partai Solidaritas Indonesia,political-party,2025-10-14,601581474,False,
PT Nashiruddin Tbk,organization,Partai Keadilan Indonesia,political-party,2025-09-04,1447841039,True,proxy
Perum Manullang Simbolon,corporation,Zizi Wijaya,individual,2024-09-18,1118347137,False,
Catur Zulkarnain,individual,Ir. Dian Anggriawan,individual,2024-10-25,2036096015,True,self_funded
Perum Pertiwi Widiastuti Tbk,corporation,Partai Nasional Demokrat,political-party,2025-06-07,69320675,True,smurfing
"Jagaraga Ardianto, S.IP",individual,Aurora Kurniawan,individual,2025-03-15,1167385368,False,
Irsad Prasasta,individual,Partai Amanat Rakyat,political-party,2024-12-19,26700806,True,smurfing
CV Prasetyo Rajata (Persero) Tbk,corporation,Partai Demokrat,political-party,2024-08-14,59797591,True,smurfing
PD Purnawati,corporation,"R.A. Fitria Pangestu, S.Gz",individual,2025-08-05,36973517,True,smurfing
PD Prastuti,corporation,Partai Persatuan,political-party,2025-05-22,1966064779,True,proxy
Perum Purwanti,corporation,Rahmi Prasetya,individual,2025-05-18,49924207939,True,over_limit
Gatra Laksita,individual,Partai Harapan Bangsa,political-party,2024-07-10,14517538,False,
Candrakanta Haryanto,individual,Partai Persatuan,political-party,2024-07-12,71319324,False,
Sabar Pertiwi,individual,Partai Keadilan Indonesia,political-party,2025-07-26,86798580,False,
"drg. Tri Haryanti, S.Gz",individual,Partai Persatuan,political-party,2024-08-15,23638695,False,
Damu Namaga,individual,"drg. Padmi Gunarto, M.TI.",individual,2025-01-02,289080725,True,self_funded
Ir. Hamima Tamba,individual,Salsabila Padmasari,individual,2024-08-03,1707153441,False,
UD Novitasari,corporation,Ir. Tira Nasyidah,individual,2025-02-09,446366389,True,proxy
UD Kuswoyo,corporation,"Drs. Wirda Hutasoit, S.H.",individual,2024-10-13,1104640008,True,proxy
Pemerintah Desa Cibeber,organization,Partai Keadilan Indonesia,political-party,2025-04-14,210791970,True,illegal_source
UD Waskita Salahudin,corporation,Paiman Kuswandari,individual,2025-02-19,11595047362,False,
Abyasa Pratiwi,individual,R. Yoga Wahyuni,individual,2025-11-08,1385206717,False,
Raina Tamba,individual,Samsul Palastri,individual,2024-02-06,1485191904,False,
Jarwadi Hasanah,individual,Partai Demokrat,political-party,2025-08-16,58614385,False,
UD Usada Latupono Tbk,corporation,Partai Amanat Rakyat,political-party,2025-01-24,361106654,True,proxy
CV Lailasari,organization,Vanesa Puspasari,individual,2024-04-04,4341315,True,smurfing
Ir. Rachel Saputra,individual,R. Elvin Kusumo,individual,2024-08-08,564760587,False,
PT Sirait,corporation,Titin Prasetya,individual,2024-09-22,1432243717,False,
Rini Wibowo,individual,Partai Persatuan,political-party,2024-10-04,124375233,False,
CV Astuti Tbk,corporation,Cornelia Nashiruddin,individual,2024-07-21,100435999,True,proxy
Perum Mandasari Mansur (Persero) Tbk,corporation,Partai Rakyat Sejahtera,political-party,2024-06-05,505184779,False,
PD Nurdiyanti,organization,Kartika Gunawan,individual,2025-06-25,58452870,True,smurfing
"KH. Pangeran Pradana, S.H.",individual,Karen Novitasari,individual,2025-01-26,937875353,False,
Talia Haryanti,individual,"Siska Mansur, S.Sos",individual,2024-02-16,1506572734,False,
Perum Suartini Latupono,corporation,Partai Keadilan Indonesia,political-party,2025-11-24,336296766,False,
drg. Jane Fujiati,individual,Partai Keadilan Indonesia,political-party,2024-05-08,28697996,False,
Dr. Ulva Saragih,individual,Yance Marbun,individual,2024-09-26,796523297,False,
CV Usada Laksita,corporation,Partai Keadilan Indonesia,political-party,2025-09-21,409291992,False,
Lala Maryati,individual,Partai Demokrat,political-party,2025-05-21,152547824,False,
Gambira Sitompul,individual,Partai Harapan Bangsa,political-party,2024-05-18,33588951,False,
Perum Hasanah (Persero) Tbk,organization,Partai Rakyat Sejahtera,political-party,2024-08-08,1315279302,True,proxy
Dr. Wadi Suartini,individual,Partai Persatuan,political-party,2024-01-06,110412026,False,
CV Hakim Tbk,corporation,Drs. Sakura Winarno,individual,2025-01-24,9828762384,False,
Perum Palastri Tbk,corporation,Partai Demokrat,political-party,2024-12-19,1317218195,True,over_limit
Cici Farida,individual,"T. Bagiya Rahimah, S.E.",individual,2024-09-07,661441342,True,self_funded
CV Palastri,corporation,Almira Hutapea,individual,2024-09-08,12689475787,True,self_funded
Perum Sinaga,organization,"drg. Prasetyo Zulaika, S.Pd",individual,2025-10-02,802605064,True,proxy
Jono Widodo,individual,Partai Kebangkitan Rakyat,political-party,2025-11-10,128713469,False,
Edi Saptono,individual,Ade Usada,individual,2025-09-28,692124849,False,
PD Hutasoit Latupono (Persero) Tbk,corporation,Partai Keadilan Indonesia,political-party,2024-04-01,192344226,False,
PD Hidayat Marpaung,corporation,Gamblang Prayoga,individual,2025-06-01,922839903,True,proxy
PD Prastuti Prasetyo (Persero) Tbk,corporation,Partai Harapan Bangsa,political-party,2024-01-29,617884212,False,
Perum Wijaya Haryanti,corporation,drg. Faizah Mandala,individual,2024-10-01,1425581878,True,proxy
CV Prasasta Budiyanto Tbk,corporation,Azalea Jailani,individual,2024-12-30,16456354774,False,
Puti Halim,individual,Partai Rakyat Sejahtera,political-party,2024-12-20,143024654,False,
Cagak Wulandari,individual,Partai Demokrat,political-party,2025-09-06,135669125,False,
"Asirwanda Prastuti, S.T.",individual,Ami Sitompul,individual,2024-07-18,391719268,False,
PT Wibowo Yuniar,corporation,Partai Kebangkitan Rakyat,political-party,2024-06-11,232628882,False,
PT Hakim Tbk,corporation,Partai Harapan Bangsa,political-party,2025-04-13,136155894,False,
PT Setiawan Damanik,corporation,"R. Rahmi Fujiati, S.Sos",individual,2024-05-22,19659831643,True,self_funded
UD Nainggolan Anggraini,organization,Partai Keadilan Indonesia,political-party,2025-12-27,1627541867,True,proxy
CV Saptono Mandala (Persero) Tbk,organization,"Putri Nasyiah, S.T.",individual,2025-08-03,43290957052,True,over_limit
CV Winarno (Persero) Tbk,corporation,"Tgk. Anastasia Widiastuti, S.T.",individual,2025-05-20,10091953767,True,self_funded
Nadine Napitupulu,individual,Partai Harapan Bangsa,political-party,2024-09-01,132149639,False,
"dr. Ajeng Utami, S.IP",individual,Danang Farida,individual,2024-09-21,2300509300,True,self_funded
Perum Halim Utami,corporation,Mitra Pertiwi,individual,2025-06-29,11351722961,True,self_funded
H. Emas Maulana,individual,Lintang Maryati,individual,2024-11-20,2182915341,False,
PD Kusumo Gunawan,organization,Partai Solidaritas Indonesia,political-party,2025-09-28,299712768,True,proxy
Perum Wijaya Kuswandari (Persero) Tbk,organization,Nilam Permadi,individual,2024-03-05,39481260,True,smurfing
"Sutan Raditya Novitasari, S.T.",individual,"H. Wardi Hassanah, S.IP",individual,2024-09-18,1730601464,False,
Nasrullah Melani,individual,Partai Demokrat,political-party,2025-12-07,109906914,False,
Queen Palastri,individual,Martaka Mardhiyah,individual,2024-12-20,1598049901,False,
Irnanto Rahayu,individual,Partai Keadilan Indonesia,political-party,2024-03-25,50423863,False,
"Humaira Marpaung, M.TI.",individual,Partai Solidaritas Indonesia,political-party,2025-05-12,93023548,False,
"Lidya Januar, S.Kom",individual,Partai Kebangkitan Rakyat,political-party,2024-04-04,139367998,False,
Perum Siregar Putra Tbk,corporation,Partai Kebangkitan Rakyat,political-party,2024-03-26,1801846501,True,proxy
PD Januar,corporation,"Ir. Niyaga Januar, M.M.",individual,2024-05-09,29874624589,True,over_limit
"Ella Januar, M.Ak",individual,"Salimah Narpati, S.Pt",individual,2024-09-30,1948878580,True,self_funded
Edward Usada,individual,Partai Amanat Rakyat,political-party,2024-10-02,32965382,False,
CV Sudiati Wibowo,organization,Tgk. Cemplunk Handayani,individual,2025-05-04,88798910,True,smurfing
Radika Irawan,individual,Partai Indonesia Maju,political-party,2024-06-10,129582061,False,
PT Maryadi Maryadi (Persero) Tbk,organization,Partai Harapan Bangsa,political-party,2024-01-15,287756360,False,
PT Nuraini Wahyudin (Persero) Tbk,corporation,"R. Teguh Padmasari, S.Pt",individual,2025-04-28,429016123,True,self_funded
Langgeng Mustofa,individual,Cinta Lazuardi,individual,2024-10-05,227185490,False,
Banara Lazuardi,individual,Septi Sirait,individual,2025-01-05,755703640,False,
UD Widiastuti Laksmiwati,corporation,Partai Solidaritas Indonesia,political-party,2024-02-22,49533551,True,smurfing
"Drs. Lurhur Zulaika, M.TI.",individual,Partai Harapan Bangsa,political-party,2024-03-29,51534048,False,
CV Firgantoro Padmasari Tbk,organization,Partai Nasional Demokrat,political-party,2024-04-30,435422173,True,proxy
Sutan Hendra Hariyah,individual,Partai Rakyat Sejahtera,political-party,2025-11-23,137432923,False,
Puti Yuliana Kusmawati,individual,Partai Solidaritas Indonesia,political-party,2024-02-14,150635742,False,
Cindy Mustofa,individual,Partai Harapan Bangsa,political-party,2024-01-06,22028025,False,
"Cut Indah Halimah, S.Ked",individual,Partai Solidaritas Indonesia,political-party,2025-04-25,157795203,False,
Perum Januar Tbk,organization,Partai Indonesia Maju,political-party,2024-05-23,86895306,True,smurfing
Titi Marpaung,individual,Partai Demokrat,political-party,2024-10-13,141650387,False,
PD Hassanah Tbk,corporation,Puti Aisyah Utami,individual,2024-10-18,10095790507,False,
Pardi Narpati,individual,Vivi Pradana,individual,2024-10-13,787850898,False,
"Unjani Hastuti, S.IP",individual,Mala Prabowo,individual,2025-07-29,196691939,False,
Perum Nasyiah (Persero) Tbk,corporation,Edi Pranowo,individual,2025-01-02,5159129837,True,self_funded
Perum Dabukke Ramadan,organization,Partai Amanat Rakyat,political-party,2025-04-21,197866985,False,
Perum Budiyanto Hidayanto,corporation,Umar Salahudin,individual,2024-03-20,23550460622,True,self_funded
CV Saragih Novitasari,corporation,Irfan Maulana,individual,2025-05-24,43308173,True,smurfing
UD Haryanto (Persero) Tbk,organization,Partai Keadilan Indonesia,political-party,2024-08-05,88204603,True,smurfing
PD Suryono (Persero) Tbk,corporation,Partai Amanat Rakyat,political-party,2025-10-17,462824354,False,
UD Lazuardi Permata (Persero) Tbk,corporation,Partai Rakyat Sejahtera,political-party,2024-09-06,64061659,True,smurfing
Perum Waskita,corporation,Partai Amanat Rakyat,political-party,2024-01-21,434372098,False,
Wakiman Santoso,individual,Vanesa Irawan,individual,2024-11-04,1456376321,False,
Omar Hakim,individual,"Mursinin Napitupulu, S.H.",individual,2024-09-05,2079673738,True,self_funded
PT Iswahyudi Fujiati (Persero) Tbk,corporation,Ir. Zulaikha Prasetya,individual,2024-04-19,12883916035,False,
"Catur Hakim, S.Pd",individual,Partai Demokrat,political-party,2024-03-05,23568738,False,
"Karsana Hidayat, M.Farm",individual,Shania Zulkarnain,individual,2024-08-22,1451169054,False,
Perum Pertiwi,corporation,"Irma Hidayat, S.E.I",individual,2024-07-21,10210639927,False,
PD Hakim Mansur Tbk,corporation,"Anita Hutasoit, S.I.Kom",individual,2024-10-13,8998244030,False,
PD Lestari Tbk,organization,Partai Nasional Demokrat,political-party,2025-02-25,43199247,True,smurfing
UD Halimah Prastuti,corporation,"drg. Alika Utami, S.Ked",individual,2025-07-14,17474820367,False,
UD Hutagalung,corporation,Leo Kusumo,individual,2024-04-05,21128614542,False,
R. Victoria Pranowo,individual,Partai Nasional Demokrat,political-party,2024-03-24,58680744,False,
PT Purwanti (Persero) Tbk,corporation,"Cici Haryanti, M.Kom.",individual,2025-05-09,14417692165,True,self_funded
UD Marpaung (Persero) Tbk,organization,Partai Kebangkitan Rakyat,political-party,2024-02-17,1719416478,True,proxy
Perum Budiyanto Lazuardi (Persero) Tbk,corporation,Partai Persatuan,political-party,2024-01-15,86569306,True,smurfing
UD Fujiati,organization,Cawisono Irawan,individual,2024-05-28,1779389783,True,proxy
CV Tampubolon Haryanto,corporation,Ilsa Widodo,individual,2025-12-06,7588118716,True,self_funded
PD Lestari Tbk,corporation,Dt. Kemal Sinaga,individual,2025-01-22,5414667297,True,self_funded
PD Pranowo,corporation,Partai Solidaritas Indonesia,political-party,2025-02-14,76590301,False,
Salimah Utami,individual,Partai Indonesia Maju,political-party,2025-05-16,32661075,False,
Kalim Budiyanto,individual,"Kanda Lazuardi, M.Pd",individual,2025-04-07,1641868458,True,self_funded
PT Rahayu Purnawati (Persero) Tbk,organization,Partai Keadilan Indonesia,political-party,2024-12-03,16694883,True,smurfing
Maryadi Lazuardi,individual,Legawa Yolanda,individual,2024-11-09,243984442,True,self_funded
Wani Rajata,individual,Najwa Fujiati,individual,2024-03-02,1754792237,False,
"Bahuwarna Mahendra, S.Kom",individual,Partai Nasional Demokrat,political-party,2025-04-16,18877546,False,
CV Wulandari Novitasari (Persero) Tbk,corporation,Partai Rakyat Sejahtera,political-party,2024-05-15,6480394,True,smurfing
PT Marpaung (Persero) Tbk,corporation,"Drs. Rahmi Setiawan, S.Farm",individual,2024-10-30,10648338441,True,self_funded
UD Hidayanto Hutagalung Tbk,corporation,Maria Saputra,individual,2024-01-14,8432027526,True,self_funded
PD Wahyuni Maheswara (Persero) Tbk,organization,Dwi Palastri,individual,2024-06-08,429141548,True,proxy
Parman Firmansyah,individual,"Jabal Narpati, S.E.",individual,2024-03-13,177240362,True,self_funded
Perum Tamba,organization,Partai Nasional Demokrat,political-party,2025-06-07,20979172,True,smurfing
"Padmi Prasasta, M.M.",individual,Hafshah Sinaga,individual,2024-04-08,95736260,False,
Perum Rahimah Padmasari Tbk,organization,Partai Rakyat Sejahtera,political-party,2024-03-21,156507898,False,
PD Hutagalung Rahimah Tbk,corporation,Yuni Mulyani,individual,2025-03-04,1365036905,True,proxy
PT Pradipta Pratama,corporation,Wisnu Susanti,individual,2024-04-23,137300385,True,proxy
PD Samosir,corporation,Partai Harapan Bangsa,political-party,2024-08-28,31328345,True,smurfing
UD Prasetyo Tbk,corporation,"Tasdik Kusumo, M.Kom.",individual,2024-05-11,1794578755,True,proxy
CV Utami (Persero) Tbk,organization,"Mariadi Gunarto, S.Pd",individual,2025-09-04,40005298128,True,over_limit
Perum Permadi Hariyah Tbk,corporation,Partai Solidaritas Indonesia,political-party,2025-04-14,316201232,False,
PD Wibowo,organization,"Jessica Permadi, M.Ak",individual,2024-12-30,1796810408,True,proxy
PT Kuswandari Prasasta,organization,Partai Harapan Bangsa,political-party,2025-06-24,75620379,True,smurfing
Ir. Ghaliyati Suwarno,individual,Partai Harapan Bangsa,political-party,2025-05-30,60048523,False,
Wardaya Hidayanto,individual,Partai Keadilan Indonesia,political-party,2025-10-12,174211365,False,
PD Anggriawan Tbk,corporation,Drajat Hidayat,individual,2024-09-29,8251228,True,smurfing
H. Bakti Laksita,individual,Karna Prasetya,individual,2024-07-02,416279147,False,
CV Kusmawati Adriansyah,organization,Partai Keadilan Indonesia,political-party,2024-09-08,664494011,True,proxy
PD Pranowo Situmorang (Persero) Tbk,organization,Partai Persatuan,political-party,2025-05-21,17040261,True,smurfing
Ana Padmasari,individual,Jati Laksita,individual,2025-06-06,93107580,True,smurfing
"Zulfa Lestari, S.Pd",individual,Partai Keadilan Indonesia,political-party,2024-02-18,67578120,False,
Purwa Wastuti,individual,"Puti Nadia Nasyiah, S.IP",individual,2024-11-17,361004942,True,self_funded
PT Oktaviani,corporation,"Hj. Najwa Kuswoyo, S.E.I",individual,2025-07-20,19081969830,True,self_funded
Perum Haryanti (Persero) Tbk,corporation,drg. Mila Wulandari,individual,2024-01-20,5525116177,True,self_funded
Perum Wijayanti Sudiati,corporation,Gandewa Prasetya,individual,2024-10-25,9626805031,False,
Wulan Agustina,individual,"Tgk. Mila Nababan, S.Pt",individual,2025-05-21,1750697484,False,
PT Simbolon Suryatmi,corporation,Partai Rakyat Sejahtera,political-party,2024-02-22,333190462,False,
"Aris Mustofa, M.Ak",individual,Hj. Sarah Wacana,individual,2024-10-23,1467122142,False,
"Endah Prastuti, M.M.",individual,Partai Kebangkitan Rakyat,political-party,2025-08-04,136034218,False,
Irfan Waskita,individual,"Zelda Oktaviani, M.Kom.",individual,2024-08-26,1608245108,False,
Jaeman Aryani,individual,Cindy Prakasa,individual,2024-12-07,2423989740,True,self_funded
UD Pertiwi Wibisono (Persero) Tbk,corporation,KH. Tugiman Riyanti,individual,2024-06-03,1476369784,True,proxy
PT Sinaga Dabukke Tbk,corporation,Sutan Hardi Nainggolan,individual,2024-07-17,2663313556,True,self_funded
"Yuliana Yulianti, S.IP",individual,Partai Keadilan Indonesia,political-party,2025-08-08,28148961,True,smurfing
Titin Rajata,individual,Partai Demokrat,political-party,2025-10-27,81543426,False,
Fitriani Yuniar,individual,Partai Nasional Demokrat,political-party,2024-08-29,35501910,False,
CV Zulkarnain Saefullah,corporation,Partai Demokrat,political-party,2024-07-29,473160951,False,
Hasim Ramadan,individual,Faizah Adriansyah,individual,2025-06-13,408044608,True,self_funded
PT Farida Yuliarti,corporation,Oni Astuti,individual,2024-09-17,19055761596,False,
PD Narpati Utami Tbk,corporation,Pangestu Pudjiastuti,individual,2024-11-20,136781403,True,proxy
"drg. Dewi Pradipta, S.Farm",individual,"Najwa Setiawan, M.Farm",individual,2025-04-06,34799541,True,smurfing
Kementerian Pendidikan Nasional,organization,Rendy Hartati,individual,2025-11-18,32772935248,True,illegal_source
"R. Hani Budiman, S.Farm",individual,"Tgk. Slamet Salahudin, M.Kom.",individual,2024-07-23,2230707978,False,
CV Zulkarnain Sitompul (Persero) Tbk,organization,Partai Indonesia Maju,political-party,2024-03-09,620721360,True,proxy
CV Tamba,corporation,Partai Keadilan Indonesia,political-party,2025-01-22,1270760899,True,proxy
CV Nurdiyanti,organization,Partai Demokrat,political-party,2024-11-16,38377159,True,smurfing
CV Uwais Prayoga (Persero) Tbk,corporation,drg. Lidya Salahudin,individual,2024-03-22,14882199089,True,self_funded
"Puti Salimah Pradana, S.Farm",individual,Partai Nasional Demokrat,political-party,2025-09-22,37252951,True,smurfing
CV Hakim Mandasari (Persero) Tbk,corporation,Balangga Zulkarnain,individual,2024-11-04,8495326250,False,
Vanya Kusmawati,individual,Partai Harapan Bangsa,political-party,2025-12-25,38092281,False,
PT Adriansyah Sitorus,corporation,Partai Harapan Bangsa,political-party,2025-12-21,288764903,False,
CV Habibi,corporation,Karsana Ramadan,individual,2024-06-26,4436589437,True,self_funded
Gasti Hutagalung,individual,"Warji Putra, M.M.",individual,2024-02-27,233447073,False,
PD Nurdiyanti Susanti (Persero) Tbk,organization,Yono Puspita,individual,2024-10-08,4423538752,False,
Uli Padmasari,individual,Uchita Nasyiah,individual,2025-04-18,2338297319,True,self_funded
PD Wibisono,organization,Partai Solidaritas Indonesia,political-party,2024-09-15,97650954,True,smurfing
PD Zulaika,corporation,Partai Persatuan,political-party,2025-01-10,614787843,False,
UD Saputra Pangestu,corporation,Partai Indonesia Maju,political-party,2024-09-17,44191611,True,smurfing
PD Marbun Hutasoit (Persero) Tbk,organization,Partai Indonesia Maju,political-party,2025-09-10,26804523,True,smurfing
"drg. Virman Damanik, S.Pd",individual,Partai Amanat Rakyat,political-party,2025-07-04,67358669,False,
Karimah Winarsih,individual,"Timbul Iswahyudi, S.Sos",individual,2025-10-14,22566013,True,smurfing
Drs. Rini Astuti,individual,Puti Alika Maulana,individual,2024-08-23,1107372637,False,
"R.A. Samiah Mardhiyah, S.Pt",individual,Hartana Mulyani,individual,2025-05-24,576990341,True,self_funded
Agnes Firmansyah,individual,Partai Indonesia Maju,political-party,2024-06-28,10944100,False,
"Wakiman Wijayanti, M.Pd",individual,Partai Nasional Demokrat,political-party,2025-05-30,46470818,False,
PT Thamrin,corporation,Laila Usamah,individual,2024-12-15,694194044,True,proxy
Danang Sinaga,individual,Victoria Narpati,individual,2024-07-03,1678779912,False,
drg. Azalea Haryanti,individual,Harimurti Siregar,individual,2024-05-01,1249130917,False,
Perum Sudiati Marbun Tbk,corporation,Partai Rakyat Sejahtera,political-party,2024-02-12,263317411,False,
Perum Kusmawati,organization,"Rina Mangunsong, S.I.Kom",individual,2025-08-21,89012188,True,smurfing
CV Novitasari Laksmiwati (Persero) Tbk,corporation,Partai Amanat Rakyat,political-party,2025-01-10,1986789327,True,proxy
PD Wibowo Nasyiah Tbk,corporation,"Novi Prasetya, M.Farm",individual,2024-10-17,5614177677,False,
PT Santoso,corporation,Lidya Mustofa,individual,2025-11-10,13752677688,False,
CV Novitasari Tbk,organization,Partai Nasional Demokrat,political-party,2025-04-01,1336202888,True,proxy
Kardi Handayani,individual,Jessica Wastuti,individual,2024-01-19,1812437499,False,
UD Setiawan Tbk,corporation,"R. Jumari Kusumo, M.Farm",individual,2024-05-09,4185001013,True,self_funded
Virman Wulandari,individual,Julia Agustina,individual,2025-06-01,1336115332,False,
Ibrani Widiastuti,individual,Drs. Mumpuni Pranowo,individual,2025-04-06,2149590949,False,
dr. Maya Agustina,individual,"Bella Yuniar, S.T.",individual,2025-01-29,1603475897,False,
Keisha Waskita,individual,Partai Solidaritas Indonesia,political-party,2024-01-17,39745608,False,
Makuta Saptono,individual,Partai Amanat Rakyat,political-party,2024-05-05,307415402,True,over_limit
Balijan Siregar,individual,Partai Indonesia Maju,political-party,2024-02-02,158905290,False,
PT Waskita,organization,Partai Rakyat Sejahtera,political-party,2025-07-19,1149217973,True,over_limit
PT Halim Tbk,corporation,Partai Solidaritas Indonesia,political-party,2025-10-25,747256476,True,proxy
Perum Sinaga Tbk,organization,Hj. Eli Megantara,individual,2024-08-13,195550598,True,proxy
Dian Wijayanti,individual,Partai Harapan Bangsa,political-party,2025-02-24,34118487,False,
Balamantri Natsir,individual,Partai Persatuan,political-party,2025-04-05,28015671,False,
PT Wulandari Mardhiyah Tbk,corporation,"R.M. Slamet Anggraini, S.H.",individual,2025-03-30,2131546343,True,self_funded
UD Latupono (Persero) Tbk,organization,Puput Setiawan,individual,2025-11-27,17826858606,False,
"Hafshah Halimah, M.Kom.",individual,Partai Nasional Demokrat,political-party,2025-03-01,178296931,False,
UD Situmorang Mahendra Tbk,organization,Partai Keadilan Indonesia,political-party,2024-06-14,340442839,False,
Titin Habibi,individual,"R. Betania Situmorang, S.Gz",individual,2025-12-26,1948637077,False,
CV Hastuti,corporation,Partai Amanat Rakyat,political-party,2024-02-09,444427707,True,proxy
"Makara Sirait, M.Farm",individual,Partai Kebangkitan Rakyat,political-party,2024-10-03,118982760,False,
Perum Mayasari (Persero) Tbk,corporation,Anita Mandasari,individual,2025-07-19,475109147,True,proxy
PD Dabukke,organization,Ciaobella Putra,individual,2025-05-20,4242626929,False,
Puti Kamaria Aryani,individual,Partai Nasional Demokrat,political-party,2025-04-21,165442511,False,
CV Laksmiwati Pranowo,organization,Partai Kebangkitan Rakyat,political-party,2024-07-24,909316974,True,proxy
"R. Bahuwarna Lestari, M.TI.",individual,Partai Kebangkitan Rakyat,political-party,2024-09-18,28095508,False,
CV Wijayanti Prasetyo (Persero) Tbk,organization,Partai Harapan Bangsa,political-party,2025-05-10,1651600553,True,proxy
"Hj. Lalita Lestari, S.Gz",individual,Tania Hidayat,individual,2025-12-08,996443884,False,
R.A. Tami Yuniar,individual,Ami Setiawan,individual,2024-11-18,1081281640,False,
"Sari Simbolon, S.Ked",individual,"Ajimin Thamrin, M.M.",individual,2024-07-20,559499519,False,
CV Palastri Nurdiyanti,organization,Partai Indonesia Maju,political-party,2025-08-05,66897157,True,smurfing
CV Nurdiyanti Sitorus Tbk,organization,Partai Kebangkitan Rakyat,political-party,2025-06-23,706512226,False,
UD Wijayanti Mansur,corporation,Partai Indonesia Maju,political-party,2024-12-17,673735357,False,
Elvina Laksita,individual,Partai Kebangkitan Rakyat,political-party,2024-08-26,44863663,False,
Oskar Firgantoro,individual,Partai Kebangkitan Rakyat,political-party,2024-03-25,147531097,False,
"Saadat Megantara, S.H.",individual,Ibun Yuliarti,individual,2025-07-21,105687232,True,self_funded
PT Rahayu Marpaung Tbk,corporation,Hardana Suryono,individual,2025-03-01,20875648073,False,
Jagapati Fujiati,individual,Dr. Elisa Latupono,individual,2024-10-24,1572224711,False,
Harja Handayani,individual,"Drs. Usyi Yolanda, M.Pd",individual,2024-10-25,1047849236,False,
Perum Dabukke Firmansyah Tbk,corporation,"Titin Megantara, M.Farm",individual,2025-10-30,3842761504,True,self_funded
PT Prastuti Sihombing (Persero) Tbk,organization,"Martana Wahyuni, M.Ak",individual,2024-12-11,473316343,True,proxy
UD Hasanah,organization,Partai Rakyat Sejahtera,political-party,2025-07-23,127346251,False,
PD Saptono Irawan (Persero) Tbk,organization,Partai Harapan Bangsa,political-party,2024-08-04,1664577015,True,proxy
Perum Yuliarti Handayani,corporation,Partai Demokrat,political-party,2024-03-05,539731083,False,
Usyi Narpati,individual,Partai Solidaritas Indonesia,political-party,2025-04-23,21765097,False,
UD Sinaga Yulianti,corporation,Partai Amanat Rakyat,political-party,2025-01-29,421070041,False,
UD Hakim Hassanah,corporation,Partai Amanat Rakyat,political-party,2025-07-27,42399265,False,
UD Uyainah (Persero) Tbk,organization,Partai Nasional Demokrat,political-party,2025-05-02,209558752,False,
"Syahrini Mayasari, S.Sos",individual,Asmianto Pangestu,individual,2024-05-06,684026634,True,self_funded
Gabriella Suwarno,individual,Partai Nasional Demokrat,political-party,2025-01-01,64811801,True,smurfing
UD Dongoran Halim (Persero) Tbk,corporation,"Ir. Eva Simbolon, S.Farm",individual,2025-06-09,19006824350,False,
Cecep Ardianto,individual,Partai Harapan Bangsa,political-party,2025-06-20,77453799,False,
Bakiman Melani,individual,Vivi Suwarno,individual,2024-07-09,888048316,False,
UD Winarsih Tbk,corporation,Partai Demokrat,political-party,2024-04-08,360185920,False,
"Patricia Sihombing, S.Ked",individual,Hardi Laksita,individual,2025-09-23,301692227,True,self_funded
Cengkal Mahendra,individual,Partai Kebangkitan Rakyat,political-party,2024-09-10,30178677,False,
Pemerintah Desa Cibeber,organization,Partai Kebangkitan Rakyat,political-party,2025-02-06,389940580,True,illegal_source
PT Pertamina (Persero),corporation,Partai Solidaritas Indonesia,political-party,2025-03-26,162617576,True,illegal_source
Perum Nasyiah (Persero) Tbk,organization,"Cinthia Wijayanti, S.Gz",individual,2024-07-03,17228993,True,smurfing
Perum Suwarno (Persero) Tbk,corporation,H. Mursita Astuti,individual,2025-09-18,40831835,True,smurfing
"R. Pardi Hakim, S.H.",individual,Sadina Nainggolan,individual,2025-05-07,934784036,False,
Prakosa Utama,individual,"Dariati Tamba, S.E.I",individual,2024-08-19,240562386,True,self_funded
Perum Halim (Persero) Tbk,organization,Latika Rajata,individual,2024-12-08,20106770094,False,
PT Prayoga (Persero) Tbk,corporation,"Cut Hamima Wahyudin, S.T.",individual,2025-12-07,21431227232,False,
Kenes Samosir,individual,Partai Harapan Bangsa,political-party,2024-04-30,72203239,False,
Perum Siregar (Persero) Tbk,corporation,Gilang Wibisono,individual,2024-02-24,15859711730,True,self_funded
PT Handayani,corporation,Partai Keadilan Indonesia,political-party,2025-02-02,604460586,False,
Jarwi Nababan,individual,Partai Persatuan,political-party,2025-01-23,9311733,True,smurfing
Zalindra Megantara,individual,"Ratna Usada, S.E.",individual,2024-10-28,2386228821,True,self_funded
Ir. Azalea Permata,individual,Michelle Nasyidah,individual,2024-02-22,2047665376,False,
"Dr. Calista Haryanto, S.Sos",individual,Partai Solidaritas Indonesia,political-party,2025-01-16,244001039,True,over_limit
PD Firgantoro Halim,corporation,R.A. Zelaya Wijayanti,individual,2024-08-15,141259124,True,proxy
Ir. Natalia Anggriawan,individual,Mulya Mahendra,individual,2024-01-17,1564375713,False,
Ajeng Simanjuntak,individual,Partai Solidaritas Indonesia,political-party,2025-12-06,179766977,False,
PD Situmorang Andriani,organization,Partai Keadilan Indonesia,political-party,2024-12-10,66604128,True,smurfing
UD Yolanda Puspita,corporation,"Janet Santoso, S.E.I",individual,2024-03-19,21898669470,True,self_funded
Perum Sitorus Rahmawati,corporation,Dr. Vino Hidayanto,individual,2025-12-10,18182973307,False,
CV Gunawan Mulyani (Persero) Tbk,corporation,Ridwan Mustofa,individual,2024-07-27,8002688494,False,
H. Embuh Mulyani,individual,Partai Demokrat,political-party,2024-06-01,74705298,False,
UD Hardiansyah Yolanda,corporation,"Cut Citra Kurniawan, S.Psi",individual,2024-08-14,20292432770,True,self_funded
UD Mayasari Haryanto,corporation,Chandra Simanjuntak,individual,2025-04-10,5535482006,True,self_funded
Perum Maulana Farida (Persero) Tbk,organization,"R.A. Farah Wahyudin, S.E.I",individual,2025-08-11,52544252,True,smurfing
Perum Anggriawan,corporation,Partai Keadilan Indonesia,political-party,2024-06-25,1997654293,True,proxy
PD Puspita Gunawan,corporation,Rina Mayasari,individual,2025-01-11,9916606424,False,
Prasetyo Waluyo,individual,"Sutan Wisnu Prayoga, S.I.Kom",individual,2025-12-06,12729904,True,smurfing
Maida Narpati,individual,Tgk. Ridwan Lestari,individual,2024-09-12,1268814489,True,self_funded
Nugraha Nuraini,individual,dr. Kiandra Namaga,individual,2025-01-28,819843419,False,
CV Situmorang,corporation,"Among Sihotang, S.Kom",individual,2024-09-04,4166553290,True,self_funded
Pemkab Toba,organization,Partai Rakyat Sejahtera,political-party,2024-08-08,756970717,True,illegal_source
UD Pudjiastuti,corporation,dr. Harto Damanik,individual,2025-08-03,17234226851,False,
Perum Hasanah Mahendra (Persero) Tbk,corporation,Cut Faizah Lailasari,individual,2024-04-01,4343821673,False,
Perum Megantara Marpaung (Persero) Tbk,organization,Partai Demokrat,political-party,2024-06-20,25796057,True,smurfing
"Hj. Yulia Wastuti, S.Ked",individual,"Paris Zulkarnain, S.Psi",individual,2025-11-10,872317349,True,self_funded
"Ir. Maryanto Pranowo, S.T.",individual,Partai Indonesia Maju,political-party,2024-02-11,93679998,True,smurfing
Ir. Kemal Sihotang,individual,Partai Harapan Bangsa,political-party,2025-07-30,115882825,False,
Nova Haryanto,individual,"Nadia Padmasari, M.Pd",individual,2025-04-08,972785826,True,self_funded
Eli Hidayanto,individual,Partai Solidaritas Indonesia,political-party,2025-04-28,80242061,False,
Amelia Nainggolan,individual,Partai Nasional Demokrat,political-party,2025-09-30,137588425,False,
Kadir Riyanti,individual,Xanana Latupono,individual,2024-06-07,511161891,False,
Perum Marpaung,corporation,"R.M. Halim Laksmiwati, M.Farm",individual,2025-03-30,21686489306,False,
PT Telekomunikasi Indonesia (Persero),corporation,Partai Harapan Bangsa,political-party,2025-03-06,312820737,True,illegal_source
"Umi Pradipta, M.Farm",individual,Tgk. Naradi Nashiruddin,individual,2024-06-19,2238534161,False,
CV Tarihoran,organization,Ozy Siregar,individual,2025-07-04,27112499,True,smurfing
Perum Palastri Hidayanto Tbk,corporation,Mahmud Yuniar,individual,2025-02-14,1787091931,True,proxy
Jayadi Jailani,individual,Partai Indonesia Maju,political-party,2024-08-17,40533777,True,smurfing
PD Wasita (Persero) Tbk,corporation,Partai Persatuan,political-party,2025-06-21,632023816,False,
"Endah Maryadi, M.Farm",individual,Calista Hidayanto,individual,2024-09-07,692304558,True,self_funded
UD Wulandari Wijayanti,corporation,Raina Palastri,individual,2025-02-10,21826564247,False,
Puti Sakura Hutapea,individual,Partai Amanat Rakyat,political-party,2024-11-26,56365395,False,
PD Marpaung,corporation,Wakiman Prasasta,individual,2024-09-03,6025351975,False,
"Sidiq Suryatmi, S.Pd",individual,Ikhsan Hastuti,individual,2025-03-15,1546102152,False,
Jayadi Nasyidah,individual,Mahmud Riyanti,individual,2024-09-11,653608786,False,
PT Uwais Damanik Tbk,corporation,Partai Solidaritas Indonesia,political-party,2025-03-04,975536762,True,proxy
R.M. Drajat Setiawan,individual,"R. Saka Saptono, S.H.",individual,2025-06-01,66011258,True,smurfing
Elvin Kusumo,individual,"Jaga Safitri, M.M.",individual,2024-07-30,65500807,True,smurfing
Unjani Sinaga,individual,Tgk. Aisyah Iswahyudi,individual,2024-06-26,3421878467,True,over_limit
Perum Dabukke (Persero) Tbk,corporation,Partai Demokrat,political-party,2024-10-13,1242937445,True,proxy
PD Sudiati,corporation,Partai Amanat Rakyat,political-party,2024-11-27,23795408,False,
PD Uwais (Persero) Tbk,corporation,Halim Prastuti,individual,2025-06-26,10929868565,True,self_funded
CV Simanjuntak Puspita Tbk,corporation,"drg. Oskar Nababan, S.Ked",individual,2025-06-19,11411195,True,smurfing
Wirda Firmansyah,individual,Drs. Gilda Saputra,individual,2025-01-26,659406199,False,
Diah Napitupulu,individual,"Kardi Siregar, S.Farm",individual,2025-05-26,712163832,False,
Perum Puspasari Tbk,organization,Raditya Hariyah,individual,2025-03-27,1547561508,True,proxy
Perum Prasasta Maryadi,organization,Partai Persatuan,political-party,2024-01-05,91869071,True,smurfing
PT Mustofa Napitupulu Tbk,corporation,"R. Ghani Mayasari, S.I.Kom",individual,2024-01-22,20259037829,True,self_funded
"Timbul Sinaga, S.Sos",individual,"R. Harsana Rajasa, M.Pd",individual,2025-07-16,84378469,True,smurfing
UD Zulaika Padmasari,corporation,"Dr. Ghaliyati Handayani, S.IP",individual,2024-03-19,435407129,True,proxy
drg. Carla Farida,individual,Partai Persatuan,political-party,2024-02-09,114113813,False,
"drg. Emong Napitupulu, S.E.I",individual,Partai Demokrat,political-party,2024-10-02,40309477,False,
PT Habibi Kuswoyo,corporation,Partai Kebangkitan Rakyat,political-party,2025-01-03,583398608,False,
PT Mangunsong Sitompul Tbk,organization,R.A. Jasmin Dabukke,individual,2025-12-23,16728590548,False,
PT Siregar Thamrin,corporation,Partai Kebangkitan Rakyat,political-party,2025-10-06,70456755,True,smurfing
PD Wijayanti Santoso,corporation,Partai Harapan Bangsa,political-party,2024-03-13,1692509104,True,proxy
PT Putra Puspasari,organization,"Drs. Usyi Narpati, S.Ked",individual,2025-04-09,396862854,True,proxy
"dr. Diah Santoso, M.Farm",individual,Partai Rakyat Sejahtera,political-party,2024-11-05,89204601,False,
drg. Cengkal Hastuti,individual,Dewi Hardiansyah,individual,2025-10-08,218540124,False,
Sabrina Waluyo,individual,Partai Solidaritas Indonesia,political-party,2024-02-29,15998060,False,
Ami Saragih,individual,Partai Harapan Bangsa,political-party,2024-01-18,66126182,False,
UD Lailasari Wahyudin Tbk,corporation,Partai Harapan Bangsa,political-party,2025-06-15,527624523,False,
"dr. Ibrahim Siregar, M.Kom.",individual,Partai Harapan Bangsa,political-party,2024-08-04,31102884,False,
Diana Anggriawan,individual,Safina Waluyo,individual,2025-06-14,1751586697,True,self_funded
Perum Yolanda,corporation,Partai Demokrat,political-party,2025-04-21,181119920,False,
PT Dabukke (Persero) Tbk,corporation,Edi Natsir,individual,2024-06-19,33272147,True,smurfing
PD Maryati,corporation,Rini Nababan,individual,2024-03-24,77317370,True,smurfing
Hana Hassanah,individual,"Bakiadi Tamba, S.T.",individual,2025-11-03,1934304057,False,
"Ajimin Tamba, M.M.",individual,Partai Demokrat,political-party,2025-05-02,17985110,False,
CV Winarno,organization,Genta Thamrin,individual,2025-08-03,9242612759,False,
Rahmi Utami,individual,Partai Persatuan,political-party,2024-11-11,3290076,False,
"drg. Gasti Gunarto, S.E.I",individual,dr. Iriana Widiastuti,individual,2025-06-28,811956495,True,self_funded
PD Ramadan Mandasari,organization,R. Vanya Hutagalung,individual,2024-07-22,13114292984,False,
PD Siregar Yuniar Tbk,organization,Pangeran Ardianto,individual,2024-04-10,193899995,True,proxy
"Kasiyah Pradana, S.Gz",individual,Asmuni Mandala,individual,2024-08-05,355763197,False,
Nyoman Siregar,individual,Rina Rahayu,individual,2024-02-23,60838304,True,smurfing
PD Hutasoit Salahudin (Persero) Tbk,corporation,Partai Solidaritas Indonesia,political-party,2025-03-05,70985430,True,smurfing
Vera Salahudin,individual,Dr. Maria Ardianto,individual,2024-05-14,2030165969,True,self_funded
UD Lestari Tbk,corporation,Ella Thamrin,individual,2024-05-11,23441584,True,smurfing
UD Kuswandari Siregar Tbk,corporation,Partai Rakyat Sejahtera,political-party,2024-10-19,276146068,False,
"Tgk. Yunita Mahendra, S.Ked",individual,Gamanto Sudiati,individual,2024-07-22,1051986432,False,
"dr. Gandi Prakasa, S.Kom",individual,Widya Nababan,individual,2025-11-12,1741428718,False,
"Dr. Vero Fujiati, S.Sos",individual,Oliva Sihombing,individual,2024-12-28,1801781249,False,
Syahrini Kuswandari,individual,Partai Kebangkitan Rakyat,political-party,2025-01-25,45953221,False,
Perum Natsir Tbk,corporation,Partai Nasional Demokrat,political-party,2024-05-04,228634570,False,
Elon Wibisono,individual,Partai Keadilan Indonesia,political-party,2025-01-08,120881938,False,
Kanda Yuniar,individual,Partai Keadilan Indonesia,political-party,2025-03-07,142207668,False,
"Cut Shania Sudiati, S.Gz",individual,Sutan Artawan Agustina,individual,2025-05-01,967749132,False,
CV Tarihoran,corporation,Partai Kebangkitan Rakyat,political-party,2024-03-02,520740156,False,
drg. Mursinin Nashiruddin,individual,Latika Winarsih,individual,2025-04-04,859580059,False,
Tira Tarihoran,individual,Maria Haryanto,individual,2024-04-09,1643407184,False,
"Septi Puspita, S.Gz",individual,Nurul Widodo,individual,2024-07-06,1549861879,False,
Ifa Irawan,individual,"Cornelia Prasetyo, S.Pd",individual,2024-01-02,810089804,True,self_funded
Perum Yuniar,corporation,Lamar Novitasari,individual,2024-06-21,55906888,True,smurfing
Pemerintah Desa Sukamulya,organization,Partai Demokrat,political-party,2024-12-26,604811590,True,illegal_source
PT Gunawan Dabukke Tbk,corporation,"Kiandra Maheswara, S.Ked",individual,2025-03-01,16824731789,True,self_funded
"Indah Maheswara, S.H.",individual,Partai Solidaritas Indonesia,political-party,2025-12-25,35306756,False,
H. Prayogo Firmansyah,individual,Partai Rakyat Sejahtera,political-party,2024-05-05,5844927,False,
PT Samosir Aryani,corporation,Yani Habibi,individual,2024-02-07,7376032667,False,
UD Iswahyudi,organization,Partai Nasional Demokrat,political-party,2024-10-01,1486886274,True,proxy
Tgk. Cakrajiya Lestari,individual,Kamaria Novitasari,individual,2024-10-19,1204171626,False,
Wasis Damanik,individual,Humaira Nugroho,individual,2024-04-24,422867957,False,
Daliono Prasetyo,individual,"Rachel Mangunsong, S.IP",individual,2025-06-06,614133994,True,self_funded
Victoria Anggraini,individual,Luthfi Tarihoran,individual,2025-09-20,1573923441,False,
CV Fujiati Tbk,corporation,Talia Ramadan,individual,2025-06-16,505778286,True,proxy
"Tgk. Margana Rahmawati, S.Farm",individual,R. Salimah Firgantoro,individual,2025-11-30,187995096,False,
Saka Andriani,individual,"Puti Zalindra Waluyo, S.Psi",individual,2024-06-20,1987208705,False,
"Aisyah Rahimah, S.E.",individual,Hj. Zamira Laksita,individual,2025-09-01,315456608,True,self_funded
PT Widodo (Persero) Tbk,corporation,Partai Solidaritas Indonesia,political-party,2024-12-04,943403050,True,over_limit
Hana Tamba,individual,Partai Kebangkitan Rakyat,political-party,2025-06-09,46692921,True,smurfing
Omar Purwanti,individual,Partai Solidaritas Indonesia,political-party,2024-09-10,162640995,False,
PT Sitorus,corporation,Partai Rakyat Sejahtera,political-party,2025-12-24,45373536,True,smurfing
Tugiman Sihotang,individual,"Hesti Hidayat, S.IP",individual,2025-03-20,1243388252,False,
"Latif Wijayanti, S.Pd",individual,Widya Pertiwi,individual,2025-03-03,69722698,True,smurfing
Dasa Rajasa,individual,Partai Harapan Bangsa,political-party,2024-01-23,33901475,False,
PT Utama Pradipta (Persero) Tbk,corporation,Pangestu Winarno,individual,2024-02-27,11423734301,True,self_funded
Drs. Ella Sinaga,individual,Partai Demokrat,political-party,2025-06-30,52115242,True,smurfing
PT Rahimah Budiyanto (Persero) Tbk,corporation,Yani Sihombing,individual,2025-06-30,22627682284,True,self_funded
Ir. Hasna Siregar,individual,Asman Agustina,individual,2024-08-26,765504183,False,
PT Rajasa Wastuti Tbk,organization,Partai Solidaritas Indonesia,political-party,2025-06-23,11901032,True,smurfing
Karta Prabowo,individual,Partai Amanat Rakyat,political-party,2024-07-24,31008324,False,
UD Kurniawan Nababan,organization,Partai Solidaritas Indonesia,political-party,2025-04-20,344912980,False,
UD Narpati Manullang Tbk,corporation,Partai Solidaritas Indonesia,political-party,2025-04-02,138479845,False,
Cindy Pratama,individual,"Kamaria Melani, M.Ak",individual,2024-11-07,1659117987,True,self_funded
Lala Haryanto,individual,Partai Harapan Bangsa,political-party,2024-12-05,27243682,False,
Asirwada Mandala,individual,Jane Waluyo,individual,2024-07-31,225357905,False,
PD Mansur,organization,Atma Susanti,individual,2024-12-14,677850069,False,
UD Kurniawan Tbk,organization,Partai Persatuan,political-party,2025-06-14,1748031856,True,proxy
Perum Tarihoran,organization,Hamima Melani,individual,2024-03-27,1880996663,True,proxy
PT Namaga,corporation,Partai Solidaritas Indonesia,political-party,2025-06-07,676965463,False,
"Tgk. Zaenab Marpaung, S.E.",individual,"Cut Rachel Januar, S.E.",individual,2024-08-16,86989931,True,smurfing
PT Tamba,corporation,Partai Persatuan,political-party,2025-12-02,354617207,False,
UD Novitasari (Persero) Tbk,organization,Partai Persatuan,political-party,2025-06-02,616942231,True,proxy
Titi Putra,individual,Gabriella Yulianti,individual,2025-12-05,131011480,False,
Perum Rajata Suwarno,corporation,Partai Demokrat,political-party,2024-09-22,260703436,True,proxy
"Olga Pradana, S.Psi",individual,Partai Rakyat Sejahtera,political-party,2025-10-13,161663212,False,
Ika Mansur,individual,Gading Rahmawati,individual,2024-04-02,1244390923,True,self_funded
Dartono Winarno,individual,Partai Solidaritas Indonesia,political-party,2024-03-10,94298061,True,smurfing
dr. Ida Mandala,individual,"Puti Ulya Kusmawati, S.I.Kom",individual,2025-10-18,528999388,False,
Janet Simanjuntak,individual,Partai Demokrat,political-party,2024-01-03,34223937,False,
PT Hutasoit Santoso,corporation,Harjasa Usada,individual,2024-04-29,53369676,True,smurfing
Perum Usamah Tbk,corporation,Hj. Kiandra Anggraini,individual,2025-07-10,16801173876,False,
"Jono Dongoran, M.Farm",individual,Partai Nasional Demokrat,political-party,2025-10-04,34546805,False,
PT Iswahyudi Kuswoyo,corporation,Partai Demokrat,political-party,2025-07-06,1806057191,True,proxy
CV Firgantoro (Persero) Tbk,organization,"Maida Yulianti, M.M.",individual,2024-03-29,1656659001,True,proxy
"Ajiono Yolanda, S.Kom",individual,Partai Rakyat Sejahtera,political-party,2025-04-28,73962423,False,
Pardi Hutasoit,individual,Rahman Mulyani,individual,2024-10-08,1537500252,False,
Dr. Rafi Salahudin,individual,Ikin Agustina,individual,2024-11-28,130975663,True,self_funded
"Tgk. Banawi Gunarto, S.E.I",individual,Partai Nasional Demokrat,political-party,2025-03-22,15463945,True,smurfing
Mila Marbun,individual,"Melinda Waskita, S.Kom",individual,2024-06-18,968773074,False,
CV Halimah Halimah (Persero) Tbk,corporation,Ir. Nrima Megantara,individual,2025-01-03,3932366823,False,
Pemkot Bogor,organization,Partai Indonesia Maju,political-party,2024-05-30,490802191,True,illegal_source
CV Widiastuti,organization,Sidiq Melani,individual,2024-04-22,168736745,True,proxy
Pardi Mustofa,individual,Partai Keadilan Indonesia,political-party,2025-08-31,19430353,False,
PT Andriani Riyanti Tbk,corporation,drg. Gasti Laksita,individual,2025-12-10,22658079023,True,self_funded
PD Pratiwi Halimah,organization,Partai Persatuan,political-party,2025-11-22,1748814020,True,proxy
PD Halim (Persero) Tbk,corporation,"R. Jasmin Oktaviani, S.E.",individual,2025-03-04,13603923459,False,
Perum Suwarno (Persero) Tbk,corporation,Partai Indonesia Maju,political-party,2025-01-24,379461189,True,proxy
"dr. Prakosa Putra, S.H.",individual,"Emil Yuliarti, S.E.",individual,2025-01-15,491868146,True,self_funded
PT Kuswoyo Wacana,corporation,Hilda Putra,individual,2025-10-21,9375590588,True,self_funded
Prayoga Kuswoyo,individual,Raina Prastuti,individual,2024-05-25,1590524038,False,
Amalia Mardhiyah,individual,Zulfa Najmudin,individual,2024-07-02,136179371,False,
Eka Mulyani,individual,Partai Indonesia Maju,political-party,2025-03-15,146422801,False,
"R. Paulin Utama, S.I.Kom",individual,Partai Nasional Demokrat,political-party,2024-09-28,153068642,False,
CV Pradana Usamah (Persero) Tbk,organization,Teddy Safitri,individual,2025-05-24,729328967,True,proxy
Oliva Siregar,individual,Marsudi Maryadi,individual,2024-07-30,1691362910,False,
Cayadi Hutasoit,individual,"Kajen Wulandari, M.Pd",individual,2025-12-20,673341280,True,self_funded
Perum Habibi Hutasoit Tbk,corporation,Partai Solidaritas Indonesia,political-party,2025-04-27,377958754,False,
Vanya Maulana,individual,"Maman Mahendra, S.H.",individual,2025-04-08,903947634,False,
Maimunah Wijaya,individual,Partai Indonesia Maju,political-party,2025-08-08,135124113,False,
Pemkab Toba,organization,Rachel Megantara,individual,2024-08-30,161626409,True,illegal_source
Perum Lazuardi Nurdiyanti,corporation,Partai Rakyat Sejahtera,political-party,2024-03-16,1569747075,True,proxy
Nasim Santoso,individual,Partai Kebangkitan Rakyat,political-party,2025-12-17,179027508,False,
UD Sitorus Tbk,corporation,Partai Persatuan,political-party,2024-04-13,239346815,False,
PT Sinaga Tbk,organization,Partai Nasional Demokrat,political-party,2025-09-06,444091581,True,proxy
Zulfa Situmorang,individual,Partai Amanat Rakyat,political-party,2025-04-13,281245092,True,over_limit
"Maida Mandasari, S.I.Kom",individual,"R. Tami Jailani, S.H.",individual,2024-10-16,233036691,True,self_funded
UD Rahmawati Prayoga,corporation,Partai Solidaritas Indonesia,political-party,2025-01-09,124427262,False,
PD Latupono Tbk,organization,Partai Keadilan Indonesia,political-party,2024-11-15,490395974,False,
Vero Mahendra,individual,"Niyaga Andriani, M.M.",individual,2024-06-25,249550389,True,self_funded
CV Gunawan (Persero) Tbk,corporation,Mahfud Najmudin,individual,2024-01-17,23118052169,True,self_funded
UD Budiman Tbk,organization,Partai Kebangkitan Rakyat,political-party,2024-07-01,362811107,False,
PT Prasetya (Persero) Tbk,organization,Partai Amanat Rakyat,political-party,2025-10-28,332980319,False,
PT Anggraini Pertiwi,corporation,Partai Keadilan Indonesia,political-party,2025-07-24,511932391,False,
PD Prasetyo (Persero) Tbk,corporation,Partai Harapan Bangsa,political-party,2024-07-30,837203219,True,proxy
CV Siregar Salahudin Tbk,corporation,Mursinin Rajata,individual,2025-03-13,3037817874,False,
CV Mahendra Iswahyudi,organization,Partai Kebangkitan Rakyat,political-party,2024-05-14,36649635,True,smurfing
UD Lazuardi,organization,Adinata Mandala,individual,2024-10-21,9268280701,False,
Zelda Utama,individual,"Drs. Yuliana Nurdiyanti, S.H.",individual,2024-12-04,2043525314,False,
PD Hakim Kurniawan Tbk,organization,Partai Persatuan,political-party,2025-07-14,990747371,True,proxy
PD Waskita Permata,organization,Partai Solidaritas Indonesia,political-party,2024-01-04,88943711,True,smurfing
CV Kusmawati Anggraini (Persero) Tbk,corporation,Partai Keadilan Indonesia,political-party,2024-03-31,29941381,True,smurfing
PT Lazuardi Mansur,corporation,Intan Waskita,individual,2025-03-31,12582678981,False,
PD Prayoga Marpaung Tbk,corporation,"drg. Gawati Saptono, S.Pt",individual,2024-11-23,61139728,True,smurfing
PD Prasetya Simbolon,organization,Farhunnisa Prastuti,individual,2025-05-04,93464247,True,smurfing
Dt. Cahya Lestari,individual,Adika Saptono,individual,2024-04-20,1319347774,True,self_funded
PD Manullang Suwarno Tbk,corporation,Irma Haryanti,individual,2024-10-27,9276974751,False,
Sutan Radika Santoso,individual,Cindy Ardianto,individual,2024-11-11,63948205,False,
CV Wijaya,organization,Partai Indonesia Maju,political-party,2024-08-27,431221640,False,
PT Nugroho Tbk,corporation,Bella Pranowo,individual,2025-10-08,13318945114,True,self_funded
Martani Rajasa,individual,Nyana Pertiwi,individual,2024-01-13,1600802027,False,
Nyoman Fujiati,individual,Partai Nasional Demokrat,political-party,2025-08-03,31128433,False,
PD Winarno Kuswoyo (Persero) Tbk,corporation,Usyi Usamah,individual,2025-07-15,6092761349,True,self_funded
UD Waskita Tbk,corporation,Partai Demokrat,political-party,2024-09-11,694045872,False,
PD Farida,corporation,Partai Kebangkitan Rakyat,political-party,2025-08-10,647686773,False,
UD Pangestu Najmudin Tbk,organization,Partai Solidaritas Indonesia,political-party,2024-01-30,1766024135,True,proxy
H. Wahyu Namaga,individual,Partai Indonesia Maju,political-party,2024-07-25,53055522,True,smurfing
Candrakanta Simbolon,individual,Vicky Hardiansyah,individual,2025-06-22,1658768984,False,
UD Kuswandari,corporation,"R. Bella Zulaika, S.I.Kom",individual,2024-02-20,727531728,True,proxy
PD Puspita Dabukke Tbk,corporation,Partai Solidaritas Indonesia,political-party,2024-04-17,61126476,True,smurfing
CV Prastuti,organization,Partai Harapan Bangsa,political-party,2024-07-29,108402295,False,
Balapati Wahyudin,individual,"Imam Prastuti, S.Farm",individual,2024-07-24,467012918,False,
CV Hardiansyah Hutapea,organization,Partai Amanat Rakyat,political-party,2024-10-27,485830149,True,proxy
Harto Zulaika,individual,Laras Nuraini,individual,2025-09-01,1149421991,False,
T. Aditya Handayani,individual,Partai Keadilan Indonesia,political-party,2024-01-03,65292176,False,
"Unjani Pranowo, S.H.",individual,Laras Mardhiyah,individual,2024-12-12,321954614,False,
"Puti Aisyah Yuniar, S.Kom",individual,Kiandra Simanjuntak,individual,2025-04-23,577908272,True,self_funded
Belinda Susanti,individual,Dr. Empluk Gunawan,individual,2025-08-24,1698917942,False,
Perum Sihombing Namaga Tbk,organization,Kasim Nashiruddin,individual,2025-02-26,54773581,True,smurfing
CV Hastuti (Persero) Tbk,corporation,Koko Namaga,individual,2025-11-29,1208016735,False,
CV Andriani,corporation,Harto Utama,individual,2024-09-09,1908968135,False,
"Ir. Jamal Saragih, S.Pt",individual,Cahyono Usada,individual,2024-10-09,1131162271,True,self_funded
CV Suwarno Rajata,corporation,Partai Kebangkitan Rakyat,political-party,2025-04-15,29685262,True,proxy
PT Hidayat Hakim,corporation,Partai Keadilan Indonesia,political-party,2025-06-16,396760059,False,
PT Januar Saptono (Persero) Tbk,corporation,dr. Tania Yuliarti,individual,2024-02-17,8187807151,False,
PT Halim,organization,Partai Harapan Bangsa,political-party,2025-07-25,373409237,False,
CV Mulyani Mustofa,organization,Partai Keadilan Indonesia,political-party,2025-09-17,1429313095,True,proxy
UD Winarno,corporation,Partai Harapan Bangsa,political-party,2025-05-17,41132376,False,
PT Mayasari,corporation,Partai Rakyat Sejahtera,political-party,2024-12-10,665157020,True,proxy
CV Melani,corporation,Umi Yuliarti,individual,2025-08-06,43611406,True,smurfing
PD Pradana Tamba Tbk,organization,Partai Amanat Rakyat,political-party,2024-12-01,91513494,True,smurfing
Hari Wijayanti,individual,R. Eja Rahmawati,individual,2025-11-29,2154359038,True,self_funded
Hardana Wastuti,individual,Cemani Rajata,individual,2024-11-10,460251250,False,
CV Suwarno Marbun Tbk,corporation,Partai Kebangkitan Rakyat,political-party,2024-10-23,619227722,False,
Pemkab Toba,organization,Partai Demokrat,political-party,2024-09-28,948466047,True,illegal_source
Jaswadi Ardianto,individual,Gawati Mahendra,individual,2025-09-28,518025638,True,self_funded
"Pangestu Adriansyah, S.Psi",individual,Partai Solidaritas Indonesia,political-party,2024-11-02,139931731,False,
Bancar Maulana,individual,Capa Lazuardi,individual,2025-03-31,2415765086,True,self_funded
PT Hariyah Wibowo Tbk,corporation,"Asirwanda Megantara, S.IP",individual,2025-09-15,4699553857,False,
PD Hutasoit Pratiwi (Persero) Tbk,corporation,Partai Kebangkitan Rakyat,political-party,2025-01-22,396744523,False,
CV Prasetya Nurdiyanti Tbk,organization,Partai Amanat Rakyat,political-party,2025-09-13,587859117,False,
CV Narpati Manullang (Persero) Tbk,organization,Partai Nasional Demokrat,political-party,2025-04-16,537919233,True,proxy
Salwa Nuraini,individual,Drs. Galiono Handayani,individual,2025-04-20,3113559446,True,over_limit
UD Halimah (Persero) Tbk,organization,Febi Nasyiah,individual,2025-02-26,9244135656,False,
Wawan Usamah,individual,Partai Demokrat,political-party,2024-09-15,63252174,False,
"Sutan Raihan Firgantoro, S.Pt",individual,Partai Persatuan,political-party,2025-08-12,140714532,False,
"Saiful Aryani, M.Farm",individual,Ophelia Widiastuti,individual,2024-11-16,1885160770,False,
Chelsea Mangunsong,individual,R.A. Fathonah Mandala,individual,2024-02-27,1421936874,False,
Intan Saptono,individual,Partai Amanat Rakyat,political-party,2025-04-21,30813139,True,smurfing
Perum Nurdiyanti Hastuti,corporation,Rika Puspita,individual,2025-03-21,6246903285,True,self_funded
Hasna Permata,individual,Partai Persatuan,political-party,2024-09-15,24183806,False,
"Cahyono Siregar, M.TI.",individual,"Zelda Anggraini, M.Kom.",individual,2025-12-24,724494185,False,
KH. Respati Suartini,individual,"R.A. Betania Pudjiastuti, S.Sos",individual,2025-04-17,2340819363,True,self_funded
CV Narpati Tbk,organization,Partai Demokrat,political-party,2024-01-13,313466492,True,proxy
Perum Budiman Natsir,organization,Partai Keadilan Indonesia,political-party,2025-03-27,405055160,False,
Perum Prasetyo Damanik (Persero) Tbk,corporation,Partai Amanat Rakyat,political-party,2025-12-18,40492628,True,smurfing
"Melinda Saefullah, S.Sos",individual,Partai Keadilan Indonesia,political-party,2024-11-27,27460177,False,
PT Haryanti Tbk,corporation,Partai Demokrat,political-party,2024-06-21,140254980,False,
UD Hardiansyah (Persero) Tbk,corporation,"Gilda Hutasoit, S.Psi",individual,2024-06-18,15011290465,True,self_funded
Perum Nuraini (Persero) Tbk,corporation,Gina Purwanti,individual,2025-12-09,10575360151,True,self_funded
KH. Hartana Tarihoran,individual,Almira Sihombing,individual,2025-03-27,887348068,True,self_funded
Maria Uyainah,individual,Partai Solidaritas Indonesia,political-party,2025-03-24,108175229,False,
PT Mandasari,organization,H. Gilang Dabukke,individual,2025-07-18,7517533338,False,
CV Mayasari Tbk,organization,Partai Kebangkitan Rakyat,political-party,2024-07-26,1939843322,True,proxy
"Ana Kuswoyo, M.Kom.",individual,Partai Nasional Demokrat,political-party,2024-01-31,169122786,False,
"Melinda Rajasa, M.Pd",individual,Harsanto Wacana,individual,2024-03-23,2100581803,False,
UD Megantara Hariyah,corporation,Partai Persatuan,political-party,2025-12-11,40892604,True,smurfing
Maida Maryati,individual,Partai Persatuan,political-party,2025-07-29,104191261,False,
Perum Halim,corporation,Asmianto Yuliarti,individual,2024-01-17,12181052594,True,self_funded
PT Nasyidah Prabowo,corporation,Maida Mustofa,individual,2025-06-03,21925050645,False,
CV Wahyuni Tbk,corporation,Partai Indonesia Maju,political-party,2025-06-05,1800590675,True,proxy
UD Yuliarti Widiastuti (Persero) Tbk,corporation,Partai Harapan Bangsa,political-party,2025-11-24,249321018,False,
Jane Padmasari,individual,Partai Kebangkitan Rakyat,political-party,2024-10-26,17551578,False,
CV Lestari Sudiati (Persero) Tbk,corporation,R.A. Ana Siregar,individual,2024-09-01,18463279747,False,
Azalea Maryadi,individual,Lukman Mayasari,individual,2025-05-17,1624857976,False,
Rahmi Habibi,individual,Partai Harapan Bangsa,political-party,2024-06-20,73829126,False,
Perum Hasanah,corporation,Virman Setiawan,individual,2025-08-08,5840428983,False,
Bella Najmudin,individual,Padmi Hassanah,individual,2025-04-27,1667285095,False,
Ir. Virman Dongoran,individual,Mutia Suryatmi,individual,2025-12-30,1645307047,False,
Latika Setiawan,individual,Dt. Candrakanta Prayoga,individual,2024-11-24,107222279,False,
Hamzah Adriansyah,individual,Partai Harapan Bangsa,political-party,2025-12-12,129901816,False,
Kiandra Prasasta,individual,Partai Demokrat,political-party,2025-01-03,132655489,False,
"H. Kemba Utami, M.M.",individual,Mumpuni Puspasari,individual,2024-08-05,254742763,True,self_funded
CV Hutagalung,corporation,Raisa Novitasari,individual,2024-09-12,6726935693,True,self_funded
Padma Marbun,individual,Partai Harapan Bangsa,political-party,2025-08-27,13730595,False,
Pemerintah Provinsi Bali,organization,Partai Indonesia Maju,political-party,2024-11-19,418892025,True,illegal_source
PD Narpati Wahyudin (Persero) Tbk,corporation,Partai Nasional Demokrat,political-party,2024-09-19,83812532,True,smurfing
UD Usada Gunawan,organization,Partai Demokrat,political-party,2024-08-27,91874414,True,proxy
Dr. Nasim Salahudin,individual,Partai Rakyat Sejahtera,political-party,2024-05-19,123625023,False,
PD Putra Wijaya (Persero) Tbk,organization,dr. Dacin Kusmawati,individual,2024-03-25,32430251,True,smurfing
UD Salahudin (Persero) Tbk,corporation,Mala Wijaya,individual,2024-06-01,20913529333,True,self_funded
UD Lazuardi,corporation,Partai Indonesia Maju,political-party,2024-08-02,342059795,False,
CV Mansur Wijayanti,corporation,Asmuni Ramadan,individual,2024-03-09,636571768,True,self_funded
Perum Mayasari,organization,Jaga Laksmiwati,individual,2024-10-17,1409549079,False,
"Kezia Thamrin, S.Gz",individual,Partai Rakyat Sejahtera,political-party,2024-08-13,1523039,False,
PT Saputra Maheswara,organization,"drg. Safina Wacana, S.E.I",individual,2025-09-27,612404009,True,proxy
dr. Prakosa Hutagalung,individual,dr. Mahmud Handayani,individual,2024-01-24,1184893590,True,self_funded
PT Suryono (Persero) Tbk,organization,Partai Kebangkitan Rakyat,political-party,2025-05-13,230673884,False,
Unjani Puspasari,individual,"Ir. Nyana Wahyudin, M.Farm",individual,2025-12-24,628957516,False,
PD Santoso,corporation,Ganep Damanik,individual,2025-03-24,16488346169,True,self_funded
CV Usada,corporation,Caraka Siregar,individual,2025-12-04,21992148710,False,
Carub Suryono,individual,Saiful Sitorus,individual,2025-11-24,68734088,False,
Hj. Cornelia Permata,individual,"Keisha Rahayu, S.Kom",individual,2025-04-03,638955774,True,self_funded
"Ina Adriansyah, S.Ked",individual,Partai Kebangkitan Rakyat,political-party,2024-02-15,40371406,False,
PD Megantara Pangestu,corporation,Partai Solidaritas Indonesia,political-party,2025-12-28,241323490,False,
"Sakti Novitasari, S.H.",individual,Bakijan Sitompul,individual,2024-05-02,622534481,False,
UD Mansur Tampubolon Tbk,organization,Partai Rakyat Sejahtera,political-party,2025-12-17,32439823,False,
R. Kayla Habibi,individual,Asirwada Widiastuti,individual,2024-03-03,1083219604,False,
"Yunita Wibowo, S.Psi",individual,Partai Indonesia Maju,political-party,2024-11-02,4186896,True,smurfing
PD Haryanto (Persero) Tbk,corporation,Intan Permata,individual,2025-10-15,15488363518,False,
PD Palastri (Persero) Tbk,corporation,Partai Rakyat Sejahtera,political-party,2024-02-14,525466366,False,
UD Halim Tbk,organization,Partai Keadilan Indonesia,political-party,2024-09-12,233759083,False,
PD Tampubolon,organization,Shakila Tarihoran,individual,2024-04-17,18954146,True,smurfing
CV Winarsih,corporation,"Sari Sitorus, S.E.",individual,2025-01-29,4021056417,False,
Hj. Ulya Yolanda,individual,"Leo Mustofa, M.Farm",individual,2024-03-04,1568894946,False,
CV Siregar (Persero) Tbk,corporation,Partai Solidaritas Indonesia,political-party,2024-03-28,567252351,False,
R.M. Arsipatra Pangestu,individual,Partai Amanat Rakyat,political-party,2025-04-07,123251303,False,
Perum Damanik Simbolon,corporation,Partai Harapan Bangsa,political-party,2025-07-16,297080387,False,
Perum Astuti Putra (Persero) Tbk,organization,Lala Hastuti,individual,2024-08-06,2033730110,False,
Perum Mayasari,organization,Partai Kebangkitan Rakyat,political-party,2025-09-28,224476987,False,
Humaira Winarno,individual,Partai Keadilan Indonesia,political-party,2025-06-19,79486675,True,smurfing
Perum Melani Tbk,corporation,Partai Harapan Bangsa,political-party,2024-06-15,761016314,True,proxy
PD Widiastuti Tbk,organization,Chelsea Budiman,individual,2024-03-19,332050258,True,proxy
"Janet Nainggolan, M.Farm",individual,Partai Amanat Rakyat,political-party,2025-08-01,32166973,False,
UD Hasanah Permadi,corporation,Partai Rakyat Sejahtera,political-party,2024-10-14,54067809,True,smurfing
Maman Adriansyah,individual,Partai Demokrat,political-party,2024-11-05,26635056,False,
"Dr. Rachel Ramadan, S.Pt",individual,Raharja Yolanda,individual,2024-07-02,1861478487,False,
Taswir Zulaika,individual,Paris Salahudin,individual,2024-11-16,70087682,True,smurfing
Dr. Dian Utami,individual,Partai Keadilan Indonesia,political-party,2024-01-10,169034946,False,
Nadia Januar,individual,Partai Solidaritas Indonesia,political-party,2025-09-15,34622511,True,smurfing
R.M. Harsanto Hasanah,individual,Partai Nasional Demokrat,political-party,2024-10-15,276798629,True,over_limit
Perum Yuliarti (Persero) Tbk,organization,Partai Demokrat,political-party,2025-05-15,98642300,True,smurfing
CV Simanjuntak Maulana,corporation,Partai Nasional Demokrat,political-party,2024-10-30,1940147717,True,proxy
PT Ardianto Widiastuti,corporation,Partai Keadilan Indonesia,political-party,2025-10-23,1447004610,True,proxy
Chandra Hassanah,individual,Partai Demokrat,political-party,2025-03-23,25851385,False,
CV Pranowo Oktaviani,organization,Partai Demokrat,political-party,2025-07-08,10419982,True,smurfing
Widya Waluyo,individual,Partai Keadilan Indonesia,political-party,2024-02-27,72222050,True,smurfing
CV Suryono,corporation,Drs. Bagus Adriansyah,individual,2024-09-22,833574874,False,
PD Usamah (Persero) Tbk,corporation,Partai Solidaritas Indonesia,political-party,2024-02-06,142696011,False,
UD Kusmawati (Persero) Tbk,corporation,H. Candra Gunawan,individual,2024-04-09,57258139,True,smurfing
Dt. Maryadi Namaga,individual,Laras Habibi,individual,2024-05-25,3158890309,True,over_limit
PD Maryati Fujiati Tbk,corporation,Rini Nasyiah,individual,2025-04-19,77431784,True,self_funded
CV Suryono Tampubolon (Persero) Tbk,organization,Partai Amanat Rakyat,political-party,2025-01-29,65458066,True,smurfing
PT Siregar,corporation,Partai Solidaritas Indonesia,political-party,2025-11-25,9010055,False,
UD Hartati (Persero) Tbk,corporation,Partai Solidaritas Indonesia,political-party,2024-07-09,665584944,False,
PD Handayani Prasetya,corporation,"dr. Bella Megantara, M.Kom.",individual,2024-05-22,604472040,True,self_funded
PD Yulianti Marbun (Persero) Tbk,corporation,Mursinin Halim,individual,2025-10-17,47973647,True,smurfing
Perum Tampubolon Tbk,corporation,Sabar Mardhiyah,individual,2025-08-29,82617235,True,smurfing
Anastasia Yulianti,individual,Dipa Mardhiyah,individual,2024-08-29,177528430,False,
drg. Hardi Wijaya,individual,"Drs. Cemani Astuti, M.Farm",individual,2024-04-18,1743324297,False,
PD Simbolon (Persero) Tbk,corporation,Sutan Gatot Sudiati,individual,2025-04-04,3541709329,True,self_funded
"Sabrina Wasita, S.Farm",individual,Zelaya Mandasari,individual,2025-01-07,1629049360,False,
dr. Anom Sitorus,individual,Titi Widodo,individual,2025-02-25,690895956,False,
UD Tamba Tbk,organization,Kacung Uwais,individual,2025-04-03,22381227322,False,
PD Januar Pratama,organization,Partai Persatuan,political-party,2025-06-04,655798921,False,
Lasmanto Susanti,individual,Partai Demokrat,political-party,2024-08-11,45758652,False,
"Drs. Ega Simanjuntak, M.M.",individual,Partai Demokrat,political-party,2025-12-16,21337049,False,
"dr. Sabrina Saputra, S.Farm",individual,Partai Rakyat Sejahtera,political-party,2025-02-08,62325044,False,
CV Pangestu,organization,"Drs. Oman Salahudin, S.Kom",individual,2025-11-19,1760418250,True,proxy
PT Kurniawan Fujiati,corporation,Partai Persatuan,political-party,2025-07-09,34498572,True,smurfing
Perum Nasyiah (Persero) Tbk,organization,Partai Amanat Rakyat,political-party,2024-11-05,404840793,True,proxy
PT Iswahyudi Tbk,corporation,Partai Demokrat,political-party,2024-06-03,364538464,True,proxy
PT Haryanti Rahimah (Persero) Tbk,corporation,Maimunah Yuniar,individual,2024-02-12,12170738256,False,
Lega Pratiwi,individual,Partai Persatuan,political-party,2025-06-28,146244616,False,
Pia Wijayanti,individual,Cut Zulfa Pradipta,individual,2024-08-31,1289610060,False,
Sutan Dadi Rajasa,individual,Wulan Simanjuntak,individual,2025-02-22,1425963086,False,
Perum Budiyanto (Persero) Tbk,corporation,Partai Harapan Bangsa,political-party,2024-06-23,23019741,False,
Puti Titi Wijayanti,individual,Ira Suryono,individual,2024-06-01,1418351443,False,
Perum Santoso (Persero) Tbk,corporation,Yuliana Ramadan,individual,2025-08-23,24760666920,True,self_funded
PD Susanti Nuraini (Persero) Tbk,corporation,"Rika Novitasari, M.Kom.",individual,2025-03-12,1037517494,True,proxy
drg. Karja Salahudin,individual,Darmanto Palastri,individual,2025-06-01,1306842079,False,
"Ir. Vinsen Rahimah, S.Ked",individual,Partai Nasional Demokrat,political-party,2024-04-19,148190901,False,
Jelita Thamrin,individual,Partai Amanat Rakyat,political-party,2025-04-12,160893989,False,
drg. Kusuma Pertiwi,individual,Warsa Saputra,individual,2025-11-28,229862718,False,
Perum Putra,organization,Faizah Purnawati,individual,2024-03-17,11754359323,False,
"Cut Elisa Irawan, S.H.",individual,Baktiadi Fujiati,individual,2024-12-28,277870436,False,
Perum Manullang Tbk,organization,Partai Harapan Bangsa,political-party,2024-06-28,1706168208,True,proxy
PT Palastri Santoso,corporation,"Kenari Maheswara, S.Ked",individual,2025-10-02,1581442981,True,proxy
R.A. Zelaya Hartati,individual,Partai Kebangkitan Rakyat,political-party,2025-04-20,135270650,False,
Makuta Siregar,individual,Partai Indonesia Maju,political-party,2025-04-08,1453906,False,
CV Uwais Tbk,corporation,Digdaya Prabowo,individual,2024-06-21,13758343414,True,self_funded
Kawaya Sinaga,individual,"Dr. Maria Natsir, S.Sos",individual,2025-11-10,565876185,False,
Hafshah Suwarno,individual,Nadine Pertiwi,individual,2025-06-20,1966546721,False,
CV Mansur Kuswandari,corporation,Jaeman Sudiati,individual,2024-10-17,93583180,True,smurfing
Dalima Hasanah,individual,Partai Demokrat,political-party,2024-03-24,92866030,True,smurfing
PT Nashiruddin Palastri (Persero) Tbk,corporation,Diana Tampubolon,individual,2024-07-24,5151539946,True,self_funded
PD Yulianti,corporation,"Kezia Wibisono, S.Ked",individual,2024-08-18,17770099319,False,
PD Suryono,organization,Partai Kebangkitan Rakyat,political-party,2025-11-19,1417929807,True,proxy
PT Hutasoit (Persero) Tbk,organization,Partai Amanat Rakyat,political-party,2025-01-28,46054530,True,smurfing
CV Nababan,corporation,Karta Pratama,individual,2024-11-23,2269271531,True,self_funded
PD Purnawati Widiastuti,corporation,Partai Solidaritas Indonesia,political-party,2024-05-13,1676500017,True,proxy
Malik Pradipta,individual,Partai Harapan Bangsa,political-party,2025-02-23,118087449,False,
UD Saptono Tbk,corporation,Partai Persatuan,political-party,2024-10-28,11057932,False,
Perum Fujiati (Persero) Tbk,organization,Partai Persatuan,political-party,2025-05-01,16293094,True,smurfing
Sidiq Usamah,individual,Partai Amanat Rakyat,political-party,2025-05-11,144842364,False,
"Lembah Iswahyudi, S.E.I",individual,Partai Amanat Rakyat,political-party,2025-01-05,165883583,False,
Perum Firgantoro Tampubolon Tbk,organization,Partai Persatuan,political-party,2025-03-06,322701158,False,
Bala Agustina,individual,Puti Nasyiah,individual,2025-10-25,832993011,False,
CV Mayasari,corporation,Laswi Permata,individual,2025-09-01,1561190164,True,proxy
PT Hartati Handayani,corporation,Partai Kebangkitan Rakyat,political-party,2024-08-04,555020572,False,
PT Wibisono,organization,Kunthara Purnawati,individual,2025-11-23,11525589980,False,
Pemerintah Desa Sukamulya,organization,Partai Demokrat,political-party,2024-10-01,754031038,True,illegal_source
Ella Latupono,individual,Partai Amanat Rakyat,political-party,2024-11-16,62815927,False,
CV Thamrin,organization,Panca Samosir,individual,2024-11-22,84902108,True,smurfing
UD Namaga Palastri (Persero) Tbk,corporation,Partai Harapan Bangsa,political-party,2024-01-01,1367226958,True,proxy
PD Aryani Siregar (Persero) Tbk,corporation,Elma Wahyuni,individual,2024-12-31,22059703553,True,self_funded
Alambana Wibisono,individual,"Gilda Hastuti, M.Pd",individual,2025-06-13,1539925949,False,
Perum Mandala Tbk,corporation,Partai Amanat Rakyat,political-party,2024-02-10,491270570,False,
PD Sitorus Damanik (Persero) Tbk,corporation,Partai Keadilan Indonesia,political-party,2024-07-23,849227196,True,proxy
PD Tamba Yuliarti (Persero) Tbk,corporation,Partai Solidaritas Indonesia,political-party,2024-07-26,83492977,False,
Rendy Simbolon,individual,Ophelia Fujiati,individual,2025-10-10,1020998632,False,
"Ridwan Yuliarti, M.Farm",individual,Partai Persatuan,political-party,2024-06-20,115153092,False,
Pemerintah Desa Sukamulya,organization,Partai Solidaritas Indonesia,political-party,2024-03-05,668729355,True,illegal_source
Perum Maryadi,corporation,Ikhsan Nuraini,individual,2024-09-17,997937691,True,proxy
H. Luthfi Lestari,individual,Partai Persatuan,political-party,2024-08-01,52151830,False,
"Drs. Irma Hassanah, S.Gz",individual,Partai Persatuan,political-party,2024-09-12,163431736,False,
Raditya Pudjiastuti,individual,Partai Solidaritas Indonesia,political-party,2025-10-26,144950729,False,
"Caturangga Pranowo, M.Farm",individual,"Zaenab Situmorang, S.Gz",individual,2025-05-13,67373054,True,smurfing
UD Najmudin,corporation,"R. Jasmin Widiastuti, M.Pd",individual,2025-03-19,21684659327,False,
UD Wulandari Tbk,organization,Partai Keadilan Indonesia,political-party,2025-04-08,1585641744,True,proxy
Perum Sitompul Wastuti,corporation,Cut Kayla Halimah,individual,2025-08-06,1674069250,True,self_funded
PD Irawan (Persero) Tbk,corporation,Partai Solidaritas Indonesia,political-party,2025-05-09,37196512,True,smurfing
CV Purwanti Hastuti,organization,Partai Persatuan,political-party,2024-07-16,103871049,False,
Naradi Saptono,individual,Partai Solidaritas Indonesia,political-party,2024-07-11,78523238,True,smurfing
CV Uwais Tbk,corporation,Partai Kebangkitan Rakyat,political-party,2024-09-23,119580308,False,
PT Rahayu Natsir,corporation,Bella Lazuardi,individual,2024-07-31,63131028,True,smurfing
Bakiadi Saefullah,individual,"Citra Maryadi, M.Pd",individual,2025-11-20,62445794,False,
Pemkab Toba,organization,"Drs. Hamzah Safitri, S.Ked",individual,2025-01-21,4824094154,True,illegal_source
CV Saputra Sirait (Persero) Tbk,organization,Partai Indonesia Maju,political-party,2024-01-17,368743985,True,proxy
"Dt. Darmanto Permata, S.T.",individual,"Ir. Unggul Uwais, S.I.Kom",individual,2025-01-31,1925808737,False,
CV Dongoran (Persero) Tbk,organization,Partai Rakyat Sejahtera,political-party,2024-08-19,1170159,True,smurfing
drg. Salimah Yulianti,individual,"Ghani Saptono, S.Pd",individual,2024-03-05,1971414703,False,
"Damar Putra, S.Pt",individual,Wira Farida,individual,2025-11-04,67732131,True,smurfing
Perum Uyainah Budiman (Persero) Tbk,organization,Partai Kebangkitan Rakyat,political-party,2025-07-29,1745161807,True,proxy
UD Rajasa Hidayat,corporation,Partai Harapan Bangsa,political-party,2024-08-27,98059172,True,smurfing
Perum Zulkarnain (Persero) Tbk,corporation,Partai Solidaritas Indonesia,political-party,2025-07-23,356655851,False,
Labuh Budiyanto,individual,Lasmanto Anggriawan,individual,2025-04-13,319836445,False,
R.A. Ani Setiawan,individual,"dr. Maryadi Latupono, S.Sos",individual,2025-12-29,85001806,False,
"Prayogo Santoso, S.H.",individual,Cahyadi Padmasari,individual,2025-04-26,851925150,False,
Pemkab Toba,organization,"Ir. Surya Simanjuntak, S.I.Kom",individual,2025-07-05,15451821321,True,illegal_source
Galuh Anggriawan,individual,Putri Iswahyudi,individual,2025-08-02,343610724,False,
Perum Winarsih,corporation,Eka Iswahyudi,individual,2025-08-28,49617677,True,smurfing
UD Hutapea,corporation,Partai Solidaritas Indonesia,political-party,2025-02-11,861565873,True,proxy
Kamaria Susanti,individual,Partai Solidaritas Indonesia,political-party,2025-06-10,133624046,False,
PT Napitupulu,corporation,R. Reza Rajata,individual,2025-11-03,14075888622,False,
PT Wacana Safitri,organization,Partai Harapan Bangsa,political-party,2025-01-17,160500736,False,
Jati Sinaga,individual,Adiarja Rajata,individual,2024-10-24,79078858,True,smurfing
Perum Prasasta Damanik,corporation,"Jamal Hasanah, S.Psi",individual,2025-11-10,18974583075,False,
Perum Wacana,corporation,Chelsea Wacana,individual,2025-01-24,13015352,True,smurfing
CV Tampubolon Tbk,corporation,Partai Kebangkitan Rakyat,political-party,2024-04-21,198853345,False,
Perum Saefullah Setiawan,corporation,Aurora Saragih,individual,2024-10-12,280829330,True,self_funded
CV Wacana Kuswoyo,corporation,"R.A. Qori Kusumo, S.E.I",individual,2024-05-25,9216472126,False,
Dr. Olivia Wastuti,individual,Nrima Saragih,individual,2024-04-10,395586922,False,
PT Kusumo,organization,Partai Persatuan,political-party,2024-10-24,629073227,True,proxy
UD Nurdiyanti (Persero) Tbk,corporation,"Sutan Abyasa Puspita, M.Pd",individual,2025-03-21,1617379399,True,self_funded
CV Wulandari Tbk,corporation,Widya Novitasari,individual,2024-09-22,1063829879,True,proxy
Puji Dongoran,individual,"Puti Mila Hariyah, S.Ked",individual,2025-12-16,2013882457,True,self_funded
UD Usamah,organization,Puti Zamira Sinaga,individual,2024-02-12,589564921,True,proxy
"Hj. Wirda Wahyuni, M.Ak",individual,Partai Keadilan Indonesia,political-party,2025-03-19,133799608,False,
"Vivi Sihombing, M.Kom.",individual,Yosef Winarsih,individual,2025-02-04,858996762,False,
Drs. Bella Firgantoro,individual,Partai Persatuan,political-party,2025-03-14,126076138,False,
"T. Daliman Nainggolan, S.Pd",individual,Hj. Mutia Januar,individual,2025-08-20,1782744961,False,
UD Sihotang,organization,Maryadi Pranowo,individual,2024-06-05,288311542,True,proxy
PD Sudiati Tbk,organization,Daryani Maryati,individual,2025-01-18,1992912081,True,proxy
CV Thamrin Permadi,corporation,"Drs. Asmuni Ardianto, S.Psi",individual,2025-02-26,22796763794,True,self_funded
Perum Purnawati Tbk,corporation,Emas Habibi,individual,2024-11-28,1523371037,True,proxy
"Amalia Mahendra, S.E.I",individual,"Unjani Ramadan, S.Sos",individual,2024-05-15,1125930966,False,
"Dt. Karya Putra, S.I.Kom",individual,Partai Keadilan Indonesia,political-party,2025-07-25,159833575,False,
Perum Dabukke Napitupulu (Persero) Tbk,corporation,Aditya Puspasari,individual,2025-02-12,15363181929,False,
UD Budiman Tarihoran (Persero) Tbk,corporation,Sakti Oktaviani,individual,2025-08-02,14041520799,False,
Sabrina Budiman,individual,Yahya Laksmiwati,individual,2024-07-18,1953288631,True,self_funded
Bahuraksa Dabukke,individual,"Tgk. Hairyanto Anggriawan, S.Kom",individual,2024-03-09,1376500567,False,
UD Siregar,corporation,"R. Victoria Wacana, S.Gz",individual,2025-07-05,8360987680,False,
CV Rahmawati Salahudin,corporation,R.A. Putri Irawan,individual,2024-12-06,1553941120,True,proxy
PT Hutagalung Tbk,organization,"Puti Winarsih, S.Pd",individual,2024-06-11,434001229,True,proxy
UD Siregar Palastri,organization,Partai Nasional Demokrat,political-party,2025-06-14,601723580,True,proxy
Puti Queen Prasetyo,individual,Partai Demokrat,political-party,2024-08-03,13524812,False,
"Tgk. Dinda Mansur, S.Psi",individual,Lantar Prasetyo,individual,2025-04-23,139169194,False,
CV Wibisono Prasasta Tbk,corporation,Partai Harapan Bangsa,political-party,2024-12-11,532269602,False,
Jasmani Wibisono,individual,Partai Solidaritas Indonesia,political-party,2025-06-13,44424445,True,smurfing
Perum Simbolon (Persero) Tbk,corporation,"Soleh Budiyanto, M.M.",individual,2024-04-24,7119784702,True,self_funded
Maimunah Puspasari,individual,Partai Amanat Rakyat,political-party,2025-12-19,46183228,False,
Azalea Wacana,individual,Partai Keadilan Indonesia,political-party,2024-09-01,50923153,False,
UD Safitri Januar (Persero) Tbk,organization,Partai Persatuan,political-party,2025-09-17,1365811566,True,proxy
Hartaka Salahudin,individual,Partai Rakyat Sejahtera,political-party,2025-02-06,151059130,False,
PT Prabowo Sihombing,corporation,Cornelia Sirait,individual,2024-10-25,1047729135,True,proxy
PT Kuswandari Wahyuni,corporation,Nrima Sihombing,individual,2024-01-09,4812602365,True,self_funded
PT Mandala Lazuardi,organization,Partai Keadilan Indonesia,political-party,2025-06-24,1735236340,True,proxy
CV Nasyidah,organization,Nurul Laksmiwati,individual,2025-04-04,2310050563,False,
CV Sihombing Rajata (Persero) Tbk,corporation,Partai Persatuan,political-party,2025-06-30,448986567,False,
Ajeng Maryati,individual,Partai Rakyat Sejahtera,political-party,2025-02-15,39934269,False,
Sakura Simbolon,individual,Partai Rakyat Sejahtera,political-party,2025-01-15,65010061,False,
UD Aryani,corporation,Salwa Rajasa,individual,2024-10-17,34053334003,True,over_limit
Perum Sihombing,corporation,Partai Rakyat Sejahtera,political-party,2024-09-21,13745152,True,smurfing
Najwa Saragih,individual,Cici Wulandari,individual,2024-06-27,1467836940,False,
Perum Suwarno Saefullah Tbk,organization,H. Teguh Pradana,individual,2024-08-25,68707785,True,smurfing
Karen Purwanti,individual,Partai Persatuan,political-party,2025-03-09,11410115,True,smurfing
Ian Waskita,individual,Partai Indonesia Maju,political-party,2025-10-23,118944986,False,
Lidya Natsir,individual,drg. Nyana Purnawati,individual,2025-08-09,72103146,True,smurfing
PD Budiman Tbk,organization,Titin Sitorus,individual,2025-11-23,1819369397,True,proxy
PT Permadi Mandasari (Persero) Tbk,organization,Partai Demokrat,political-party,2025-02-14,98360984,True,smurfing
PT Permata Tbk,organization,Purwadi Hakim,individual,2025-12-17,69296678,True,smurfing
PD Suwarno Andriani Tbk,corporation,Martaka Uwais,individual,2024-02-16,20785664983,False,
PD Namaga Widiastuti,corporation,"Tgk. Mala Hassanah, M.Farm",individual,2024-02-10,14244270905,True,self_funded
CV Wastuti Rajata,corporation,Abyasa Agustina,individual,2024-03-01,18114077977,False,
PD Susanti Iswahyudi (Persero) Tbk,corporation,Partai Indonesia Maju,political-party,2024-02-15,338809244,False,
PD Siregar Wacana (Persero) Tbk,corporation,Ani Anggriawan,individual,2024-07-13,19883152,True,smurfing
Karna Lestari,individual,Partai Nasional Demokrat,political-party,2025-03-11,116018319,False,
PT Prasetyo Tbk,organization,Tugiman Wacana,individual,2024-04-05,603717792,True,proxy
Tgk. Embuh Firgantoro,individual,Partai Persatuan,political-party,2024-12-05,12938170,False,
Ir. Aisyah Sihombing,individual,Partai Amanat Rakyat,political-party,2024-06-12,40611051,False,
Perum Sinaga (Persero) Tbk,corporation,Partai Persatuan,political-party,2025-10-20,293486327,False,
Perum Widodo Safitri,corporation,drg. Galang Mayasari,individual,2024-10-23,955816836,True,proxy
"Karimah Oktaviani, M.Kom.",individual,Sutan Daliman Anggraini,individual,2025-10-05,961534208,False,
PD Napitupulu Maulana (Persero) Tbk,organization,Partai Harapan Bangsa,political-party,2025-01-02,4833023,True,smurfing
PT Zulaika (Persero) Tbk,corporation,Gamblang Anggriawan,individual,2024-11-03,12902003632,False,
UD Nababan Tbk,corporation,Amelia Prakasa,individual,2024-06-29,188533056,True,proxy
"Hesti Anggriawan, S.E.",individual,"Dr. Nabila Mansur, S.Pt",individual,2024-12-18,199184293,False,
Perum Firmansyah Winarno,organization,"Asirwada Napitupulu, S.E.",individual,2024-01-12,558887719,True,proxy
PT Telekomunikasi Indonesia (Persero),corporation,Zulfa Januar,individual,2025-01-29,3866858275,True,illegal_source
PT Usamah Sitompul,organization,Erik Zulkarnain,individual,2025-09-14,1601641970,True,proxy
CV Handayani Tbk,corporation,Irnanto Anggriawan,individual,2024-12-28,1364553903,True,proxy
Karimah Winarsih,individual,Paulin Budiman,individual,2025-11-24,1432578039,False,
UD Pudjiastuti Halimah,organization,Partai Keadilan Indonesia,political-party,2024-11-24,1011261476,True,proxy
Perum Samosir Tbk,corporation,"Dr. Jarwi Jailani, S.Pd",individual,2025-12-21,1457516971,True,proxy
Drajat Firgantoro,individual,Darmana Suwarno,individual,2024-01-31,2024171134,False,
Julia Utami,individual,Partai Nasional Demokrat,political-party,2025-10-15,124223008,False,
UD Uwais Januar (Persero) Tbk,corporation,Partai Harapan Bangsa,political-party,2025-05-18,1853997875,True,proxy
CV Anggriawan Tarihoran,corporation,Partai Persatuan,political-party,2024-03-24,119877950,False,
Perum Setiawan Adriansyah,organization,Tami Tampubolon,individual,2025-12-26,1696709409,True,proxy
"R.M. Arsipatra Wastuti, S.E.I",individual,Partai Demokrat,political-party,2024-05-01,32436907,False,
Kariman Suartini,individual,Balapati Mangunsong,individual,2025-10-14,882342743,False,
"Hana Rahimah, S.T.",individual,Partai Kebangkitan Rakyat,political-party,2025-11-15,132939864,False,
Perum Purwanti Usada,corporation,Partai Nasional Demokrat,political-party,2024-12-13,565719173,False,
PD Hutagalung,corporation,Tugiman Jailani,individual,2025-04-29,14031763559,True,self_funded
PD Lazuardi,corporation,Partai Keadilan Indonesia,political-party,2025-12-06,99843372,True,smurfing
"Dr. Paiman Rajata, S.H.",individual,Shania Tampubolon,individual,2025-11-24,1791394441,False,
Perum Sihombing Maulana,corporation,Partai Solidaritas Indonesia,political-party,2025-03-29,1595673313,True,proxy
PD Siregar Laksita,corporation,Partai Indonesia Maju,political-party,2024-04-18,103267852,False,
PD Sihotang Samosir,corporation,Bakiono Palastri,individual,2024-03-18,22768745153,True,self_funded
PT Simbolon Tbk,corporation,Partai Demokrat,political-party,2024-06-30,64134852,True,smurfing
"Tgk. Mumpuni Sihotang, S.T.",individual,Tania Tampubolon,individual,2024-03-01,1714810976,False,
Perum Widodo,organization,Partai Persatuan,political-party,2025-09-30,92972108,False,
H. Jamal Maryati,individual,Ayu Hutagalung,individual,2024-10-05,1546038300,False,
"Drs. Talia Santoso, M.Farm",individual,"Chelsea Prasasta, M.Pd",individual,2025-07-25,1340638687,False,
Pemerintah Kota Surabaya,organization,"Ir. Belinda Mahendra, S.Psi",individual,2025-05-13,22440876070,True,illegal_source
"Harja Irawan, S.T.",individual,Hj. Winda Sudiati,individual,2024-06-07,1404697603,False,
PT Habibi (Persero) Tbk,corporation,Partai Keadilan Indonesia,political-party,2024-12-26,93140310,True,smurfing
CV Siregar,corporation,Partai Rakyat Sejahtera,political-party,2025-11-12,303601859,False,
Perum Budiyanto,corporation,Partai Demokrat,political-party,2024-03-22,228353815,False,
Harja Najmudin,individual,"Ir. Jessica Prabowo, S.I.Kom",individual,2025-05-24,2088612351,True,self_funded
Pia Pratama,individual,drg. Edison Siregar,individual,2025-06-03,315495997,False,
BUMN Mina Permai,corporation,Hari Uyainah,individual,2025-09-08,19039689474,True,illegal_source
"Galak Astuti, S.I.Kom",individual,Candra Rajata,individual,2024-05-20,1861395118,False,
UD Lailasari,corporation,"Lantar Lestari, S.H.",individual,2024-08-13,6910403506,False,
PD Suartini (Persero) Tbk,corporation,Partai Rakyat Sejahtera,political-party,2025-10-09,84609425,False,
Edi Oktaviani,individual,Partai Indonesia Maju,political-party,2024-08-14,162036343,False,
Malik Sinaga,individual,Samiah Budiyanto,individual,2024-02-17,25143797,False,
"Ir. Balamantri Kusmawati, S.Pd",individual,Partai Nasional Demokrat,political-party,2025-12-22,118631455,False,
"dr. Ghaliyati Pradana, S.H.",individual,Partai Rakyat Sejahtera,political-party,2025-11-20,52457104,False,
"Karen Zulaika, S.H.",individual,Partai Solidaritas Indonesia,political-party,2024-05-13,178828373,False,
Budi Wahyuni,individual,Partai Amanat Rakyat,political-party,2025-07-21,140674910,False,
PD Sitorus Tbk,corporation,Panji Nugroho,individual,2024-11-25,577852251,True,proxy
Rina Hastuti,individual,Partai Harapan Bangsa,political-party,2025-02-14,364908244,True,over_limit
UD Purnawati Firmansyah,organization,drg. Almira Tarihoran,individual,2025-09-05,1757014536,True,proxy
UD Waluyo (Persero) Tbk,corporation,Damar Permadi,individual,2025-08-07,97497752,True,smurfing
PT Uyainah Nasyiah (Persero) Tbk,corporation,Partai Kebangkitan Rakyat,political-party,2024-08-03,99770295,True,smurfing
PD Widodo,organization,Partai Rakyat Sejahtera,political-party,2024-04-04,399253119,False,
Perum Yuliarti Winarno Tbk,organization,"Latif Wibisono, M.M.",individual,2025-12-08,967764214,True,proxy
UD Agustina,corporation,Partai Harapan Bangsa,political-party,2025-06-14,19925995,True,smurfing
CV Simbolon (Persero) Tbk,organization,Partai Harapan Bangsa,political-party,2024-02-11,66463937,True,smurfing
CV Natsir Hutasoit (Persero) Tbk,organization,Ozy Maulana,individual,2025-05-06,756542301,True,proxy
Ir. Prabowo Fujiati,individual,Lalita Salahudin,individual,2025-03-20,1833797396,True,self_funded
CV Widiastuti,organization,Partai Keadilan Indonesia,political-party,2024-08-04,239226692,True,proxy
PT Kereta Api Indonesia (Persero),corporation,"Puti Hafshah Napitupulu, M.Pd",individual,2024-08-01,10164780238,True,illegal_source
Dr. Juli Maulana,individual,Daru Tamba,individual,2025-05-09,1383029717,False,
Cornelia Marpaung,individual,Cut Maimunah Sitorus,individual,2025-08-06,1750217583,True,self_funded
Perum Firmansyah,organization,Partai Persatuan,political-party,2025-06-24,385393272,False,
PT Nuraini Maryati,corporation,Rini Andriani,individual,2025-02-20,1273091829,True,self_funded
CV Rajasa (Persero) Tbk,corporation,Partai Harapan Bangsa,political-party,2024-11-11,24746740,True,smurfing
Yani Permadi,individual,Najib Suryono,individual,2024-12-24,444218605,True,self_funded
Pemkot Bogor,organization,"Drs. Martana Nainggolan, S.Psi",individual,2025-04-14,23737191353,True,illegal_source
"Hj. Rini Napitupulu, S.Pd",individual,Partai Amanat Rakyat,political-party,2025-08-02,105729354,False,
PT Waskita Firmansyah,corporation,Cengkal Nababan,individual,2024-02-12,14544143898,True,self_funded
H. Jati Wacana,individual,Dr. Jaiman Lailasari,individual,2024-12-16,1612251690,True,self_funded
Tasdik Wastuti,individual,Darijan Usada,individual,2025-10-03,596478953,False,
"Umay Sihombing, S.I.Kom",individual,"dr. Iriana Prasetya, M.M.",individual,2025-06-26,1242092366,True,self_funded
drg. Rini Nuraini,individual,KH. Chandra Rahimah,individual,2024-02-17,822269858,True,self_funded
Yunita Prastuti,individual,Adiarja Usada,individual,2025-11-29,2143970827,True,self_funded
Lala Zulkarnain,individual,Empluk Hidayat,individual,2024-08-09,1526093124,False,
Perum Suartini,organization,Partai Amanat Rakyat,political-party,2025-10-18,1954435166,True,proxy
"Drs. Teddy Pranowo, S.H.",individual,Partai Rakyat Sejahtera,political-party,2024-09-05,1482337,True,smurfing
"Fitriani Sudiati, S.T.",individual,Partai Rakyat Sejahtera,political-party,2024-04-22,17933955,False,
PD Rajasa Mandasari Tbk,corporation,Puti Anastasia Sihombing,individual,2024-01-14,22228961898,False,
UD Santoso Tbk,organization,Hardi Waskita,individual,2024-12-22,24104409,True,smurfing
Dt. Prabowo Astuti,individual,Azalea Mayasari,individual,2025-07-13,195107639,True,self_funded
Perum Hariyah Tbk,organization,Hj. Nadine Pangestu,individual,2025-02-06,10939092473,False,
Silvia Usamah,individual,Partai Harapan Bangsa,political-party,2025-10-28,179298086,False,
UD Saefullah,corporation,Partai Kebangkitan Rakyat,political-party,2025-09-17,139767996,False,
Lalita Wahyuni,individual,Bakiono Hastuti,individual,2025-12-04,2315203029,True,self_funded
CV Uyainah Wahyuni,organization,Partai Rakyat Sejahtera,political-party,2024-12-01,92877348,True,smurfing
Cakrabuana Utami,individual,Partai Amanat Rakyat,political-party,2025-04-18,24850007,False,
"dr. Calista Yuniar, M.Ak",individual,Partai Harapan Bangsa,political-party,2025-01-08,50029292,False,
dr. Kemal Januar,individual,"Drs. Mujur Yuniar, M.TI.",individual,2024-03-07,301608761,False,
CV Namaga (Persero) Tbk,corporation,Partai Rakyat Sejahtera,political-party,2025-05-12,162436189,False,
PD Lazuardi,corporation,Partai Kebangkitan Rakyat,political-party,2025-04-12,415613605,False,
Prasetyo Setiawan,individual,"R.A. Qori Hakim, S.H.",individual,2024-09-21,1645743207,False,
PD Melani Tbk,corporation,Partai Solidaritas Indonesia,political-party,2024-04-27,1005427728,True,proxy
UD Winarno (Persero) Tbk,organization,Ganda Oktaviani,individual,2024-08-24,3125949644,False,
Lintang Mardhiyah,individual,"Rusman Prasasta, S.Gz",individual,2024-06-18,915712475,False,
Perum Namaga Waskita Tbk,organization,"Wardaya Nurdiyanti, S.I.Kom",individual,2025-09-02,1974790014,True,proxy
Sidiq Najmudin,individual,Kalim Kusumo,individual,2025-10-04,1705698467,False,
CV Pratama,corporation,Violet Pradana,individual,2025-10-04,4226396779,True,self_funded
PD Marpaung Nugroho (Persero) Tbk,organization,Partai Solidaritas Indonesia,political-party,2025-08-13,590075258,True,proxy
"dr. Kambali Rajata, S.E.",individual,Kala Maheswara,individual,2025-03-07,1387411331,False,
PT Winarsih Hutasoit (Persero) Tbk,corporation,Vanya Permadi,individual,2024-10-04,16185898263,False,
Perum Hutapea (Persero) Tbk,corporation,Partai Kebangkitan Rakyat,political-party,2024-03-29,34971507,True,smurfing
Oliva Rajasa,individual,Dr. Samiah Nuraini,individual,2024-09-11,2178081023,False,
Najwa Utami,individual,Yoga Saragih,individual,2025-01-17,2468735930,True,self_funded
Lurhur Firmansyah,individual,"Safina Tamba, M.M.",individual,2024-12-24,2261085099,True,self_funded
PT Nurdiyanti Tbk,corporation,dr. Lidya Irawan,individual,2024-06-27,21025072599,False,
PD Nababan Sihombing (Persero) Tbk,organization,Elma Riyanti,individual,2024-08-02,1925667746,True,proxy
Perum Zulaika Handayani,corporation,Adika Siregar,individual,2025-09-26,11397643,True,smurfing
"Silvia Situmorang, M.Farm",individual,Partai Rakyat Sejahtera,political-party,2025-02-10,50884089,False,
Perum Widodo,corporation,Partai Keadilan Indonesia,political-party,2025-09-21,682535895,False,
CV Nurdiyanti (Persero) Tbk,corporation,Partai Keadilan Indonesia,political-party,2025-05-25,428822150,True,proxy
Mila Sihombing,individual,Partai Harapan Bangsa,political-party,2024-02-23,117665269,False,
R. Oman Gunarto,individual,Partai Harapan Bangsa,political-party,2025-07-22,97810023,False,
PT Maryadi Ardianto Tbk,organization,Partai Persatuan,political-party,2025-12-26,1726226798,True,proxy
Halim Waskita,individual,Zelaya Budiyanto,individual,2024-09-26,844870198,True,self_funded
PD Pudjiastuti (Persero) Tbk,corporation,"Ibrahim Yuliarti, S.Psi",individual,2024-11-03,1395927714,True,proxy
Yulia Wahyuni,individual,Ulya Nugroho,individual,2024-12-02,2284028757,True,self_funded
"Hj. Vivi Salahudin, S.Sos",individual,Partai Rakyat Sejahtera,political-party,2024-07-03,163821813,False,
"dr. Lalita Budiman, S.Ked",individual,"Ihsan Waluyo, S.E.I",individual,2024-05-05,1437275662,False,
PD Prasasta (Persero) Tbk,corporation,Farah Kuswoyo,individual,2024-05-10,7787901583,True,self_funded
R.M. Bagiya Winarsih,individual,Dadi Sinaga,individual,2024-10-31,2076923445,False,
PD Rahayu Maryadi Tbk,corporation,Gandi Kusmawati,individual,2024-03-04,3186425455,True,self_funded
CV Hutagalung,corporation,"Zalindra Yuniar, S.Sos",individual,2024-10-20,19392618627,False,
Ir. Oliva Saefullah,individual,"Darmaji Prayoga, S.Farm",individual,2024-04-02,1025400496,True,self_funded
PD Haryanto Halim Tbk,organization,Partai Kebangkitan Rakyat,political-party,2024-03-29,879664665,True,proxy
Gangsa Wulandari,individual,Ir. Zalindra Palastri,individual,2025-04-02,398612280,False,
"Puti Ulva Mangunsong, S.Ked",individual,Tina Sitompul,individual,2024-01-30,43979644,True,smurfing
UD Sinaga Winarno Tbk,organization,Partai Solidaritas Indonesia,political-party,2025-08-11,446617704,True,proxy
UD Gunawan (Persero) Tbk,corporation,R.M. Panji Prakasa,individual,2024-03-24,5103129096,True,self_funded
UD Puspita Salahudin,organization,Wardaya Salahudin,individual,2025-08-21,74736376,True,smurfing
Tiara Pranowo,individual,Partai Keadilan Indonesia,political-party,2025-06-20,27120560,True,smurfing
UD Setiawan Wibowo,organization,Partai Keadilan Indonesia,political-party,2024-01-18,158057381,False,
CV Prasasta Melani Tbk,corporation,Partai Nasional Demokrat,political-party,2025-08-12,370792049,False,
CV Safitri (Persero) Tbk,organization,Partai Rakyat Sejahtera,political-party,2025-01-31,848601447,True,proxy
"T. Marsudi Pangestu, S.E.",individual,Partai Rakyat Sejahtera,political-party,2025-03-06,47303972,True,smurfing
Perum Prasetya (Persero) Tbk,corporation,Halim Suryono,individual,2025-08-14,1825014074,True,self_funded
Jasmani Budiyanto,individual,"Elvina Tampubolon, M.Ak",individual,2025-04-26,1354032231,False,
CV Yuniar Usada,organization,"Baktiono Uyainah, M.TI.",individual,2025-10-06,931301567,False,
Tantri Natsir,individual,Zulfa Puspasari,individual,2024-07-10,95561013,True,smurfing
CV Habibi Januar Tbk,corporation,Dadap Wasita,individual,2025-06-25,13721558,True,smurfing
drg. Keisha Hardiansyah,individual,Partai Nasional Demokrat,political-party,2025-02-28,49952844,False,
"drg. Balangga Latupono, S.Pd",individual,Dr. Raden Kuswoyo,individual,2024-10-24,741435807,False,
Amalia Prasasta,individual,Partai Nasional Demokrat,political-party,2024-04-24,152346280,False,
Perum Usada Nababan (Persero) Tbk,corporation,Partai Rakyat Sejahtera,political-party,2024-07-05,222078838,False,
Perum Wibisono Tbk,organization,Partai Indonesia Maju,political-party,2025-03-31,50084277,True,smurfing
UD Prakasa Uyainah (Persero) Tbk,corporation,"Mahdi Pertiwi, S.Pd",individual,2024-06-06,3158355042,True,self_funded
Perum Saragih (Persero) Tbk,corporation,drg. Shania Sinaga,individual,2025-09-16,914076085,True,proxy
PT Wibowo Usada,corporation,Diah Maheswara,individual,2024-04-09,5776551943,False,
Pemkab Toba,organization,Partai Nasional Demokrat,political-party,2025-03-19,124183074,True,illegal_source
T. Catur Mansur,individual,Vanesa Kuswoyo,individual,2025-01-22,1773419171,False,
PD Nasyiah,corporation,Partai Demokrat,political-party,2024-11-28,309198635,False,
"Dr. Azalea Mansur, S.Farm",individual,Ade Saptono,individual,2025-12-14,999146212,True,self_funded
Pemkab Toba,organization,Partai Demokrat,political-party,2024-07-06,337139132,True,illegal_source
Icha Haryanto,individual,Partai Indonesia Maju,political-party,2025-01-15,7326763,False,
CV Melani Palastri,organization,Jaswadi Kuswandari,individual,2024-08-13,1670575376,True,proxy
Oskar Winarsih,individual,Partai Keadilan Indonesia,political-party,2025-02-24,9737800,False,
Perum Suryatmi (Persero) Tbk,corporation,"Latika Hassanah, S.Kom",individual,2025-11-20,47059882,True,smurfing
Endah Hariyah,individual,Partai Nasional Demokrat,political-party,2025-01-30,109153050,False,
Dian Sitorus,individual,Anastasia Suryono,individual,2024-10-25,215149036,False,
PD Firgantoro,organization,Partai Solidaritas Indonesia,political-party,2025-12-16,15058301,True,smurfing
Perum Ramadan Prasasta (Persero) Tbk,corporation,Timbul Latupono,individual,2024-03-09,472772382,True,self_funded
UD Wijaya Prasetyo,corporation,"Drs. Oskar Siregar, S.E.I",individual,2024-12-26,28041861,True,smurfing
UD Wahyudin Dongoran Tbk,organization,Faizah Budiyanto,individual,2024-06-16,625553361,True,proxy
Intan Agustina,individual,Partai Rakyat Sejahtera,political-party,2024-05-06,98735550,False,
UD Napitupulu,organization,Partai Demokrat,political-party,2025-11-20,311705814,False,
PT Anggraini,organization,"Citra Waluyo, S.E.I",individual,2025-08-10,1178040620,True,proxy
Zulfa Hidayanto,individual,Partai Solidaritas Indonesia,political-party,2024-07-09,24938443,False,
PT PLN (Persero),corporation,Partai Amanat Rakyat,political-party,2024-08-11,47042267,True,illegal_source
Perum Mangunsong Tbk,corporation,dr. Kawaca Mandasari,individual,2024-11-07,2533352893,True,self_funded
PD Tamba Wastuti,corporation,"Irma Manullang, M.TI.",individual,2025-01-24,16752918683,False,
CV Safitri Prasasta (Persero) Tbk,corporation,Kiandra Haryanto,individual,2024-09-21,85499142,True,smurfing
Murti Anggraini,individual,Partai Nasional Demokrat,political-party,2025-12-18,84173988,False,
Baktianto Pratama,individual,Partai Persatuan,political-party,2024-02-24,23282914,False,
Irsad Prastuti,individual,Galuh Hariyah,individual,2024-02-29,2248140336,False,
dr. Jasmin Oktaviani,individual,"Drs. Asmianto Permata, M.TI.",individual,2024-08-23,1355128560,False,
Genta Jailani,individual,"Unggul Budiyanto, S.Ked",individual,2025-02-18,1958388978,True,self_funded
PD Sihombing (Persero) Tbk,organization,Partai Rakyat Sejahtera,political-party,2024-04-07,19409617,True,smurfing
Jasmani Budiyanto,individual,Partai Solidaritas Indonesia,political-party,2024-08-26,124780200,False,
Dirja Damanik,individual,Gina Saefullah,individual,2024-09-21,837560077,False,
UD Rajasa Suartini,corporation,Partai Indonesia Maju,political-party,2025-08-03,983544697,True,proxy
CV Melani,corporation,Partai Kebangkitan Rakyat,political-party,2024-02-02,1150938672,True,proxy
PT Permadi Tbk,corporation,Partai Nasional Demokrat,political-party,2024-05-06,1037568123,True,proxy
Uchita Firmansyah,individual,Partai Persatuan,political-party,2025-02-27,171241784,False,
PT Adriansyah (Persero) Tbk,organization,Partai Harapan Bangsa,political-party,2024-10-26,39640193,True,smurfing
Sutan Hasta Nasyidah,individual,"Syahrini Anggriawan, S.Farm",individual,2024-02-08,311981300,False,
CV Tampubolon Rahmawati (Persero) Tbk,organization,Makuta Najmudin,individual,2025-03-22,21221888502,False,
Perum Pradipta,corporation,dr. Kalim Puspita,individual,2025-02-07,19494093052,True,self_funded
"Hari Susanti, S.Ked",individual,Danang Hidayat,individual,2024-03-19,85450055,True,smurfing
Zelaya Laksita,individual,"Drs. Winda Hastuti, S.Gz",individual,2025-07-04,801413965,False,
CV Kurniawan Pradipta,corporation,Partai Harapan Bangsa,political-party,2024-06-14,1847084131,True,proxy
CV Tamba Januar Tbk,corporation,Cakrabuana Sirait,individual,2024-04-30,20356329294,False,
"drg. Cakrawangsa Marbun, S.Sos",individual,"Koko Pranowo, S.Pd",individual,2025-01-28,58115029,False,
Gasti Astuti,individual,Hj. Zamira Melani,individual,2024-09-21,702437243,False,
"R.M. Cahyanto Zulaika, S.H.",individual,Raisa Rahmawati,individual,2025-02-26,1043873776,True,self_funded
UD Firgantoro Setiawan Tbk,organization,"Tiara Sudiati, S.Kom",individual,2024-01-06,6151162,True,smurfing
Putri Handayani,individual,"H. Cengkal Zulkarnain, M.TI.",individual,2024-03-15,1814600475,False,
BUMN Mina Permai,corporation,Drs. Anita Usamah,individual,2025-02-04,10131861067,True,illegal_source
Perum Pertiwi Hassanah Tbk,corporation,Partai Persatuan,political-party,2025-05-15,96342361,False,
UD Prakasa Tbk,corporation,"Emin Utami, S.E.",individual,2024-05-20,12587778457,False,
Jaya Wijayanti,individual,dr. Zizi Waskita,individual,2024-03-16,2087221035,True,self_funded
CV Iswahyudi (Persero) Tbk,organization,Partai Harapan Bangsa,political-party,2025-08-22,225407989,False,
CV Adriansyah,organization,Mila Riyanti,individual,2024-12-30,41601839832,True,over_limit
CV Zulkarnain,organization,Partai Keadilan Indonesia,political-party,2025-03-07,79811843,True,smurfing
Perum Hutapea Pradipta,organization,Partai Nasional Demokrat,political-party,2024-02-08,992174677,True,proxy
PD Wasita Farida,corporation,"Vanesa Nuraini, S.Farm",individual,2024-02-24,5808851292,False,
Paramita Saragih,individual,Ami Pradana,individual,2025-07-06,1031225245,False,
Pemkab Toba,organization,"Kamila Susanti, S.Farm",individual,2024-08-01,32209047875,True,illegal_source
PT Anggraini Tbk,organization,Partai Persatuan,political-party,2024-02-02,184423212,False,
CV Hastuti Anggraini (Persero) Tbk,corporation,Partai Kebangkitan Rakyat,political-party,2024-02-06,456572845,False,
CV Wibowo Pratiwi,corporation,Eja Riyanti,individual,2024-11-09,1528240459,True,proxy
Perkasa Hardiansyah,individual,Partai Persatuan,political-party,2025-10-16,45277848,False,
"Paulin Yuliarti, S.H.",individual,Budi Santoso,individual,2025-08-07,658890725,True,self_funded
UD Mandasari Adriansyah,corporation,"Ratih Budiyanto, S.Gz",individual,2024-02-19,7370627459,True,self_funded
CV Mulyani Winarsih Tbk,organization,Jarwa Lailasari,individual,2025-02-28,629795364,True,proxy
Ir. Baktiono Anggriawan,individual,Citra Lailasari,individual,2024-06-13,579566928,True,self_funded
UD Tarihoran,corporation,Tgk. Fitria Pudjiastuti,individual,2024-07-23,75014057,True,smurfing
"Hj. Wirda Halim, S.H.",individual,Partai Harapan Bangsa,political-party,2025-08-13,143570400,False,
CV Saragih Marpaung Tbk,corporation,Malika Maryati,individual,2025-08-22,9720415112,False,
PT Nurdiyanti Nasyiah Tbk,corporation,Partai Persatuan,political-party,2024-09-09,390575273,False,
UD Usamah Yuniar Tbk,corporation,Partai Indonesia Maju,political-party,2024-11-09,237693239,False,
PD Napitupulu Hartati (Persero) Tbk,organization,Lidya Siregar,individual,2025-08-20,203076077,False,
"Mahesa Kurniawan, S.I.Kom",individual,Partai Nasional Demokrat,political-party,2025-11-11,30752546,False,
Yahya Hutapea,individual,Partai Demokrat,political-party,2024-05-23,97508154,False,
Perum Suwarno (Persero) Tbk,corporation,Partai Demokrat,political-party,2024-05-12,620755585,False,
PD Uyainah,corporation,Partai Indonesia Maju,political-party,2024-07-17,71118628,True,smurfing
"Ina Wasita, S.Psi",individual,"Hj. Gabriella Simbolon, S.H.",individual,2025-01-09,2455043296,True,self_funded
Eli Simanjuntak,individual,Maman Prasetya,individual,2024-04-24,1117294406,False,
PT Rajata,organization,Partai Amanat Rakyat,political-party,2024-05-18,966318362,True,over_limit
PD Hardiansyah,corporation,"Hartana Saputra, M.Pd",individual,2024-09-30,18447441646,False,
UD Pangestu Sitorus (Persero) Tbk,corporation,Damu Pudjiastuti,individual,2025-09-26,1140808818,True,proxy
CV Halim Nasyidah (Persero) Tbk,corporation,Partai Solidaritas Indonesia,political-party,2024-11-18,700993963,False,
"Tari Nuraini, S.Kom",individual,Rachel Utami,individual,2024-04-09,2371524949,True,self_funded
Queen Padmasari,individual,"Rahman Hutagalung, S.I.Kom",individual,2024-04-21,1544907191,False,
UD Jailani Mandasari,corporation,Partai Keadilan Indonesia,political-party,2024-12-30,59863659,False,
CV Padmasari,corporation,Dariati Anggraini,individual,2025-01-20,8937897850,False,
"R. Tugiman Pertiwi, S.IP",individual,Opung Melani,individual,2024-01-02,39564281,True,smurfing
"Garang Mandala, S.IP",individual,"Dr. Kania Pudjiastuti, S.Ked",individual,2024-04-03,381799030,False,
"dr. Jarwi Lestari, S.T.",individual,Maras Palastri,individual,2024-10-28,77899175,True,smurfing
PT Susanti Saefullah Tbk,corporation,Partai Persatuan,political-party,2024-07-27,1867791167,True,proxy
Zulfa Usada,individual,Yuni Novitasari,individual,2024-09-12,215289396,True,self_funded
PT Dabukke Kusumo (Persero) Tbk,corporation,Kasiyah Maheswara,individual,2024-02-06,10771319905,True,self_funded
CV Kuswoyo Usamah (Persero) Tbk,corporation,"Sutan Pranata Tarihoran, M.Farm",individual,2025-07-02,4176113029,False,
PT Hassanah Tbk,corporation,Partai Demokrat,political-party,2025-12-16,181623425,False,
"Hj. Amelia Firgantoro, S.Farm",individual,Partai Solidaritas Indonesia,political-party,2024-07-13,100392856,False,
UD Pranowo Sudiati Tbk,corporation,Partai Keadilan Indonesia,political-party,2024-10-09,202989216,False,
"Arsipatra Tamba, S.H.",individual,Makuta Namaga,individual,2025-03-07,1559600677,True,self_funded
CV Sirait,organization,Hj. Sabrina Andriani,individual,2024-11-18,1085401282,False,
Jono Mardhiyah,individual,Upik Ardianto,individual,2025-12-05,1099011609,False,
"Sutan Liman Putra, S.Kom",individual,Partai Harapan Bangsa,political-party,2025-10-22,60673236,False,
Pemerintah Kota Surabaya,organization,Putri Lazuardi,individual,2024-07-22,5579387558,True,illegal_source
PT Telekomunikasi Indonesia (Persero),corporation,"Tgk. Ibrani Wacana, M.M.",individual,2025-11-25,4002286873,True,illegal_source
UD Nababan Damanik,organization,Partai Demokrat,political-party,2025-06-03,1040178506,True,proxy
PD Santoso (Persero) Tbk,corporation,Vino Purnawati,individual,2025-11-11,37701731803,True,over_limit
PT Saefullah Irawan,corporation,Partai Solidaritas Indonesia,political-party,2024-09-30,57704578,False,
Perum Najmudin,corporation,"Agnes Sihombing, M.Pd",individual,2025-01-10,11270222984,True,self_funded
PT Suartini (Persero) Tbk,corporation,"Kamaria Yuliarti, M.Pd",individual,2025-09-29,377831606,True,proxy
CV Puspita Wahyudin,corporation,Jati Manullang,individual,2024-09-24,1002465699,True,proxy
Gadang Hutagalung,individual,"Hafshah Dongoran, M.Pd",individual,2024-03-08,774773988,False,
"Drs. Tina Utama, S.Ked",individual,Tira Januar,individual,2025-04-11,425053579,False,
Perum Sinaga (Persero) Tbk,corporation,"Dt. Gamblang Dabukke, M.Kom.",individual,2024-01-27,1904047892,True,proxy
UD Latupono,corporation,Partai Demokrat,political-party,2024-02-24,612883568,True,proxy
PD Winarsih (Persero) Tbk,corporation,Pranawa Adriansyah,individual,2025-10-05,8728053748,False,
Perum Wahyuni Sihombing,organization,Partai Rakyat Sejahtera,political-party,2025-11-18,48097440,True,smurfing
UD Hakim,corporation,Yulia Zulkarnain,individual,2025-12-12,10491714332,True,self_funded
"Ade Suryono, S.Psi",individual,Partai Demokrat,political-party,2025-04-15,43514977,False,
Perum Situmorang Yulianti,corporation,Partai Solidaritas Indonesia,political-party,2024-08-04,64548451,False,
UD Wahyudin (Persero) Tbk,corporation,Julia Haryanto,individual,2024-08-06,20005415424,True,self_funded
"Tri Kurniawan, S.Sos",individual,Elma Zulaika,individual,2025-05-25,1000671928,False,
CV Kurniawan Prasetyo,corporation,"Kawaya Gunarto, S.Gz",individual,2024-07-30,19524424659,True,self_funded
"Cut Ella Wibowo, S.Ked",individual,Partai Keadilan Indonesia,political-party,2025-08-02,128167807,False,
PT Saragih Mustofa (Persero) Tbk,organization,Partai Amanat Rakyat,political-party,2025-04-18,11563936,False,
"R.M. Artanto Farida, S.E.",individual,Partai Indonesia Maju,political-party,2025-05-06,48019025,False,
"Ozy Sinaga, M.Ak",individual,Reza Marbun,individual,2024-02-29,1207936145,False,
"R. Luthfi Suryono, S.Ked",individual,Partai Solidaritas Indonesia,political-party,2025-01-13,121990998,False,
UD Lailasari Hariyah,corporation,H. Warji Winarsih,individual,2025-07-20,18286514373,True,self_funded
Cut Maria Tarihoran,individual,"drg. Erik Hutagalung, S.Farm",individual,2025-04-06,789483427,False,
Pandu Rajasa,individual,Prabowo Mangunsong,individual,2024-09-14,884918768,False,
UD Puspasari (Persero) Tbk,organization,"Asirwanda Maryati, S.Kom",individual,2024-10-08,553308736,True,proxy
Dimas Mandasari,individual,"Salsabila Laksmiwati, S.Pd",individual,2025-03-10,240824556,False,
Perum Habibi,corporation,Drs. Lanjar Prakasa,individual,2024-02-21,15154587146,True,self_funded
CV Pangestu,corporation,Gada Samosir,individual,2024-03-03,480428688,True,proxy
PT Megantara Adriansyah,corporation,Zulfa Puspita,individual,2025-01-12,5343309736,False,
"Cut Cinta Saefullah, M.Pd",individual,drg. Yulia Laksmiwati,individual,2025-03-06,58362210,True,self_funded
Yono Pradipta,individual,Partai Solidaritas Indonesia,political-party,2024-12-06,88045299,False,
Kementerian Keuangan,organization,Partai Persatuan,political-party,2025-04-22,532771227,True,illegal_source
Perum Mandasari Tbk,corporation,"Dt. Damu Santoso, M.Pd",individual,2024-04-11,34865435006,True,over_limit
PD Hasanah Haryanti,corporation,Partai Indonesia Maju,political-party,2025-01-29,109380124,False,
Perum Riyanti Gunarto,corporation,Gading Adriansyah,individual,2025-08-29,16953675944,False,
"Dr. Okto Marbun, S.H.",individual,Partai Amanat Rakyat,political-party,2024-02-08,3043807,False,
Elisa Samosir,individual,Partai Solidaritas Indonesia,political-party,2025-09-19,38416710,False,
Kadir Januar,individual,Nyana Winarno,individual,2024-02-28,1629633656,False,
Bagas Padmasari,individual,Eka Fujiati,individual,2024-09-08,287256797,False,
CV Wijayanti,organization,Michelle Winarsih,individual,2024-09-10,13305148703,False,
UD Astuti,organization,Edi Wastuti,individual,2025-06-10,41782656187,True,over_limit
PT Tarihoran (Persero) Tbk,corporation,Partai Indonesia Maju,political-party,2025-11-26,1146237025,True,proxy
T. Yosef Wulandari,individual,Partai Rakyat Sejahtera,political-party,2024-03-20,88784276,False,
PD Damanik (Persero) Tbk,corporation,Jane Nashiruddin,individual,2025-07-06,1874484502,True,proxy
Keisha Manullang,individual,"Dr. Uli Lestari, S.Pd",individual,2024-02-04,1168203002,False,
Perum Hardiansyah,organization,dr. Salman Padmasari,individual,2025-01-10,22331489,True,smurfing
Perum Prabowo Hidayat (Persero) Tbk,corporation,Bala Saptono,individual,2025-09-20,9047054741,False,
Perum Saputra (Persero) Tbk,corporation,Partai Kebangkitan Rakyat,political-party,2025-11-07,149033940,False,
UD Halimah Laksmiwati (Persero) Tbk,organization,"Dt. Narji Kuswoyo, S.Pt",individual,2025-05-29,12786264910,False,
Panji Purwanti,individual,Sadina Siregar,individual,2025-05-22,1736093665,False,
PT Usada Tbk,organization,Mulyono Najmudin,individual,2025-05-10,21551481899,False,
Perum Aryani Marpaung (Persero) Tbk,corporation,Partai Amanat Rakyat,political-party,2024-07-28,585039730,False,
UD Wijaya Tbk,corporation,Shania Lailasari,individual,2024-07-17,962188664,True,self_funded
CV Dongoran Tbk,corporation,Partai Solidaritas Indonesia,political-party,2025-04-16,484334833,True,proxy
Perum Dongoran Situmorang,organization,"Hj. Salwa Novitasari, M.M.",individual,2024-12-27,3202104038,False,
CV Jailani Yolanda,corporation,Partai Persatuan,political-party,2024-09-04,459686916,False,
UD Simanjuntak (Persero) Tbk,organization,Partai Indonesia Maju,political-party,2025-02-25,413676332,False,
Iriana Sihotang,individual,Lega Novitasari,individual,2024-03-01,1095805138,True,self_funded
"Tgk. Soleh Hutasoit, M.Kom.",individual,Partai Keadilan Indonesia,political-party,2024-08-29,148554815,False,
CV Kusmawati Tbk,corporation,"Dr. Sakura Putra, S.T.",individual,2025-02-18,14491359640,True,self_funded
Darsirah Anggraini,individual,Clara Mayasari,individual,2024-09-28,625197206,True,self_funded
Cut Kania Yulianti,individual,Dina Samosir,individual,2025-06-23,1647289373,False,
Danu Sitompul,individual,Partai Kebangkitan Rakyat,political-party,2025-11-05,97360426,False,
Perum Haryanti Saefullah,corporation,Adiarja Megantara,individual,2024-12-12,41209012,True,smurfing
Perum Maryadi (Persero) Tbk,corporation,Balamantri Novitasari,individual,2025-09-13,15711734178,False,
"Hj. Natalia Hasanah, S.T.",individual,Partai Indonesia Maju,political-party,2025-04-06,41701522,True,smurfing
PT Padmasari,corporation,Partai Keadilan Indonesia,political-party,2024-03-04,296862281,True,proxy
Lutfan Safitri,individual,Irsad Padmasari,individual,2024-09-28,1722138327,False,
Paramita Adriansyah,individual,Intan Najmudin,individual,2025-08-05,1393700399,False,
PD Pudjiastuti Yulianti,corporation,Partai Amanat Rakyat,political-party,2024-11-27,393838004,False,
"Wani Sihombing, M.Farm",individual,Partai Solidaritas Indonesia,political-party,2024-05-18,34282632,False,
UD Marpaung,corporation,Partai Solidaritas Indonesia,political-party,2024-04-27,404549743,True,proxy
CV Suartini,corporation,Partai Indonesia Maju,political-party,2024-09-04,92943993,True,smurfing
"dr. Paris Pertiwi, M.M.",individual,Partai Persatuan,political-party,2025-12-09,130060090,False,
"Wani Laksita, S.Pd",individual,"Murti Lazuardi, S.Pd",individual,2024-12-05,1367957293,False,
Rahmi Pradipta,individual,"Elvina Maulana, S.Sos",individual,2024-10-03,1437973028,False,
PD Januar (Persero) Tbk,organization,Partai Demokrat,political-party,2025-06-26,23225931,True,smurfing
Shania Sitorus,individual,Partai Amanat Rakyat,political-party,2025-04-30,100036986,False,
Dt. Laswi Pratiwi,individual,Partai Keadilan Indonesia,political-party,2025-05-17,175651525,False,
PT Susanti Hartati,organization,Kezia Hutagalung,individual,2025-04-21,426520354,True,proxy
"Hamima Nasyiah, S.H.",individual,drg. Wirda Wibisono,individual,2024-01-19,1567725412,True,self_funded
"Dr. Cornelia Irawan, M.Farm",individual,Harjaya Ardianto,individual,2025-06-23,677954314,True,self_funded
"Prasetya Wulandari, S.Pt",individual,Dt. Reza Saptono,individual,2025-11-21,1272463268,False,
CV Kusumo Waluyo (Persero) Tbk,organization,Partai Indonesia Maju,political-party,2024-06-21,476466217,False,
PD Purnawati (Persero) Tbk,corporation,Partai Demokrat,political-party,2025-07-22,942701264,True,proxy
PT Suryono (Persero) Tbk,corporation,Alika Marpaung,individual,2025-10-25,38304117,True,smurfing
Wardi Rahayu,individual,"dr. Bakidin Ardianto, S.Farm",individual,2025-05-11,77603896,True,smurfing
Kasiyah Suwarno,individual,"Dt. Cakrajiya Thamrin, S.Pd",individual,2024-12-20,88753082,True,smurfing
PT Lailasari,organization,Danuja Budiman,individual,2025-06-04,1601512567,True,proxy
"Restu Kusumo, S.Farm",individual,Partai Demokrat,political-party,2024-04-10,16150164,False,
CV Sitompul Tbk,corporation,Nalar Prasasta,individual,2025-06-24,9443614744,False,
CV Mayasari Usada,organization,Vanya Hartati,individual,2025-06-02,29980536,True,smurfing
Gatra Padmasari,individual,Partai Demokrat,political-party,2024-11-23,60435235,False,
Kajen Saragih,individual,Partai Harapan Bangsa,political-party,2025-02-13,27943461,False,
"Puti Jasmin Suartini, M.Ak",individual,Partai Nasional Demokrat,political-party,2025-04-07,96208134,True,smurfing
Queen Oktaviani,individual,Partai Nasional Demokrat,political-party,2025-02-21,77591867,False,
Pemerintah Desa Cibeber,organization,"Lintang Hutapea, S.Farm",individual,2025-04-12,4389520360,True,illegal_source
CV Purwanti Wacana,organization,Silvia Mardhiyah,individual,2024-09-19,19143863988,False,
Oni Melani,individual,Partai Harapan Bangsa,political-party,2024-03-01,61674583,False,
"Murti Yuniar, S.Sos",individual,Salman Puspita,individual,2025-11-23,53373619,True,smurfing
UD Hasanah Hutagalung,corporation,Dr. Keisha Damanik,individual,2025-06-22,9270407480,True,self_funded
"Jarwa Usamah, S.T.",individual,Bahuraksa Andriani,individual,2025-02-23,310663441,True,self_funded
UD Hartati Dongoran (Persero) Tbk,corporation,Partai Nasional Demokrat,political-party,2024-12-18,72561669,True,smurfing
UD Tamba,corporation,Patricia Mandasari,individual,2024-02-12,10075179432,False,
UD Agustina Rajasa Tbk,corporation,"Dr. Diah Wastuti, S.Sos",individual,2025-08-09,14430917720,True,self_funded
UD Nasyiah,organization,Diana Natsir,individual,2024-09-30,1511989986,False,
Perum Natsir,corporation,Johan Nasyiah,individual,2025-08-16,4706787031,True,self_funded
UD Andriani,corporation,Partai Persatuan,political-party,2024-04-02,1541745081,True,proxy
Ciaobella Budiyanto,individual,Partai Harapan Bangsa,political-party,2025-12-23,119504643,False,
PT Telekomunikasi Indonesia (Persero),corporation,Caraka Sinaga,individual,2025-12-27,23774304685,True,illegal_source
Rudi Simanjuntak,individual,Partai Rakyat Sejahtera,political-party,2024-12-25,53646106,False,
R.M. Aswani Kusumo,individual,Partai Rakyat Sejahtera,political-party,2024-11-03,160406602,False,
PT Nainggolan Suryono,corporation,Partai Persatuan,political-party,2024-02-01,66212702,True,smurfing
PD Saefullah,corporation,Partai Rakyat Sejahtera,political-party,2025-02-15,582125877,False,
CV Yuniar Wastuti (Persero) Tbk,organization,Partai Amanat Rakyat,political-party,2024-02-23,67301035,True,smurfing
Martani Hastuti,individual,Partai Amanat Rakyat,political-party,2024-10-22,126049477,False,
Adiarja Sihotang,individual,Titin Uwais,individual,2025-06-27,1944348341,False,
CV Mayasari Najmudin Tbk,corporation,Nasrullah Sihombing,individual,2024-03-20,4156627851,False,
Perum Hardiansyah Setiawan (Persero) Tbk,organization,Partai Kebangkitan Rakyat,political-party,2024-06-09,716941211,False,
Jelita Hasanah,individual,"Putri Prabowo, S.Psi",individual,2024-02-26,1946747796,False,
Wirda Zulaika,individual,"Dian Simbolon, S.Sos",individual,2025-01-24,45017050,True,smurfing
Estiawan Kuswoyo,individual,Partai Nasional Demokrat,political-party,2025-11-14,69233115,False,
UD Widodo,corporation,Anggabaya Melani,individual,2025-06-27,2355613223,False,
Hj. Umi Hartati,individual,T. Carub Firmansyah,individual,2025-12-24,861500051,False,
Ika Hakim,individual,Partai Kebangkitan Rakyat,political-party,2025-07-10,146768780,False,
"Puti Umi Handayani, S.H.",individual,"Ega Pradana, S.T.",individual,2024-10-25,349065307,False,
UD Winarno,corporation,Partai Nasional Demokrat,political-party,2024-05-26,1143619390,True,proxy
Hamima Prastuti,individual,Partai Persatuan,political-party,2024-05-23,142049542,False,
Perum Hastuti Maheswara (Persero) Tbk,corporation,Partai Solidaritas Indonesia,political-party,2025-04-16,1666683944,True,proxy
CV Prakasa Siregar,corporation,"Lidya Mustofa, S.Kom",individual,2024-02-13,14021185855,True,self_funded
PD Agustina Mandala Tbk,corporation,R. Gasti Nuraini,individual,2024-11-30,8438608183,True,self_funded
Bakti Tamba,individual,Elma Habibi,individual,2024-04-01,51257461,True,smurfing
Puti Zulaikha Laksita,individual,"Tgk. Anggabaya Hasanah, S.Psi",individual,2024-04-03,1557322673,False,
T. Kunthara Mulyani,individual,Laras Putra,individual,2025-02-11,1047142852,True,self_funded
PD Hariyah Suwarno Tbk,organization,Partai Rakyat Sejahtera,political-party,2024-05-01,404060852,True,proxy
PT Handayani Maryadi,corporation,Prabawa Astuti,individual,2025-11-15,17535611421,False,
UD Yolanda Tbk,corporation,Partai Persatuan,political-party,2024-11-20,815069098,True,proxy
Caket Susanti,individual,Dr. Luluh Hasanah,individual,2025-12-16,2168482984,False,
CV Januar,corporation,Baktianto Hariyah,individual,2025-08-27,23930046266,True,self_funded
UD Pranowo Narpati (Persero) Tbk,corporation,Winda Irawan,individual,2024-04-10,70075553,True,smurfing
PD Santoso Sitompul,organization,Partai Rakyat Sejahtera,political-party,2024-08-22,61099340,True,smurfing
Perum Budiyanto Usada,corporation,Perkasa Sudiati,individual,2024-08-14,15797373722,True,self_funded
PD Najmudin,corporation,Tgk. Syahrini Iswahyudi,individual,2025-03-15,15039247563,True,self_funded
Tirtayasa Utama,individual,"Asmianto Utama, M.Pd",individual,2024-07-02,320742808,True,self_funded
Kiandra Situmorang,individual,"Maimunah Palastri, S.H.",individual,2025-10-10,1890685854,False,
UD Prastuti,corporation,Partai Solidaritas Indonesia,political-party,2024-02-04,90327711,False,
CV Budiman Sinaga (Persero) Tbk,corporation,"T. Catur Palastri, M.Ak",individual,2024-01-01,13413630132,False,
"Melinda Anggriawan, S.T.",individual,Partai Rakyat Sejahtera,political-party,2024-06-02,163932097,False,
Daliono Budiman,individual,Partai Harapan Bangsa,political-party,2024-09-28,73359743,False,
CV Laksmiwati,corporation,Rahayu Nainggolan,individual,2025-09-12,19944313479,False,
UD Yuliarti (Persero) Tbk,organization,Partai Rakyat Sejahtera,political-party,2025-07-11,674134272,False,
Latif Kurniawan,individual,Partai Solidaritas Indonesia,political-party,2025-05-15,136528449,False,
"Raden Hardiansyah, S.IP",individual,Drs. Jane Lestari,individual,2024-09-12,2220233485,False,
"Usman Prakasa, S.Gz",individual,Nadia Puspita,individual,2024-05-13,1052494380,False,
Perum Zulaika,corporation,Partai Indonesia Maju,political-party,2024-10-20,446963731,True,proxy
Perum Fujiati Hidayanto,corporation,Partai Nasional Demokrat,political-party,2024-12-28,1338267,False,
UD Widiastuti Firmansyah,corporation,Sari Januar,individual,2024-09-12,760250541,True,proxy
PD Natsir (Persero) Tbk,corporation,"Dirja Manullang, S.Farm",individual,2025-10-21,6494560635,False,
"dr. Elma Tarihoran, M.M.",individual,Jabal Pudjiastuti,individual,2024-12-27,145856887,False,
Siti Maulana,individual,"R. Suci Sirait, S.Farm",individual,2025-05-05,33067055,True,smurfing
"Prasetyo Hasanah, M.Kom.",individual,Partai Persatuan,political-party,2025-05-08,81354842,False,
"Cakrawala Pradana, S.IP",individual,Partai Amanat Rakyat,political-party,2024-04-12,26346464,True,smurfing
UD Puspasari,organization,H. Kawaya Hutapea,individual,2025-09-11,1618810489,True,proxy
"Darijan Yuliarti, M.TI.",individual,"Ir. Cinta Fujiati, S.Pt",individual,2025-05-29,195337451,False,
PD Manullang Habibi,corporation,Yuliana Santoso,individual,2025-04-28,15933842239,False,
Tari Prayoga,individual,Hamzah Pangestu,individual,2025-08-16,2190523652,False,
PD Hasanah Siregar (Persero) Tbk,organization,Ira Simbolon,individual,2025-08-26,28081960078,True,over_limit
Lalita Kurniawan,individual,Opung Wacana,individual,2025-08-17,1487026580,True,self_funded
Bakianto Melani,individual,Partai Harapan Bangsa,political-party,2024-11-30,18092804,False,
CV Mansur Laksmiwati (Persero) Tbk,organization,Lala Yulianti,individual,2025-03-19,574457,True,smurfing
"dr. Lanjar Iswahyudi, S.T.",individual,Candrakanta Ardianto,individual,2025-05-05,7056200,False,
"Kala Riyanti, S.Psi",individual,Partai Rakyat Sejahtera,political-party,2024-06-09,169431596,False,
"Caraka Mulyani, S.T.",individual,Partai Indonesia Maju,political-party,2024-09-18,124505292,False,
CV Lazuardi Hasanah,corporation,Eluh Yuliarti,individual,2025-10-27,21194471799,True,self_funded
CV Permata,organization,Partai Amanat Rakyat,political-party,2025-05-23,639517609,False,
CV Halimah Safitri Tbk,organization,Partai Solidaritas Indonesia,political-party,2025-01-26,298334435,False,
CV Laksmiwati (Persero) Tbk,corporation,Hj. Lala Gunarto,individual,2025-06-23,13908410028,False,
Cakrawangsa Widiastuti,individual,Bakiadi Winarsih,individual,2024-09-24,63811852,True,smurfing
CV Saputra (Persero) Tbk,corporation,"Drajat Pranowo, M.Pd",individual,2024-03-31,66349035,True,smurfing
CV Uyainah Tbk,corporation,Partai Nasional Demokrat,political-party,2024-06-02,227385660,False,
Vino Kusmawati,individual,Partai Keadilan Indonesia,political-party,2025-08-12,19552383,False,
Hj. Zulaikha Wastuti,individual,Kunthara Sihombing,individual,2025-01-15,222404111,False,
UD Purnawati,organization,Hj. Patricia Aryani,individual,2024-07-10,18165397038,False,
PT Utama,corporation,Partai Rakyat Sejahtera,political-party,2025-09-27,671051337,False,
UD Salahudin Wastuti (Persero) Tbk,corporation,Partai Kebangkitan Rakyat,political-party,2025-10-26,567237096,False,
Jessica Palastri,individual,Partai Nasional Demokrat,political-party,2024-07-17,134330870,False,
Perum Habibi,organization,Partai Harapan Bangsa,political-party,2025-03-20,1639663613,True,proxy
"T. Aditya Saputra, S.IP",individual,Suci Hasanah,individual,2024-09-11,1054447585,False,
Cawisono Hakim,individual,Partai Amanat Rakyat,political-party,2024-12-21,61438497,False,
KH. Radit Hutasoit,individual,"Okto Hasanah, S.H.",individual,2024-08-05,1819657335,False,
PT Firmansyah,corporation,Kani Prabowo,individual,2025-04-04,2498602709,False,
Gilda Hariyah,individual,Eja Utama,individual,2024-02-02,619963554,False,
UD Wacana (Persero) Tbk,corporation,Dr. Purwa Narpati,individual,2024-12-01,1866113236,False,
PT Wahyuni Melani,corporation,Galuh Rajasa,individual,2024-07-22,16394344783,False,
KH. Daryani Napitupulu,individual,Partai Solidaritas Indonesia,political-party,2024-09-28,90217004,False,
PT Nasyidah,corporation,Rahmi Marbun,individual,2024-01-19,1520890316,False,
"Drs. Mahesa Pradipta, S.Psi",individual,Partai Kebangkitan Rakyat,political-party,2024-11-10,135878470,False,
CV Rajata Siregar (Persero) Tbk,corporation,Ganda Pradipta,individual,2025-01-14,21976734235,True,self_funded
PD Puspita (Persero) Tbk,organization,Okta Kuswoyo,individual,2025-05-02,44360706,True,proxy
UD Prastuti,corporation,Partai Persatuan,political-party,2025-04-02,363812466,False,
Yuliana Purwanti,individual,Partai Kebangkitan Rakyat,political-party,2024-07-01,60120334,False,
"drg. Widya Budiyanto, S.Pt",individual,Ir. Chelsea Susanti,individual,2025-03-08,414017364,False,
PT Zulkarnain,corporation,Reksa Melani,individual,2024-08-23,8150948605,True,self_funded
CV Waskita Maryati (Persero) Tbk,organization,Partai Rakyat Sejahtera,political-party,2025-10-30,1053513123,True,proxy
PD Gunawan Prabowo,organization,Mariadi Wahyudin,individual,2025-04-22,1412589414,True,proxy
"Kasiyah Winarno, M.Kom.",individual,Partai Rakyat Sejahtera,political-party,2024-08-27,27601514,True,smurfing
"Laksana Susanti, M.TI.",individual,Partai Nasional Demokrat,political-party,2024-12-15,151312498,False,
Johan Hasanah,individual,Almira Safitri,individual,2025-05-10,94159225,True,smurfing
UD Zulaika Widodo,organization,Partai Harapan Bangsa,political-party,2024-08-09,1825212254,True,proxy
CV Kuswandari Hidayat,corporation,"R.A. Jessica Pranowo, M.Pd",individual,2025-12-16,11223827772,True,self_funded
CV Prayoga Haryanti Tbk,organization,Partai Harapan Bangsa,political-party,2024-04-30,82879117,True,smurfing
Perum Palastri Wibowo Tbk,corporation,Partai Solidaritas Indonesia,political-party,2024-12-10,100721436,False,
Limar Yuliarti,individual,"Icha Sihombing, S.Kom",individual,2025-12-30,36029347,False,
Perum Kurniawan,corporation,Kania Tamba,individual,2025-10-10,19501719994,False,
Perum Hakim Ardianto (Persero) Tbk,corporation,Gabriella Mandala,individual,2025-08-16,42578003964,True,over_limit
"Ganjaran Prasetyo, S.Sos",individual,Imam Maryadi,individual,2024-05-14,1209936822,False,
Luthfi Napitupulu,individual,Partai Demokrat,political-party,2024-08-25,66010432,False,
PD Dongoran Tbk,corporation,dr. Mahfud Handayani,individual,2025-04-29,8579896524,True,self_funded
Jasmani Januar,individual,Partai Nasional Demokrat,political-party,2024-01-19,156898923,False,
Ega Nasyiah,individual,"drg. Gara Narpati, S.I.Kom",individual,2024-11-11,200660080,False,
Pemerintah Desa Cibeber,organization,Partai Persatuan,political-party,2025-06-19,390355144,True,illegal_source
CV Hidayat Kusmawati Tbk,corporation,Partai Demokrat,political-party,2024-05-19,39985826,True,smurfing
BUMN Mina Permai,corporation,Edi Napitupulu,individual,2024-05-14,15241892437,True,illegal_source
Cut Wirda Wulandari,individual,Julia Sinaga,individual,2025-10-31,1497382577,True,self_funded
Genta Utama,individual,Partai Keadilan Indonesia,political-party,2025-06-02,109340112,False,
PT Wahyuni Tbk,corporation,"Cengkal Mahendra, S.Gz",individual,2024-03-14,15722233055,False,
CV Kurniawan Tbk,corporation,Yusuf Siregar,individual,2025-10-08,47631861,True,smurfing
Kanda Situmorang,individual,Partai Persatuan,political-party,2025-12-21,52571124,False,
CV Melani Tbk,corporation,Partai Kebangkitan Rakyat,political-party,2024-06-11,90462708,True,smurfing
Samiah Narpati,individual,H. Lanjar Gunarto,individual,2025-03-08,566570541,False,
CV Riyanti Latupono,corporation,"Margana Marbun, M.Kom.",individual,2025-12-27,1878716415,True,self_funded
PD Riyanti Tbk,corporation,Silvia Suartini,individual,2024-07-09,3342037365,False,
PD Yolanda (Persero) Tbk,corporation,Partai Nasional Demokrat,political-party,2025-06-14,127374309,True,proxy
PT Jailani (Persero) Tbk,corporation,Partai Amanat Rakyat,political-party,2024-01-26,640760433,False,
PD Wacana Ramadan Tbk,corporation,Aurora Purwanti,individual,2024-10-01,22456747529,False,
Victoria Wijayanti,individual,Partai Kebangkitan Rakyat,political-party,2025-05-22,154430747,False,
"Jamalia Laksita, S.H.",individual,Mulya Mulyani,individual,2024-02-08,1540296383,False,
Kementerian Pendidikan Nasional,organization,Partai Solidaritas Indonesia,political-party,2025-02-02,63593067,True,illegal_source
UD Utami (Persero) Tbk,corporation,Cut Zelda Halimah,individual,2025-04-16,63168580,True,proxy
Perum Jailani,organization,Partai Nasional Demokrat,political-party,2024-05-09,54257446,True,smurfing
UD Rahmawati Tbk,corporation,Puti Juli Halimah,individual,2024-06-08,11531709498,False,
Kayla Mandala,individual,Novi Riyanti,individual,2025-04-12,706772303,False,
CV Lailasari (Persero) Tbk,corporation,Partai Nasional Demokrat,political-party,2025-05-16,477130685,False,
Kartika Sitorus,individual,Puti Hasna Laksita,individual,2025-08-16,2453962517,True,self_funded
Paramita Hariyah,individual,Drs. Niyaga Novitasari,individual,2025-04-06,914953756,False,
Eva Situmorang,individual,Ir. Sidiq Pratiwi,individual,2024-04-29,2448847016,True,self_funded
UD Puspita Purwanti (Persero) Tbk,corporation,Partai Kebangkitan Rakyat,political-party,2025-09-11,1454655448,True,proxy
PT Mahendra,organization,"KH. Balamantri Prasasta, S.Pt",individual,2024-05-17,1176852824,True,proxy
CV Santoso Suwarno,corporation,"Nilam Wibowo, S.E.I",individual,2024-12-01,77369964,True,smurfing
Michelle Halimah,individual,Partai Indonesia Maju,political-party,2025-06-25,51780158,False,
Perum Halimah Winarno (Persero) Tbk,organization,"dr. Yusuf Rajata, M.Pd",individual,2024-04-03,1635525912,True,proxy
PD Anggriawan Salahudin Tbk,organization,Cakrabirawa Sihombing,individual,2024-01-20,38231688,True,proxy
CV Wasita (Persero) Tbk,organization,Partai Amanat Rakyat,political-party,2025-03-09,52988552,True,smurfing
Perum Wahyudin Adriansyah,corporation,Partai Kebangkitan Rakyat,political-party,2025-01-10,544252779,False,
Amelia Narpati,individual,dr. Olivia Wacana,individual,2024-12-17,2480315323,True,self_funded
Perum Sitompul Purnawati,corporation,Partai Persatuan,political-party,2025-11-13,34791878,True,smurfing
PT Saragih Putra,corporation,Puti Jane Iswahyudi,individual,2025-12-29,6963774872,True,self_funded
UD Saefullah,corporation,Partai Rakyat Sejahtera,political-party,2024-07-25,593129613,False,
PD Hardiansyah Hutasoit Tbk,corporation,"Lanjar Hariyah, S.E.I",individual,2025-06-25,1190553260,False,
CV Hasanah Prastuti Tbk,corporation,"Tina Safitri, S.Gz",individual,2024-10-28,13921771438,True,self_funded
Perum Widodo (Persero) Tbk,corporation,Zamira Habibi,individual,2024-04-13,21841509994,False,
PT Pradipta Tbk,corporation,"Intan Hasanah, S.Pt",individual,2025-06-17,29243375461,True,over_limit
Kementerian Keuangan,organization,Partai Amanat Rakyat,political-party,2024-03-21,116363465,True,illegal_source
UD Puspasari (Persero) Tbk,corporation,"Rika Puspasari, M.M.",individual,2025-06-04,11133913392,False,
Julia Mahendra,individual,Partai Persatuan,political-party,2024-05-24,61217290,False,
PT PLN (Persero),corporation,Partai Demokrat,political-party,2025-12-04,529984361,True,illegal_source
Prabawa Najmudin,individual,Partai Rakyat Sejahtera,political-party,2025-02-24,59193349,False,
PT Marbun Utama,corporation,Partai Amanat Rakyat,political-party,2025-01-20,486677249,False,
"Jaga Novitasari, S.Farm",individual,Partai Demokrat,political-party,2025-12-14,67798600,False,
"Surya Napitupulu, S.T.",individual,Partai Rakyat Sejahtera,political-party,2025-11-26,65448478,False,
UD Situmorang,corporation,Tari Purnawati,individual,2024-12-26,3599642965,True,self_funded
Kasiyah Wijaya,individual,Tgk. Eli Sudiati,individual,2025-02-08,1595583696,False,
R.A. Anastasia Firmansyah,individual,Dian Nugroho,individual,2024-02-28,1869814320,False,
UD Simbolon Tamba Tbk,corporation,Cinthia Natsir,individual,2024-07-16,776976965,True,self_funded
"Tgk. Garda Rajasa, S.Pt",individual,Partai Amanat Rakyat,political-party,2024-05-12,86282197,False,
PT Nuraini,organization,Partai Amanat Rakyat,political-party,2024-06-16,1408864424,True,over_limit
PT Tamba,corporation,Partai Indonesia Maju,political-party,2025-06-11,653760615,False,
Perum Wibisono Utami (Persero) Tbk,corporation,"Najam Sitorus, M.Pd",individual,2025-02-07,18896443381,False,
PT Halimah (Persero) Tbk,organization,"Belinda Simbolon, S.Farm",individual,2025-10-02,612352323,True,proxy
Bakiadi Hutagalung,individual,Partai Demokrat,political-party,2024-03-22,47049524,False,
Ir. Ani Hutasoit,individual,Cahya Waskita,individual,2024-06-29,1203211469,False,
"Gara Natsir, M.Farm",individual,Warsa Pranowo,individual,2025-02-15,1115085022,False,
Drs. Kezia Nababan,individual,Chelsea Simbolon,individual,2024-04-19,2105066581,False,
Caturangga Safitri,individual,"Heryanto Haryanti, S.Gz",individual,2024-09-13,832180367,False,
UD Zulkarnain (Persero) Tbk,organization,Tgk. Bahuraksa Mandasari,individual,2024-08-27,1241103382,True,proxy
PD Prastuti Tbk,organization,Partai Solidaritas Indonesia,political-party,2024-12-12,552451844,True,proxy
CV Permadi (Persero) Tbk,organization,Febi Nasyiah,individual,2025-10-14,544274013,True,proxy
Perum Kuswandari Padmasari Tbk,organization,Dr. Virman Andriani,individual,2025-02-26,1724088,True,smurfing
PT Hutapea (Persero) Tbk,organization,dr. Daru Mayasari,individual,2024-03-02,19765702547,False,
PT Widiastuti Tbk,organization,Dr. Kasiran Wijaya,individual,2024-06-23,349562169,True,proxy
CV Budiman Sihombing,organization,Partai Nasional Demokrat,political-party,2024-07-08,678993924,True,proxy
"Ir. Suci Zulaika, M.Kom.",individual,Partai Persatuan,political-party,2024-12-10,51106214,False,
PT Mulyani Damanik Tbk,organization,"Hj. Gasti Hidayanto, S.H.",individual,2025-04-03,15360550854,False,
Asman Purwanti,individual,Partai Demokrat,political-party,2024-05-20,68992460,False,
Perum Zulkarnain Nainggolan,corporation,Tgk. Elvina Yuliarti,individual,2024-01-10,10490509488,True,self_funded
Perum Mayasari (Persero) Tbk,corporation,Jane Prasetyo,individual,2025-04-12,20085848709,True,self_funded
UD Wahyudin (Persero) Tbk,corporation,Padmi Kusmawati,individual,2024-02-19,134176514,True,proxy
Raina Thamrin,individual,Puti Jamalia Maheswara,individual,2024-10-31,618435927,False,
Yance Habibi,individual,Malika Rahimah,individual,2025-07-20,1187820459,False,
Prakosa Jailani,individual,Partai Harapan Bangsa,political-party,2025-05-07,9513355,False,
Jumadi Sihotang,individual,Partai Harapan Bangsa,political-party,2025-02-12,78385988,False,
PD Anggriawan Iswahyudi Tbk,corporation,Nasrullah Saputra,individual,2024-07-01,7682619772,False,
PD Hartati Tbk,corporation,Partai Persatuan,political-party,2024-12-01,69591269,True,smurfing
CV Prasetyo,corporation,Partai Indonesia Maju,political-party,2024-04-18,197912301,False,
Perum Hartati,corporation,Ir. Jono Astuti,individual,2024-09-12,15065391813,True,self_funded
Kartika Latupono,individual,Partai Kebangkitan Rakyat,political-party,2024-05-26,156813593,False,
PT Wahyudin Pertiwi,corporation,Gasti Fujiati,individual,2024-08-01,1771149166,True,proxy
UD Najmudin Tbk,corporation,Bakiman Situmorang,individual,2024-01-18,10781055285,False,
"Hj. Sabrina Prabowo, S.H.",individual,Cawisadi Maryadi,individual,2025-05-12,564654050,True,self_funded
Dian Zulaika,individual,Partai Kebangkitan Rakyat,political-party,2025-09-26,118708419,False,
UD Prakasa,corporation,Partai Solidaritas Indonesia,political-party,2025-07-27,85793631,True,smurfing
Cut Ira Widiastuti,individual,"Sakura Natsir, S.IP",individual,2024-01-10,72202174,True,smurfing
Prabowo Firmansyah,individual,Partai Rakyat Sejahtera,political-party,2025-03-25,99584402,False,
"Yunita Waskita, S.E.I",individual,Partai Amanat Rakyat,political-party,2025-01-20,119304431,False,
PD Riyanti (Persero) Tbk,corporation,Sari Firgantoro,individual,2025-05-28,12919225034,False,
CV Zulkarnain Dongoran,organization,Okto Sitorus,individual,2025-08-30,30982928568,True,over_limit
"Pia Budiyanto, S.T.",individual,"Tari Pudjiastuti, M.Pd",individual,2025-09-12,1116302004,False,
Ganda Yuniar,individual,Partai Amanat Rakyat,political-party,2024-10-03,136409822,False,
Yani Zulaika,individual,Partai Keadilan Indonesia,political-party,2024-12-30,111834464,False,
"Tgk. Gantar Fujiati, S.Farm",individual,"Puti Vera Pradana, M.Ak",individual,2025-12-22,38761589,True,smurfing
PD Najmudin Tbk,organization,"Tgk. Jaeman Laksita, S.Ked",individual,2024-02-20,25787919,True,smurfing
Perum Utami,corporation,Novi Laksmiwati,individual,2025-09-12,18330766433,False,
UD Wulandari Tbk,organization,Partai Persatuan,political-party,2024-11-15,855795480,True,proxy
CV Nuraini Tbk,corporation,"Dr. Tirta Usada, S.Pt",individual,2024-03-19,20521977291,False,
PT Najmudin (Persero) Tbk,organization,Partai Amanat Rakyat,political-party,2024-04-13,251906589,False,
UD Hasanah,corporation,"Ir. Muni Manullang, S.E.I",individual,2024-01-15,5383500722,True,self_funded
PT Prakasa,corporation,"Maimunah Rahayu, M.Farm",individual,2024-09-10,46724675,True,smurfing
Olivia Yuliarti,individual,Irsad Rajata,individual,2024-09-06,763753349,False,
UD Pratiwi Lazuardi (Persero) Tbk,corporation,Partai Amanat Rakyat,political-party,2025-10-30,219807496,False,
CV Dongoran Nashiruddin,organization,Partai Amanat Rakyat,political-party,2024-04-08,567593896,False,
Ikin Yulianti,individual,Partai Solidaritas Indonesia,political-party,2024-09-19,20082823,False,
PT Mustofa,organization,Partai Keadilan Indonesia,political-party,2024-05-18,93531475,True,smurfing
PT Thamrin Maryati,corporation,dr. Kasusra Maheswara,individual,2024-02-15,11296588201,False,
Perum Palastri (Persero) Tbk,corporation,Partai Harapan Bangsa,political-party,2025-04-02,667128202,False,
CV Sudiati Kuswoyo (Persero) Tbk,corporation,Raisa Rahimah,individual,2024-01-31,45905211,True,smurfing
CV Pangestu Sudiati Tbk,corporation,Partai Solidaritas Indonesia,political-party,2024-09-16,1107659945,True,proxy
Sakura Mangunsong,individual,Partai Keadilan Indonesia,political-party,2025-07-09,55168839,True,smurfing
Perum Kuswoyo Tbk,corporation,Gaiman Waskita,individual,2024-02-24,17880172,True,smurfing
PT Santoso,organization,Partai Rakyat Sejahtera,political-party,2025-09-14,1979967632,True,proxy
PT Pertamina (Persero),corporation,Lidya Laksmiwati,individual,2024-12-26,7889521059,True,illegal_source
CV Kurniawan,corporation,Partai Keadilan Indonesia,political-party,2024-12-14,1485912793,True,proxy
Violet Wasita,individual,Zamira Permata,individual,2025-09-06,1679660189,False,
Martaka Pradana,individual,Prayoga Yuniar,individual,2025-02-11,173744376,False,
Opan Saptono,individual,Partai Indonesia Maju,political-party,2024-09-19,20947470,False,
PT Widiastuti Palastri Tbk,organization,Partai Persatuan,political-party,2024-08-26,1383890703,True,proxy
Perum Najmudin Tbk,corporation,Partai Solidaritas Indonesia,political-party,2025-02-16,6063801,False,
"Kayla Pratiwi, S.T.",individual,Julia Hasanah,individual,2024-11-07,2165996307,True,self_funded
"Tgk. Puspa Setiawan, S.I.Kom",individual,Partai Rakyat Sejahtera,political-party,2024-08-03,158694776,False,
Olga Kurniawan,individual,Partai Persatuan,political-party,2025-01-17,121281130,False,
Perum Salahudin Prasetya,organization,Galang Pratiwi,individual,2025-07-01,10390811710,False,
KH. Ihsan Budiyanto,individual,Partai Nasional Demokrat,political-party,2024-01-29,81383668,True,smurfing
PD Purwanti Yuniar (Persero) Tbk,organization,Partai Nasional Demokrat,political-party,2025-04-27,233611168,True,proxy
CV Hardiansyah,organization,Partai Amanat Rakyat,political-party,2025-02-19,66174709,True,smurfing
R. Fitria Anggraini,individual,Maya Handayani,individual,2025-02-03,706905677,True,self_funded
CV Puspita Hastuti,corporation,Partai Indonesia Maju,political-party,2025-05-07,460478930,False,
PT Haryanti Sudiati (Persero) Tbk,corporation,Syahrini Hariyah,individual,2024-01-19,15344804194,False,
PT Jailani Tbk,corporation,"Tgk. Aditya Sitorus, S.Farm",individual,2025-06-11,2674521185,False,
PT Irawan Lailasari (Persero) Tbk,corporation,Taufik Mansur,individual,2025-08-30,20955635606,True,self_funded
PT Astuti Prabowo,organization,Partai Amanat Rakyat,political-party,2025-04-21,1405662197,True,proxy
"Dt. Rafi Prasetya, S.E.",individual,Partai Demokrat,political-party,2024-12-30,175941449,False,
UD Saptono,organization,Irnanto Hidayat,individual,2025-01-16,31571970,True,smurfing
Perum Mulyani Tbk,corporation,Partai Nasional Demokrat,political-party,2024-09-18,555097734,False,
PT Zulkarnain,corporation,"Jessica Prastuti, S.I.Kom",individual,2025-12-20,9559830222,False,
Samiah Mangunsong,individual,Partai Keadilan Indonesia,political-party,2024-01-10,167125557,False,
"Drs. Anggabaya Pratiwi, M.Kom.",individual,"Aditya Pradana, S.Pd",individual,2024-04-11,420667429,False,
Narji Nasyiah,individual,"Drs. Cawisono Ramadan, S.IP",individual,2025-04-10,73350295,True,smurfing
Putu Samosir,individual,Partai Demokrat,political-party,2025-04-14,60936535,False,
UD Rajasa,corporation,Tgk. Harimurti Maryadi,individual,2024-09-03,938264449,False,
Cut Winda Firmansyah,individual,Partai Rakyat Sejahtera,political-party,2025-05-14,48639078,False,
Anggabaya Suryatmi,individual,Partai Demokrat,political-party,2025-07-04,20606847,False,
Dr. Kiandra Nuraini,individual,Partai Nasional Demokrat,political-party,2025-09-07,40800706,False,
Perum Widodo,corporation,Partai Indonesia Maju,political-party,2025-09-06,726871412,True,proxy
PD Sudiati Marbun Tbk,corporation,Empluk Permadi,individual,2025-02-01,16041477519,False,
Perum Kusumo Haryanto,corporation,Karen Permata,individual,2025-04-12,10964232809,True,self_funded
Sari Hakim,individual,"Shakila Puspasari, M.M.",individual,2024-01-09,122375355,False,
CV Nuraini Tbk,organization,Edward Hassanah,individual,2024-10-23,18286617,True,smurfing
"Latika Uyainah, S.E.",individual,Drs. Salimah Lailasari,individual,2024-01-30,1535251888,False,
Perum Agustina (Persero) Tbk,corporation,Sabrina Hakim,individual,2024-10-04,18823196003,True,self_funded
PD Suryatmi (Persero) Tbk,organization,Partai Solidaritas Indonesia,political-party,2024-11-01,805363940,True,proxy
"T. Karya Wibisono, S.T.",individual,Partai Persatuan,political-party,2025-09-08,158519911,False,
Ridwan Simanjuntak,individual,Praba Pranowo,individual,2025-04-25,1515814551,False,
UD Sudiati Yuniar (Persero) Tbk,organization,"Digdaya Hartati, S.Pt",individual,2024-11-22,12390042099,False,
PD Padmasari Tbk,corporation,Partai Indonesia Maju,political-party,2024-01-31,586929254,False,
Gina Utami,individual,Dwi Kurniawan,individual,2025-07-17,1851742741,False,
UD Suwarno Sitorus (Persero) Tbk,corporation,Luis Simbolon,individual,2025-12-20,11675551808,False,
"Dr. Yono Pradana, S.E.I",individual,Partai Harapan Bangsa,political-party,2024-03-28,70168253,False,
PD Utama,corporation,Partai Nasional Demokrat,political-party,2025-01-25,13447208,True,smurfing
Diah Kusmawati,individual,Ella Mardhiyah,individual,2024-01-07,1382069336,False,
"R.A. Septi Salahudin, S.H.",individual,Raisa Wahyudin,individual,2024-06-23,2183179678,True,self_funded
PD Kuswandari Tbk,organization,Fitria Habibi,individual,2024-07-15,28629913665,True,over_limit
Kadir Anggriawan,individual,Ratna Palastri,individual,2024-01-20,1654775478,False,
CV Januar Mahendra (Persero) Tbk,organization,"KH. Ghani Uyainah, S.Pt",individual,2025-03-20,2979760961,False,
CV Yolanda Najmudin Tbk,corporation,Partai Rakyat Sejahtera,political-party,2024-03-26,66506670,False,
Faizah Aryani,individual,Partai Keadilan Indonesia,political-party,2025-01-13,44502261,False,
Drs. Tiara Sihombing,individual,Ifa Natsir,individual,2025-10-04,740164395,True,self_funded
Pemkab Toba,organization,Kamaria Hassanah,individual,2024-02-02,13469042904,True,illegal_source
Ika Purnawati,individual,Partai Kebangkitan Rakyat,political-party,2024-05-28,89117514,False,
"Jais Andriani, S.E.",individual,Partai Harapan Bangsa,political-party,2025-03-13,164636963,False,
"Kariman Tarihoran, M.Kom.",individual,Farah Prasetya,individual,2025-04-14,122758581,False,
PD Lestari Pudjiastuti,organization,Zizi Simbolon,individual,2025-11-20,16380389994,False,
UD Rajata Gunarto (Persero) Tbk,corporation,"Drs. Diana Sinaga, S.H.",individual,2025-08-15,9008860992,True,self_funded
"Virman Prasetyo, S.Psi",individual,Partai Kebangkitan Rakyat,political-party,2025-01-07,59692417,False,
PT Pradipta (Persero) Tbk,organization,Indah Hasanah,individual,2025-05-08,39565132057,True,over_limit
PD Pudjiastuti Laksita (Persero) Tbk,corporation,Rahman Pangestu,individual,2024-01-06,10482868965,True,self_funded
Najam Mardhiyah,individual,Partai Keadilan Indonesia,political-party,2024-03-28,46131907,True,smurfing
PT Saefullah,organization,Partai Amanat Rakyat,political-party,2025-12-23,1954937712,True,proxy
PD Wijayanti Tbk,corporation,"Reza Widiastuti, S.I.Kom",individual,2025-10-03,15622120524,False,
Sarah Pratiwi,individual,"Hj. Uli Maryati, S.Pt",individual,2025-01-25,1726554512,False,
PD Nuraini Tbk,corporation,Partai Amanat Rakyat,political-party,2025-06-10,1281080168,True,proxy
Febi Prasasta,individual,Partai Persatuan,political-party,2024-07-28,108174835,False,
Diana Puspita,individual,Aisyah Haryanti,individual,2025-09-17,1972021856,False,
PT Aryani Manullang Tbk,corporation,Partai Amanat Rakyat,political-party,2025-11-05,606626534,False,
PT Winarno Suryono Tbk,corporation,Partai Rakyat Sejahtera,political-party,2025-04-11,26506168,True,smurfing
Harto Yolanda,individual,Partai Indonesia Maju,political-party,2024-10-01,21698041,False,
CV Santoso Dongoran Tbk,corporation,"R.A. Gilda Hassanah, S.Ked",individual,2025-05-20,175097104,True,proxy
Perum Nurdiyanti,corporation,Rahmi Mangunsong,individual,2024-12-06,11722191305,False,
PD Wibowo,organization,Partai Amanat Rakyat,political-party,2025-10-05,516978160,False,
"drg. Sakura Sihombing, S.Pd",individual,Hafshah Sinaga,individual,2024-04-22,1488382766,False,
"Yulia Widiastuti, S.E.",individual,Oskar Thamrin,individual,2024-11-10,358243210,True,self_funded
PD Maryadi (Persero) Tbk,organization,"Ir. Daliman Usada, S.Psi",individual,2024-08-15,338000475,True,proxy
Pemerintah Desa Sukamulya,organization,Partai Kebangkitan Rakyat,political-party,2024-04-28,98818696,True,illegal_source
R.A. Yulia Hutagalung,individual,Endah Tamba,individual,2024-02-06,1986088463,False,
"Sutan Cahyo Sitorus, S.H.",individual,R. Martaka Kuswandari,individual,2025-07-26,72713435,True,smurfing
Gangsar Mahendra,individual,"Kasiyah Susanti, S.I.Kom",individual,2025-10-04,2013813255,True,self_funded
CV Simbolon Sitompul (Persero) Tbk,corporation,"Kasiyah Saragih, S.IP",individual,2024-09-16,19305621165,False,
Melinda Namaga,individual,Partai Solidaritas Indonesia,political-party,2024-05-06,9149241,True,smurfing
Perum Susanti (Persero) Tbk,organization,Partai Kebangkitan Rakyat,political-party,2024-05-04,72657722,True,smurfing
Perum Latupono (Persero) Tbk,organization,Umi Salahudin,individual,2025-01-11,20853904467,False,
PT Adriansyah,corporation,Oskar Budiyanto,individual,2024-12-20,8001076505,True,self_funded
"R.A. Tira Kusumo, M.Ak",individual,Sutan Koko Mandala,individual,2024-08-12,2273052875,True,self_funded
Perum Kusmawati,organization,Partai Nasional Demokrat,political-party,2024-01-04,47250432,True,smurfing
UD Maryati,organization,Paris Maryadi,individual,2024-11-10,634550234,True,proxy
Perum Mandala,corporation,Galang Hariyah,individual,2025-03-18,12590717255,False,
PT Telekomunikasi Indonesia (Persero),corporation,Dewi Santoso,individual,2024-12-15,8842719673,True,illegal_source
PT Jailani,organization,"Hairyanto Hartati, S.Ked",individual,2025-04-15,1206106995,True,proxy
CV Manullang Tbk,corporation,R. Anita Andriani,individual,2024-03-03,8965364725,True,self_funded
Saka Sihombing,individual,Ratna Uwais,individual,2024-10-02,54928067,False,
"Kenzie Kusmawati, S.T.",individual,Maimunah Fujiati,individual,2024-09-29,1445022665,False,
R. Tirta Widodo,individual,Patricia Purwanti,individual,2024-03-20,774701047,False,
Drs. Lala Mulyani,individual,"Bala Palastri, S.T.",individual,2025-08-25,1996816939,False,
UD Hartati Nugroho Tbk,organization,Partai Keadilan Indonesia,political-party,2025-10-04,79406432,False,
Dt. Galur Prayoga,individual,Partai Harapan Bangsa,political-party,2024-07-31,47580883,False,
UD Hutapea,corporation,Partai Persatuan,political-party,2025-02-01,41603383,True,smurfing
UD Simanjuntak Tbk,organization,Ulya Astuti,individual,2024-07-03,3525963574,False,
dr. Alika Halimah,individual,Partai Harapan Bangsa,political-party,2025-03-11,127264705,False,
Perum Hassanah (Persero) Tbk,corporation,Partai Keadilan Indonesia,political-party,2025-06-17,922601223,True,proxy
Perum Iswahyudi Tbk,corporation,Partai Harapan Bangsa,political-party,2025-12-12,448211007,False,
Dt. Jaya Rahmawati,individual,Partai Demokrat,political-party,2024-10-13,49485273,False,
Tgk. Dagel Suartini,individual,Partai Persatuan,political-party,2024-01-04,56371630,False,
PT Kusmawati,corporation,Jaga Latupono,individual,2024-12-02,4978627828,True,self_funded
PD Hutasoit Winarno,corporation,Diah Ardianto,individual,2024-03-17,15880854803,True,self_funded
PD Winarno Mustofa,corporation,Agus Pangestu,individual,2025-02-10,42386441,True,smurfing
PT Hutapea,corporation,Partai Indonesia Maju,political-party,2025-12-05,284543106,False,
Cut Amalia Usamah,individual,Partai Amanat Rakyat,political-party,2024-05-24,77320506,False,
"Dr. Juli Wijaya, S.Pd",individual,Genta Prastuti,individual,2025-11-04,549479928,False,
Dr. Jono Iswahyudi,individual,"Dr. Oliva Waskita, S.Gz",individual,2025-07-05,1206625270,False,
Sutan Makara Pertiwi,individual,Partai Rakyat Sejahtera,political-party,2024-01-30,28843779,False,
PD Firgantoro,corporation,Partai Solidaritas Indonesia,political-party,2024-10-24,643977420,False,
Perum Hakim Kurniawan,organization,Partai Amanat Rakyat,political-party,2025-03-19,36392917,True,smurfing
"Edison Laksmiwati, S.Gz",individual,Cahya Situmorang,individual,2024-03-31,509473847,False,
H. Virman Kuswoyo,individual,Partai Persatuan,political-party,2024-07-29,106206514,False,
"Tgk. Titin Dabukke, S.T.",individual,Estiawan Wibisono,individual,2024-09-18,1897449787,False,
"Prabu Permadi, S.IP",individual,"Kairav Winarno, S.Ked",individual,2025-08-19,1459796247,False,
Halima Sirait,individual,Rama Saefullah,individual,2025-05-12,673799872,False,
"Pia Waluyo, M.Ak",individual,"T. Catur Haryanti, S.Farm",individual,2025-10-13,2421443359,True,self_funded
"Mumpuni Hasanah, S.Psi",individual,Partai Keadilan Indonesia,political-party,2024-10-09,47804118,True,smurfing
Nurul Utama,individual,Ilsa Kusumo,individual,2024-03-16,16986226,True,smurfing
CV Pradipta Rahmawati,corporation,Partai Solidaritas Indonesia,political-party,2025-07-24,648903063,False,
PT Waskita Tbk,corporation,Ihsan Hassanah,individual,2024-01-26,12323336785,False,
"Dr. Ajiono Pudjiastuti, M.Pd",individual,Partai Kebangkitan Rakyat,political-party,2025-09-12,30306923,False,
Tania Dongoran,individual,Ami Puspasari,individual,2025-10-13,1948181148,False,
PD Januar Wulandari (Persero) Tbk,corporation,Partai Persatuan,political-party,2025-08-18,609918206,True,proxy
CV Utami,corporation,Partai Nasional Demokrat,political-party,2024-02-29,487652350,False,
UD Nainggolan,corporation,"R.M. Najib Latupono, M.Pd",individual,2025-05-23,136588749,False,
Purwadi Saragih,individual,Partai Harapan Bangsa,political-party,2024-01-13,178427270,False,
"Elisa Andriani, S.Pt",individual,Partai Rakyat Sejahtera,political-party,2025-01-15,146793941,False,
Perum Widodo Tbk,organization,"Wardi Laksita, S.Kom",individual,2025-01-06,19375921605,False,
PT Jailani,corporation,Reksa Putra,individual,2024-01-26,4393954333,False,
"dr. Kezia Narpati, S.Psi",individual,Kala Rajata,individual,2025-12-16,1367413394,False,
UD Yuniar Hastuti Tbk,organization,Partai Amanat Rakyat,political-party,2024-06-28,13396971,True,smurfing
Perum Gunawan (Persero) Tbk,corporation,Partai Amanat Rakyat,political-party,2024-09-28,1915973608,True,proxy
CV Ardianto,corporation,Ade Pratiwi,individual,2024-02-15,1919574775,True,proxy
UD Saputra Prabowo,corporation,"Edison Zulkarnain, M.Pd",individual,2024-09-12,5123113606,True,self_funded
PD Winarsih (Persero) Tbk,organization,Eka Manullang,individual,2024-07-31,92235970,True,smurfing
Perum Hassanah,corporation,Partai Rakyat Sejahtera,political-party,2025-12-16,59551696,False,
Karna Setiawan,individual,Partai Amanat Rakyat,political-party,2025-08-12,112376998,False,
Cut Restu Iswahyudi,individual,Yahya Prasetyo,individual,2024-12-22,2208265773,True,self_funded
CV Suryono Handayani,corporation,"Budi Mustofa, M.TI.",individual,2025-10-13,87848768,True,smurfing
Caturangga Nashiruddin,individual,Tedi Suartini,individual,2024-09-06,1101331208,False,
PT Kereta Api Indonesia (Persero),corporation,KH. Okta Gunarto,individual,2024-12-15,15997350157,True,illegal_source
PD Halimah Tbk,corporation,Partai Keadilan Indonesia,political-party,2025-11-15,79151124,True,smurfing
UD Mansur Yuliarti Tbk,corporation,Dewi Prasasta,individual,2025-07-15,4709316298,True,self_funded
Perum Lazuardi Siregar,organization,Novi Sihombing,individual,2024-07-24,27859048,True,smurfing
R.A. Uchita Kuswoyo,individual,Zelda Yulianti,individual,2024-08-20,262582075,False,
UD Marbun (Persero) Tbk,organization,Partai Keadilan Indonesia,political-party,2025-06-23,29432239,True,smurfing
Hasna Lailasari,individual,Atma Marbun,individual,2024-12-03,23009562,True,smurfing
Simon Pratama,individual,Partai Persatuan,political-party,2024-10-25,30842627,False,
Perum Rajata Anggriawan,corporation,Partai Amanat Rakyat,political-party,2025-08-21,11827529,True,smurfing
CV Ardianto Tbk,organization,Partai Harapan Bangsa,political-party,2025-05-17,35558212,True,smurfing
PT Wijaya (Persero) Tbk,organization,Salsabila Ardianto,individual,2024-12-25,1649385542,True,proxy
CV Hidayanto Tbk,corporation,Juli Melani,individual,2024-09-01,11243247178,True,self_funded
CV Mangunsong Zulkarnain Tbk,corporation,Partai Demokrat,political-party,2024-08-24,551817786,False,
UD Uwais,organization,Partai Demokrat,political-party,2024-10-01,361006371,False,
Silvia Nugroho,individual,drg. Jelita Halim,individual,2025-10-24,1758438208,False,
Perum Thamrin Budiyanto (Persero) Tbk,organization,Partai Rakyat Sejahtera,political-party,2024-04-07,1740223001,True,proxy
PD Waluyo,organization,Laras Setiawan,individual,2025-11-01,652372145,True,proxy
Puti Uchita Adriansyah,individual,Karsana Sitorus,individual,2024-05-23,656241753,False,
Perum Pudjiastuti Winarno,corporation,"H. Pangeran Nurdiyanti, M.TI.",individual,2024-12-31,968410202,False,
PT Santoso Waluyo,corporation,"Lukita Suartini, S.Gz",individual,2025-11-09,8034196,True,smurfing
Gangsar Saefullah,individual,Ian Situmorang,individual,2024-08-12,396197476,False,
Jasmani Prayoga,individual,Zelaya Prasetyo,individual,2025-10-07,1684515061,False,
PD Prasetyo Samosir,corporation,drg. Elon Sitorus,individual,2024-03-22,13669703620,False,
Puji Thamrin,individual,Partai Amanat Rakyat,political-party,2024-06-28,168604696,False,
PD Prayoga Sinaga,corporation,Partai Nasional Demokrat,political-party,2024-12-03,63551823,False,
UD Nasyidah Tbk,organization,Partai Nasional Demokrat,political-party,2025-12-14,265550820,False,
CV Nainggolan Napitupulu,corporation,"Tania Mardhiyah, S.Psi",individual,2024-08-07,18817642022,False,
PT Kereta Api Indonesia (Persero),corporation,Partai Keadilan Indonesia,political-party,2025-11-02,18302165,True,illegal_source
"Betania Wasita, M.Kom.",individual,Mahesa Sihombing,individual,2024-07-06,65931841,True,smurfing
UD Firgantoro Kurniawan (Persero) Tbk,organization,Partai Rakyat Sejahtera,political-party,2025-12-30,1936548487,True,proxy
UD Suryatmi Waluyo Tbk,corporation,Partai Nasional Demokrat,political-party,2025-02-28,1159428474,True,proxy
"Dt. Gada Prastuti, S.Pt",individual,Partai Rakyat Sejahtera,political-party,2024-01-24,49392362,False,
PD Handayani Mustofa,organization,Ciaobella Budiyanto,individual,2024-09-21,11686536033,False,
Nilam Wastuti,individual,Baktianto Hutasoit,individual,2024-11-07,2169989184,False,
"Ir. Malika Hastuti, S.Farm",individual,Partai Harapan Bangsa,political-party,2024-07-11,17821858,False,
"Tgk. Prabowo Wibisono, S.T.",individual,Nabila Mahendra,individual,2025-08-16,2017398757,False,
Perum Sirait (Persero) Tbk,corporation,Elisa Wacana,individual,2024-07-06,18218976974,True,self_funded
CV Utama Latupono,organization,Among Simbolon,individual,2024-04-17,517171806,True,proxy
Zulfa Rahayu,individual,Latika Habibi,individual,2024-05-12,419912964,False,
PT Permadi Hartati,corporation,Juli Sirait,individual,2024-11-20,1629599015,True,proxy
Setya Laksita,individual,Talia Firgantoro,individual,2025-09-11,1476267243,True,self_funded
UD Dongoran Suryatmi,corporation,"Tania Wahyuni, S.E.I",individual,2025-01-19,5010517318,False,
Hana Saputra,individual,Rama Laksita,individual,2024-04-14,948063288,False,
PT Prayoga Tbk,corporation,Partai Demokrat,political-party,2024-09-19,265210325,True,proxy
Cemeti Yuniar,individual,Tira Winarno,individual,2025-07-12,240113462,True,self_funded
PT Sudiati (Persero) Tbk,organization,H. Dipa Marpaung,individual,2024-12-25,40490423268,True,over_limit
"Febi Hidayanto, S.Pd",individual,R. Ana Suryono,individual,2025-03-17,823716417,False,
CV Dabukke Siregar Tbk,corporation,Partai Keadilan Indonesia,political-party,2024-07-01,90368527,True,smurfing
PD Pangestu (Persero) Tbk,corporation,Safina Permata,individual,2025-01-01,1311641158,True,proxy
"Cut Widya Fujiati, S.Pd",individual,Manah Widiastuti,individual,2024-10-06,1552740678,True,self_funded
Kementerian Keuangan,organization,Nadine Gunawan,individual,2025-05-08,9603565433,True,illegal_source
Ajimat Oktaviani,individual,Partai Solidaritas Indonesia,political-party,2025-01-23,164912711,False,
Ani Uwais,individual,Cici Rajasa,individual,2024-12-03,638329609,False,
PT Situmorang Tbk,organization,Partai Nasional Demokrat,political-party,2025-05-24,5258585,True,smurfing
CV Andriani Pranowo Tbk,organization,Partai Nasional Demokrat,political-party,2025-06-16,439622261,False,
Perum Hutasoit (Persero) Tbk,corporation,"H. Prayitna Hidayanto, S.Gz",individual,2024-07-19,13447854905,True,self_funded
Kardi Laksmiwati,individual,Partai Nasional Demokrat,political-party,2025-02-26,142196574,False,
CV Prasetya Setiawan,corporation,Ade Permadi,individual,2025-06-05,1009358879,True,proxy
PD Sitompul,corporation,"Nadine Januar, S.E.I",individual,2024-01-05,65057363,True,smurfing
"Vera Handayani, S.H.",individual,"Raisa Nainggolan, M.TI.",individual,2025-04-13,1858219909,True,self_funded
Cahyo Maryadi,individual,Rizki Hardiansyah,individual,2025-11-23,1067851819,True,self_funded
PD Tamba Iswahyudi,corporation,Partai Persatuan,political-party,2024-09-10,89867317,True,smurfing
"Mila Santoso, S.Pt",individual,Partai Keadilan Indonesia,political-party,2024-02-27,82712305,False,
Hardana Winarno,individual,Partai Kebangkitan Rakyat,political-party,2025-04-14,95889535,False,
CV Napitupulu Laksita,corporation,Kayun Tamba,individual,2025-03-30,22176276159,True,self_funded
CV Laksmiwati Sitompul,corporation,"H. Harimurti Putra, S.Sos",individual,2024-05-23,69225226,True,smurfing
UD Uwais,corporation,Dian Permadi,individual,2025-01-09,18658909658,False,
Perum Mangunsong Tbk,corporation,"Tgk. Yusuf Aryani, S.E.",individual,2024-01-04,87790577,True,smurfing
CV Uwais Padmasari,corporation,Jessica Januar,individual,2024-06-01,2447219737,False,
Perum Farida Mayasari,organization,Partai Amanat Rakyat,political-party,2024-10-17,994718096,True,proxy
PT Aryani,organization,Umi Salahudin,individual,2024-05-07,1229733825,True,proxy
"Ami Prastuti, S.Sos",individual,Zaenab Wibisono,individual,2024-04-24,266767616,False,
PT Halimah Tampubolon Tbk,corporation,Janet Winarsih,individual,2024-03-22,28153058448,True,over_limit
Dr. Aurora Palastri,individual,Darmaji Laksita,individual,2024-04-30,1634694965,False,
PT Telekomunikasi Indonesia (Persero),corporation,Partai Kebangkitan Rakyat,political-party,2025-09-06,211432556,True,illegal_source
PT Mahendra Tarihoran Tbk,organization,Partai Harapan Bangsa,political-party,2025-11-22,92353118,False,
Calista Hidayat,individual,Paramita Wastuti,individual,2025-03-08,296803560,False,
PT Wahyudin Halim (Persero) Tbk,organization,Partai Keadilan Indonesia,political-party,2024-03-28,1836888621,True,proxy
PT Adriansyah Tbk,corporation,Aris Puspasari,individual,2024-07-27,6963557996,True,self_funded
UD Firmansyah Saefullah,corporation,Partai Amanat Rakyat,political-party,2024-06-23,31674656,True,smurfing
CV Kusumo Wibowo,corporation,"Maman Budiman, S.Ked",individual,2024-10-18,4811154752,False,
Perum Saefullah Hidayat,corporation,drg. Kania Marpaung,individual,2024-04-27,11949995874,True,self_funded
PT Yulianti,organization,Partai Indonesia Maju,political-party,2025-09-09,550035450,False,
PT Kereta Api Indonesia (Persero),corporation,Partai Indonesia Maju,political-party,2025-09-06,316453864,True,illegal_source
Bakijan Lailasari,individual,"Dina Wahyuni, S.Farm",individual,2024-11-24,2470473486,True,self_funded
CV Nasyiah Widodo,corporation,Partai Solidaritas Indonesia,political-party,2025-10-29,475242895,True,proxy
"Hasna Habibi, S.I.Kom",individual,Partai Kebangkitan Rakyat,political-party,2025-07-03,49376342,True,smurfing
"Sutan Raden Utami, S.Gz",individual,"Cut Rahmi Yuliarti, S.Pt",individual,2025-06-12,941755511,False,
Perum Fujiati,organization,Gantar Nasyidah,individual,2025-10-29,20051588,True,proxy
CV Haryanti,corporation,Kamila Nurdiyanti,individual,2024-05-24,22331195142,True,self_funded
Rahmi Ardianto,individual,Partai Indonesia Maju,political-party,2025-03-24,99681746,True,smurfing
Perum Siregar,corporation,Shania Prasetyo,individual,2025-05-18,52543868,True,smurfing
Perum Thamrin (Persero) Tbk,corporation,Partai Rakyat Sejahtera,political-party,2024-09-13,474002124,False,
Harsaya Handayani,individual,"Mahmud Tamba, S.Pt",individual,2024-12-05,1331230645,True,self_funded
KH. Dadi Handayani,individual,Partai Keadilan Indonesia,political-party,2024-07-10,165636651,False,
PT Wulandari Wibisono,corporation,R. Nyoman Uyainah,individual,2024-11-15,19336811042,True,self_funded
CV Widodo,corporation,Partai Nasional Demokrat,political-party,2024-09-13,194170042,False,
Ella Novitasari,individual,"Najam Safitri, S.Sos",individual,2024-04-24,77119715,True,smurfing
"Mila Latupono, S.IP",individual,Partai Indonesia Maju,political-party,2025-08-12,84649623,True,smurfing
PD Riyanti Haryanto,corporation,Partai Kebangkitan Rakyat,political-party,2024-10-25,1486853382,True,over_limit
PD Haryanti,corporation,"Lanjar Mayasari, S.E.I",individual,2025-01-22,17428525,True,smurfing
UD Januar Uwais,organization,Ir. Gatot Halim,individual,2024-11-05,49561489185,True,over_limit
Pemerintah Desa Sukamulya,organization,Ganjaran Maryati,individual,2025-11-26,19723449264,True,illegal_source
PD Situmorang Yuliarti,organization,"Ir. Raden Suwarno, S.Kom",individual,2024-09-22,355506899,True,proxy
UD Marpaung Yulianti (Persero) Tbk,corporation,Partai Persatuan,political-party,2025-04-26,34854046,False,
PD Hastuti Wijayanti (Persero) Tbk,organization,Balijan Sudiati,individual,2025-08-22,1311549420,True,proxy
Perum Yuniar (Persero) Tbk,corporation,dr. Puti Sinaga,individual,2025-07-07,18216949296,True,self_funded
Embuh Wijayanti,individual,Partai Keadilan Indonesia,political-party,2025-02-16,34730842,False,
PT Hasanah Mustofa Tbk,organization,Padmi Hakim,individual,2025-03-10,69032134,True,smurfing
PT Nasyidah (Persero) Tbk,organization,"Saiful Andriani, S.IP",individual,2024-03-06,1739420189,True,proxy
Hafshah Mardhiyah,individual,Tgk. Gangsa Nurdiyanti,individual,2025-01-21,398894684,False,
Perum Zulaika Mustofa Tbk,organization,Oliva Oktaviani,individual,2024-08-31,180619961,True,proxy
drg. Natalia Rahayu,individual,Partai Solidaritas Indonesia,political-party,2024-04-09,76229745,True,smurfing
Maryadi Widiastuti,individual,Partai Indonesia Maju,political-party,2024-10-02,52443296,True,smurfing
Perum Budiyanto Yolanda Tbk,corporation,Partai Solidaritas Indonesia,political-party,2024-08-17,586499104,False,
Harjaya Yuniar,individual,"drg. Amelia Zulaika, M.Pd",individual,2025-12-12,2169543428,False,
"Wulan Rahayu, M.Kom.",individual,Kambali Iswahyudi,individual,2025-06-02,1151892858,False,
"Drs. Warsita Damanik, M.Farm",individual,Natalia Ardianto,individual,2024-09-30,2805769314,True,over_limit
CV Hidayanto Suryono,corporation,"Tgk. Malik Simanjuntak, M.Farm",individual,2024-07-04,966128265,True,proxy
Perum Sitompul Prastuti Tbk,organization,Partai Indonesia Maju,political-party,2025-04-23,69568406,True,smurfing
PT Suryono Mulyani,organization,"Mahesa Safitri, S.Psi",individual,2024-03-13,41262749728,True,over_limit
Wasis Farida,individual,Partai Rakyat Sejahtera,political-party,2025-01-27,135078213,False,
Perum Maheswara Prakasa Tbk,corporation,Raditya Santoso,individual,2025-02-01,847834954,True,proxy
CV Usada Yuliarti Tbk,corporation,Partai Indonesia Maju,political-party,2025-08-09,34187402,True,smurfing
"Kadir Rahmawati, S.E.I",individual,Partai Indonesia Maju,political-party,2024-04-11,25929181,False,
Putri Wahyuni,individual,Partai Rakyat Sejahtera,political-party,2024-08-04,174763861,False,
Agnes Tamba,individual,Partai Keadilan Indonesia,political-party,2025-11-17,76759535,True,smurfing
UD Prasasta Hutasoit Tbk,corporation,Uli Maryati,individual,2024-09-09,12097307790,False,
Cahyono Jailani,individual,Partai Rakyat Sejahtera,political-party,2025-06-09,352564818,True,over_limit
PD Maheswara Tbk,organization,Partai Keadilan Indonesia,political-party,2024-05-15,654785584,False,
Ivan Gunawan,individual,"Sutan Jinawi Nurdiyanti, S.Gz",individual,2025-02-13,355377921,False,
PD Zulkarnain,organization,Partai Nasional Demokrat,political-party,2024-10-19,287067895,True,proxy
Perum Aryani Tbk,organization,Partai Solidaritas Indonesia,political-party,2025-01-21,417142549,False,
CV Farida Mansur (Persero) Tbk,organization,Partai Harapan Bangsa,political-party,2025-08-29,1002825905,True,proxy
"Abyasa Prakasa, M.TI.",individual,Partai Persatuan,political-party,2025-05-15,130923159,False,
Cemani Uwais,individual,Carla Marpaung,individual,2025-02-14,1352513095,True,self_funded
Balapati Wijayanti,individual,"Cut Diah Budiman, S.I.Kom",individual,2025-09-05,3806143126,True,over_limit
Perum Iswahyudi,corporation,Partai Solidaritas Indonesia,political-party,2024-09-19,7092122,True,smurfing
Perum Prastuti,corporation,Jane Wahyudin,individual,2025-04-10,1291264524,True,proxy
Jarwa Hutapea,individual,drg. Nadine Sihotang,individual,2024-09-12,2177903496,False,
PT Rahmawati Wibowo,organization,Partai Harapan Bangsa,political-party,2025-01-05,1896737342,True,proxy
PD Pertiwi (Persero) Tbk,corporation,Mahesa Haryanto,individual,2025-02-09,18528783512,False,
PD Kuswoyo (Persero) Tbk,corporation,Partai Persatuan,political-party,2025-12-08,118265413,False,
PD Namaga (Persero) Tbk,corporation,Laswi Farida,individual,2024-06-04,12929466431,False,
Opung Suwarno,individual,Kezia Narpati,individual,2024-01-20,344206217,False,
Safina Sudiati,individual,Yessi Latupono,individual,2025-04-06,2018139432,False,
CV Hasanah (Persero) Tbk,corporation,Ir. Gadang Tamba,individual,2024-06-08,15775441920,True,self_funded
Tania Prastuti,individual,Ophelia Wulandari,individual,2025-09-14,1353607441,True,self_funded
Perum Prasetya,organization,"Dalima Budiyanto, S.T.",individual,2025-03-05,61496171,True,smurfing
PT Ramadan Prakasa,corporation,Partai Demokrat,political-party,2024-03-04,57282523,False,
"Drs. Aisyah Nuraini, M.TI.",individual,Partai Harapan Bangsa,political-party,2024-07-06,107565596,False,
"Hamima Uwais, S.E.",individual,Ir. Ulva Latupono,individual,2025-08-27,3151777586,True,over_limit
PD Hutapea Usamah (Persero) Tbk,corporation,"R.M. Adikara Mandala, S.Psi",individual,2024-07-10,15990588046,False,
"Taswir Lazuardi, M.TI.",individual,"Dr. Kajen Budiman, S.Ked",individual,2025-06-26,1776104138,False,
Cici Aryani,individual,Kani Hakim,individual,2025-12-24,1466732072,False,
Cici Waskita,individual,Partai Harapan Bangsa,political-party,2025-02-05,85177250,False,
Perum Permata Saragih,corporation,Partai Nasional Demokrat,political-party,2025-04-01,14317355,True,smurfing
PD Halim Tbk,organization,Raden Pranowo,individual,2025-10-20,22459776,True,smurfing
Perum Pudjiastuti Najmudin Tbk,organization,Puti Nova Utami,individual,2025-10-20,1091392496,True,proxy
PD Prabowo (Persero) Tbk,corporation,"Drs. Humaira Purwanti, S.T.",individual,2024-04-16,71738632,True,smurfing
Vanya Palastri,individual,Partai Solidaritas Indonesia,political-party,2025-10-17,120896088,False,
PT Nainggolan,corporation,"T. Wisnu Lailasari, M.M.",individual,2025-12-27,218024088,True,proxy
UD Iswahyudi,corporation,"Dr. Virman Iswahyudi, M.M.",individual,2025-02-24,19393727133,True,self_funded
Panca Yolanda,individual,Sutan Ade Nainggolan,individual,2025-06-04,622541701,False,
Perum Prasetyo Hakim (Persero) Tbk,organization,Surya Wibisono,individual,2025-05-30,4677176948,False,
Perum Napitupulu Saptono,organization,"Sari Hutagalung, S.Pt",individual,2025-11-23,3887865,True,smurfing
PT Permata Suryono,corporation,Partai Demokrat,political-party,2025-09-27,351399913,False,
Kania Handayani,individual,Putu Mansur,individual,2025-04-23,806638386,True,self_funded
UD Pradana Sihotang,organization,Safina Siregar,individual,2025-07-05,14922957,True,smurfing
PT Gunarto Pangestu (Persero) Tbk,organization,Partai Indonesia Maju,political-party,2024-08-04,781272088,True,proxy
Perum Wasita,corporation,Manah Permadi,individual,2025-07-16,18240998161,True,self_funded
Vicky Habibi,individual,Partai Kebangkitan Rakyat,political-party,2024-12-03,70438100,False,
UD Susanti Sinaga Tbk,organization,Puti Anastasia Suryatmi,individual,2024-04-19,318101037,False,
"H. Nyoman Kuswandari, S.I.Kom",individual,Partai Harapan Bangsa,political-party,2024-06-29,81086156,False,
KH. Panca Pratama,individual,Vera Wijayanti,individual,2025-04-11,349596835,False,
"Sutan Cahyo Aryani, S.Farm",individual,Partai Amanat Rakyat,political-party,2025-12-14,5389449,True,smurfing
Siska Safitri,individual,Ami Farida,individual,2024-08-07,351534570,True,self_funded
T. Edi Mansur,individual,"drg. Gina Napitupulu, S.Kom",individual,2025-10-01,1889388855,False,
Perum Salahudin (Persero) Tbk,corporation,"Puput Maulana, M.M.",individual,2024-05-24,11633263704,False,
Paris Ardianto,individual,dr. Yoga Farida,individual,2025-02-09,2115457055,False,
Raihan Santoso,individual,Partai Solidaritas Indonesia,political-party,2025-03-14,38594698,True,smurfing
PT Prasetya Hartati,organization,Hasta Adriansyah,individual,2024-11-29,1925484469,True,proxy
PD Melani Winarno,corporation,KH. Harsaya Wacana,individual,2025-04-16,80462255,True,smurfing
CV Wibowo Tbk,corporation,Dina Namaga,individual,2024-02-06,6131421492,True,self_funded
CV Nasyiah,organization,Dt. Luis Haryanto,individual,2024-06-12,18496273,True,smurfing
Ina Hidayanto,individual,Umi Adriansyah,individual,2025-02-18,2044688152,False,
CV Sinaga Melani,corporation,Belinda Nasyiah,individual,2025-09-10,5887925495,False,
"Dt. Tasdik Prasetyo, S.Gz",individual,Lili Nasyidah,individual,2024-12-14,18089110,True,smurfing
T. Marsito Pranowo,individual,R.A. Usyi Prasasta,individual,2024-05-29,1173556928,True,self_funded
PT Purwanti Nasyidah,organization,R.A. Paris Salahudin,individual,2024-08-08,12157939535,False,
Okta Anggraini,individual,Puti Yulia Budiman,individual,2024-09-02,2200699269,True,self_funded
"Dr. Jefri Lazuardi, S.Pt",individual,Sakura Mustofa,individual,2025-12-01,30221487,True,smurfing
PT Riyanti Salahudin Tbk,organization,Kasiyah Pranowo,individual,2024-08-23,214760256,True,proxy
R.A. Qori Habibi,individual,"Cut Dinda Tamba, S.IP",individual,2024-04-15,566536363,True,self_funded
Perum Kusumo,corporation,Partai Harapan Bangsa,political-party,2025-11-07,143761579,False,
UD Waskita Namaga (Persero) Tbk,organization,Endah Rahayu,individual,2025-12-30,960409253,True,proxy
Perum Sudiati,organization,R. Dimas Nasyiah,individual,2025-03-04,676621712,True,proxy
PT Sitorus Mansur Tbk,corporation,Partai Nasional Demokrat,political-party,2024-06-01,89191402,True,smurfing
"Ir. Dinda Tampubolon, S.H.",individual,T. Bagus Puspasari,individual,2024-12-10,1350857491,False,
Perum Mangunsong Suryatmi Tbk,corporation,Laila Yuniar,individual,2024-09-07,65849084,True,smurfing
CV Permadi (Persero) Tbk,organization,Partai Rakyat Sejahtera,political-party,2025-05-15,923058894,True,proxy
UD Uyainah (Persero) Tbk,corporation,Hj. Gina Hidayanto,individual,2024-07-02,1676243561,True,proxy
PD Nainggolan Kuswoyo (Persero) Tbk,organization,"Irfan Thamrin, S.Farm",individual,2024-11-15,49367482224,True,over_limit
UD Hastuti Damanik,organization,"Jamal Wibowo, S.I.Kom",individual,2024-01-06,5843323617,False,
PT Prabowo Hartati Tbk,organization,Pardi Hutasoit,individual,2024-04-29,14353032807,False,
PD Maryati Irawan Tbk,corporation,Partai Solidaritas Indonesia,political-party,2024-05-17,288232410,True,proxy
Putri Rajata,individual,Partai Rakyat Sejahtera,political-party,2025-06-14,6244437,False,
PT Saputra (Persero) Tbk,corporation,Partai Kebangkitan Rakyat,political-party,2024-09-22,487684928,False,
PT Halim Haryanti,organization,Mumpuni Saefullah,individual,2025-06-16,7953344133,False,
Perum Utama Tbk,corporation,Partai Keadilan Indonesia,political-party,2025-08-22,796177203,True,proxy
Eman Maryadi,individual,Partai Rakyat Sejahtera,political-party,2024-01-18,85797679,False,
PT Waluyo Pratiwi Tbk,corporation,Partai Rakyat Sejahtera,political-party,2025-07-03,137914653,False,
Maria Kuswandari,individual,"Zelaya Januar, M.TI.",individual,2025-01-19,1758383300,True,self_funded
Ade Hutapea,individual,Cengkal Wijaya,individual,2025-05-23,342174838,False,
PD Mustofa,organization,Partai Demokrat,political-party,2025-01-06,99726519,True,smurfing
Perum Latupono Adriansyah Tbk,corporation,"Drs. Aurora Natsir, M.TI.",individual,2025-05-14,3935693642,True,self_funded
PT Haryanti (Persero) Tbk,organization,Partai Nasional Demokrat,political-party,2025-09-13,663041323,False,
PD Prasetya Pertiwi (Persero) Tbk,organization,Sutan Purwadi Utami,individual,2024-03-26,907790894,True,proxy
"Puput Zulaika, S.IP",individual,Partai Kebangkitan Rakyat,political-party,2024-05-04,96838964,False,
PT Prabowo Manullang (Persero) Tbk,corporation,"Rahayu Rajasa, S.Psi",individual,2025-10-08,20328050085,True,self_funded
PD Tarihoran,corporation,Ana Mandasari,individual,2024-06-30,1106967895,False,
Perum Utama Hariyah,corporation,KH. Prima Wasita,individual,2024-10-18,926172887,True,proxy
PT Wahyudin Aryani Tbk,corporation,Partai Kebangkitan Rakyat,political-party,2024-03-18,56056407,False,
Cut Lala Januar,individual,Partai Harapan Bangsa,political-party,2025-06-20,30118634,True,smurfing
Dodo Safitri,individual,Partai Harapan Bangsa,political-party,2025-09-20,142686674,False,
dr. Kusuma Hartati,individual,Kamila Prasetyo,individual,2024-05-24,23933269,True,smurfing
UD Hasanah,organization,Partai Keadilan Indonesia,political-party,2025-03-23,392880686,False,
CV Hartati Tbk,organization,Gatra Maulana,individual,2025-05-24,13129720815,False,
Pemkot Bogor,organization,Partai Harapan Bangsa,political-party,2025-05-15,37954496,True,illegal_source
Faizah Santoso,individual,Vera Simanjuntak,individual,2025-02-19,1848729401,False,
Perum Wahyudin Maryati,corporation,Partai Harapan Bangsa,political-party,2025-04-14,1654684908,True,proxy
CV Nasyiah Kusmawati (Persero) Tbk,organization,Partai Indonesia Maju,political-party,2025-10-21,98613863,True,smurfing
R. Maida Wulandari,individual,Partai Persatuan,political-party,2024-03-24,59580325,True,smurfing
Patricia Kuswandari,individual,"Tgk. Dipa Kurniawan, S.IP",individual,2025-03-25,909653028,False,
Dimas Pradana,individual,Aurora Sinaga,individual,2025-12-12,622106310,False,
PT Tarihoran Permadi,corporation,"Abyasa Manullang, S.Pt",individual,2024-08-02,78811162,True,smurfing
"T. Purwadi Suwarno, S.T.",individual,dr. Jaya Megantara,individual,2024-05-20,629730754,True,self_funded
Najib Mustofa,individual,Rahayu Winarno,individual,2025-01-07,433992000,False,
UD Suartini Tbk,organization,Partai Keadilan Indonesia,political-party,2024-06-14,91838728,True,proxy
PT Winarsih,corporation,Lintang Utama,individual,2024-09-27,78992919,True,smurfing
"Dt. Hasim Namaga, S.E.",individual,Farah Marpaung,individual,2024-06-29,1903571351,False,
Kementerian Pendidikan Nasional,organization,Partai Keadilan Indonesia,political-party,2025-06-11,403504922,True,illegal_source
CV Susanti Purwanti (Persero) Tbk,corporation,Partai Rakyat Sejahtera,political-party,2024-10-24,554814791,True,proxy
"Kezia Pratama, S.Gz",individual,Amalia Maryadi,individual,2025-02-28,1040302536,True,self_funded
CV Samosir,corporation,Wage Pangestu,individual,2025-03-19,1578881150,True,self_funded
Hj. Ifa Mahendra,individual,Balidin Melani,individual,2025-01-09,1031906068,False,
CV Yolanda Tbk,corporation,Partai Indonesia Maju,political-party,2024-11-13,1089316635,True,proxy
Septi Wibowo,individual,Partai Kebangkitan Rakyat,political-party,2025-11-06,142179979,False,
Nilam Anggriawan,individual,Partai Nasional Demokrat,political-party,2025-09-19,157594407,False,
PD Usamah (Persero) Tbk,corporation,Karimah Budiman,individual,2024-12-03,1749576181,True,proxy
PD Najmudin (Persero) Tbk,organization,"Ir. Omar Yuliarti, S.Farm",individual,2024-10-17,75737478,True,smurfing
"Adhiarja Hutagalung, S.Sos",individual,Partai Amanat Rakyat,political-party,2024-03-03,8227453,False,
UD Pranowo (Persero) Tbk,corporation,Calista Wacana,individual,2025-05-21,15386261689,True,self_funded
PD Saefullah Situmorang Tbk,organization,Partai Kebangkitan Rakyat,political-party,2025-06-19,281946135,True,proxy
PD Pudjiastuti Tbk,corporation,Yani Nashiruddin,individual,2024-02-16,19300422737,True,self_funded
PD Rahayu,corporation,"Balidin Rahimah, S.Sos",individual,2025-10-28,13814825484,True,self_funded
PT Kusmawati,organization,Lidya Nasyiah,individual,2024-12-08,1107569041,True,proxy
PT Pertamina (Persero),corporation,Dr. Bella Kusumo,individual,2025-10-11,321739137,True,illegal_source
Lala Anggraini,individual,drg. Hilda Wahyuni,individual,2024-06-06,274069185,False,
UD Padmasari (Persero) Tbk,organization,Jarwadi Saragih,individual,2025-04-13,25197091,True,smurfing
Perum Jailani (Persero) Tbk,organization,Asirwada Anggriawan,individual,2024-04-17,1110978813,True,proxy
PD Oktaviani,corporation,Partai Keadilan Indonesia,political-party,2025-06-27,420339634,True,proxy
PD Hariyah (Persero) Tbk,organization,Partai Rakyat Sejahtera,political-party,2025-12-28,406007482,True,proxy
PT Prasetyo Usada,corporation,Partai Persatuan,political-party,2025-07-06,561451550,False,
R.A. Cinta Simbolon,individual,Luhung Nuraini,individual,2025-08-02,548283258,True,self_funded
Harjo Wijayanti,individual,Partai Amanat Rakyat,political-party,2024-05-28,49964786,True,smurfing
Perum Widodo Rahmawati,corporation,Galak Prasetyo,individual,2024-06-12,7657290901,True,self_funded
PT Padmasari,corporation,Partai Amanat Rakyat,political-party,2025-06-30,685967994,False,
Daliono Manullang,individual,Partai Keadilan Indonesia,political-party,2025-04-15,67674961,True,smurfing
Perum Hartati,corporation,Farah Rajasa,individual,2025-12-29,1643074269,False,
PT Prasetya Latupono,corporation,Partai Keadilan Indonesia,political-party,2024-02-11,219768056,True,proxy
PT Mandala,organization,KH. Irnanto Anggraini,individual,2025-05-31,930763953,True,proxy
BUMN Mina Permai,corporation,Partai Nasional Demokrat,political-party,2025-08-18,98658386,True,illegal_source
Kasiyah Waskita,individual,Partai Amanat Rakyat,political-party,2024-01-29,50295128,False,
"Eli Pradipta, S.H.",individual,Partai Solidaritas Indonesia,political-party,2024-01-03,141273293,False,
Puti Kiandra Purnawati,individual,"H. Lutfan Maryadi, S.H.",individual,2024-04-17,1504548475,True,self_funded
PD Mangunsong Agustina Tbk,organization,Partai Rakyat Sejahtera,political-party,2024-01-24,1234265015,True,proxy
Kamaria Anggriawan,individual,"Tgk. Ella Nugroho, S.Pd",individual,2024-11-07,1959034864,False,
Hilda Hidayat,individual,Partai Kebangkitan Rakyat,political-party,2025-04-09,95823624,False,
Eluh Usada,individual,Shania Saputra,individual,2024-12-18,768492456,True,self_funded
Jessica Hutapea,individual,Wakiman Damanik,individual,2024-04-24,275730079,False,
Caraka Pratiwi,individual,Ganda Rajata,individual,2025-08-21,1284043569,True,self_funded
Perum Ardianto Mardhiyah (Persero) Tbk,corporation,Eli Pradana,individual,2024-02-29,82352394,True,smurfing
Lamar Usamah,individual,Partai Harapan Bangsa,political-party,2024-09-22,25979423,False,
Julia Susanti,individual,Partai Demokrat,political-party,2025-05-27,77956674,True,smurfing
Jelita Lestari,individual,"Putri Nasyidah, S.I.Kom",individual,2024-03-29,2055088637,False,
Setya Zulaika,individual,Partai Rakyat Sejahtera,political-party,2025-10-29,20415456,False,
CV Andriani Waskita (Persero) Tbk,corporation,drg. Bakti Hutagalung,individual,2024-12-24,21865980162,False,
CV Najmudin Tbk,organization,Elvin Dabukke,individual,2024-03-13,20872098073,False,
PD Setiawan,corporation,"Bakidin Marbun, S.Ked",individual,2025-03-20,99029022,True,smurfing
Wani Januar,individual,Partai Indonesia Maju,political-party,2024-07-17,67584454,True,smurfing
PD Rahayu Tbk,organization,Partai Keadilan Indonesia,political-party,2024-12-21,52097416,True,smurfing
PT Anggraini Wastuti (Persero) Tbk,organization,Najwa Mulyani,individual,2025-06-16,67212826,True,smurfing
PD Natsir,corporation,"Dr. Padmi Waluyo, S.Ked",individual,2024-05-05,16938457829,True,self_funded
CV Hasanah,corporation,Partai Rakyat Sejahtera,political-party,2024-09-14,34082496,True,smurfing
Perum Hardiansyah Natsir Tbk,corporation,Partai Demokrat,political-party,2024-01-24,523000477,False,
UD Mardhiyah,corporation,Zizi Iswahyudi,individual,2025-05-25,16795599872,True,self_funded
Yessi Irawan,individual,Partai Solidaritas Indonesia,political-party,2025-10-30,31881644,False,
CV Widodo Puspita Tbk,corporation,"H. Jinawi Rahmawati, S.H.",individual,2025-07-23,8113297038,False,
Perum Wijayanti Anggriawan,corporation,Partai Nasional Demokrat,political-party,2024-02-22,348559743,False,
PT Hassanah Simbolon Tbk,organization,Partai Keadilan Indonesia,political-party,2025-05-08,1456029987,True,proxy
Cager Yuliarti,individual,Partai Solidaritas Indonesia,political-party,2025-05-11,126609085,False,
Padmi Wahyuni,individual,Partai Rakyat Sejahtera,political-party,2025-05-18,67063358,True,smurfing
PT Farida Hidayat (Persero) Tbk,organization,Drs. Irma Puspita,individual,2024-05-05,1326846113,True,proxy
PD Halim Megantara Tbk,corporation,Partai Keadilan Indonesia,political-party,2024-03-13,38852442,True,smurfing
CV Yolanda Hutasoit,organization,Partai Solidaritas Indonesia,political-party,2024-06-08,539492868,False,
Artawan Aryani,individual,R. Umay Saptono,individual,2024-06-19,693781308,False,
Perum Uwais (Persero) Tbk,organization,Partai Demokrat,political-party,2024-02-22,94625772,True,smurfing
Perum Fujiati,corporation,"Diah Pratama, S.Pd",individual,2025-05-26,22394609989,True,self_funded
Tania Siregar,individual,Dasa Sitorus,individual,2024-01-21,1562837327,False,
PT Habibi,corporation,Partai Persatuan,political-party,2024-05-18,56429016,True,smurfing
Perum Laksita Setiawan (Persero) Tbk,organization,Viktor Mandala,individual,2025-10-15,1080881592,True,proxy
PD Tampubolon Haryanti Tbk,organization,Jaka Sihombing,individual,2025-06-09,11948898,True,smurfing
PT Pratama Mahendra,organization,Vivi Novitasari,individual,2024-05-15,6024764624,False,
PT Dongoran Tbk,organization,Vivi Maulana,individual,2024-12-21,93085569,True,smurfing
UD Dabukke,corporation,Wani Rahayu,individual,2024-11-29,11800069866,True,self_funded
Kamal Firgantoro,individual,Partai Amanat Rakyat,political-party,2025-06-30,77289598,False,
Perum Winarsih,corporation,Ikhsan Zulaika,individual,2025-09-30,15006804930,False,
Perum Pudjiastuti Prasetyo (Persero) Tbk,corporation,"Ina Sitompul, M.M.",individual,2024-11-15,21149281157,False,
Kamal Widiastuti,individual,Humaira Mustofa,individual,2025-11-07,560397355,False,
PT Pertiwi Uwais,organization,Simon Sihotang,individual,2024-10-22,6620916,True,smurfing
Niyaga Anggriawan,individual,Yani Jailani,individual,2025-03-16,2209973098,False,
"Hj. Puspa Hidayat, S.H.",individual,Partai Keadilan Indonesia,political-party,2024-09-19,48967808,False,
PT Widodo Sitompul (Persero) Tbk,corporation,Partai Solidaritas Indonesia,political-party,2024-02-08,61233556,True,smurfing
Perum Sihombing Tbk,corporation,"Hamima Haryanti, S.Ked",individual,2025-11-08,23792662805,True,self_funded
Dr. Zalindra Januar,individual,Partai Harapan Bangsa,political-party,2025-07-27,39159188,False,
Sadina Marbun,individual,Ratih Wulandari,individual,2025-03-28,420601494,False,
PT Novitasari Thamrin Tbk,organization,Sutan Jatmiko Safitri,individual,2024-05-11,6376749281,False,
PD Puspasari Sudiati,corporation,Darmana Saefullah,individual,2025-12-04,16496889311,True,self_funded
PD Marpaung Prasasta,corporation,Winda Manullang,individual,2025-05-16,1786062877,True,proxy
Perum Prasasta Suartini,corporation,Tgk. Fathonah Hidayanto,individual,2024-01-23,18813501684,False,
Asman Rahmawati,individual,"R. Ida Adriansyah, M.Kom.",individual,2024-08-28,101805537,False,
"Tgk. Juli Puspasari, S.Pd",individual,Partai Keadilan Indonesia,political-party,2024-01-27,17864175,False,
Dipa Rahayu,individual,Ina Handayani,individual,2025-03-16,717006254,True,self_funded
Perum Safitri (Persero) Tbk,organization,Puti Vanesa Pranowo,individual,2025-04-30,37626569538,True,over_limit
"Puti Saputra, S.Gz",individual,Samiah Haryanto,individual,2024-06-07,1539983778,False,
PD Safitri Hakim,organization,Hartaka Nashiruddin,individual,2025-09-30,1393468097,True,proxy
UD Maryadi Kuswoyo,organization,Partai Indonesia Maju,political-party,2024-10-06,189558099,False,
CV Dongoran Tamba,corporation,Malik Kuswandari,individual,2024-04-14,39517374,True,smurfing
PT Budiman Megantara Tbk,corporation,KH. Purwa Irawan,individual,2025-01-22,583044325,True,proxy
"Karya Yulianti, S.I.Kom",individual,Kairav Wibowo,individual,2024-06-22,1701311855,True,self_funded
PT Wibisono (Persero) Tbk,corporation,Tami Hutagalung,individual,2025-07-22,23621920367,True,self_funded
CV Sudiati Waskita,organization,Partai Nasional Demokrat,political-party,2024-05-01,457401295,True,proxy
"dr. Kamila Napitupulu, S.E.",individual,Partai Harapan Bangsa,political-party,2024-11-25,171456312,False,
Dodo Sihombing,individual,Ciaobella Manullang,individual,2024-01-29,598164921,False,
UD Wulandari,corporation,Gatra Napitupulu,individual,2024-03-01,18029198139,False,
CV Hutapea Handayani,corporation,"R. Elvin Wibisono, S.Pt",individual,2025-10-01,16340995692,True,self_funded
Sakura Najmudin,individual,Partai Solidaritas Indonesia,political-party,2025-06-26,49756508,True,smurfing
Zulaikha Mardhiyah,individual,"Tgk. Patricia Maryati, S.Sos",individual,2024-02-16,2426122612,True,self_funded
Pemerintah Kota Surabaya,organization,Maimunah Usamah,individual,2024-08-23,8491569845,True,illegal_source
Ibun Waskita,individual,Partai Nasional Demokrat,political-party,2024-05-19,139313767,False,
PD Manullang Saputra,organization,Karman Waluyo,individual,2024-04-07,1208210724,True,proxy
Maryanto Adriansyah,individual,Partai Indonesia Maju,political-party,2024-12-18,3725321,False,
"Hamima Mayasari, S.E.I",individual,Jayeng Prayoga,individual,2025-05-02,2493259042,True,self_funded
Perum Puspasari Tbk,corporation,"Warta Setiawan, S.Ked",individual,2025-05-27,17999511907,True,self_funded
PT Uyainah Tbk,organization,Partai Rakyat Sejahtera,political-party,2024-10-12,98168702,True,smurfing
PD Dabukke Yuniar Tbk,corporation,Partai Amanat Rakyat,political-party,2024-05-15,189602894,True,proxy
Elma Hassanah,individual,Olivia Nashiruddin,individual,2025-12-30,1938481751,False,
CV Rajasa Latupono,corporation,Galiono Adriansyah,individual,2025-07-10,6375564573,False,
Carla Sihotang,individual,Among Farida,individual,2024-01-09,1885362399,False,
UD Puspita Saptono (Persero) Tbk,organization,Lanang Rajasa,individual,2024-01-05,70453419,True,smurfing
Pranata Winarno,individual,Rosman Hastuti,individual,2024-07-28,1916163381,False,
Kariman Sihotang,individual,Partai Kebangkitan Rakyat,political-party,2025-11-16,107716433,False,
"dr. Bakiadi Wijayanti, M.Farm",individual,Cut Novi Saptono,individual,2024-11-02,2103085368,False,
PD Sirait,organization,"Tgk. Cici Maryati, S.E.",individual,2025-01-22,4596144342,False,
Syahrini Suwarno,individual,Prakosa Hutapea,individual,2025-05-05,513723494,False,
"Sakura Megantara, M.TI.",individual,Gambira Adriansyah,individual,2024-06-04,1117266053,True,self_funded
CV Anggriawan Simbolon,organization,"R. Vivi Saputra, M.TI.",individual,2025-09-23,922914016,True,proxy
PT Sihombing,corporation,Halim Prasasta,individual,2024-08-25,37962234280,True,over_limit
PD Waskita,corporation,Partai Solidaritas Indonesia,political-party,2025-11-16,56262151,False,
PD Puspita Puspasari (Persero) Tbk,corporation,Fitria Maryati,individual,2025-03-27,229009349,True,proxy
UD Napitupulu (Persero) Tbk,organization,Nyoman Mardhiyah,individual,2024-03-12,8807446088,False,
CV Januar (Persero) Tbk,organization,"Sutan Dodo Siregar, S.I.Kom",individual,2024-02-10,985541731,True,proxy
Citra Usamah,individual,"Lutfan Najmudin, M.TI.",individual,2024-01-24,2217289674,False,
"Upik Wahyudin, S.Psi",individual,Partai Nasional Demokrat,political-party,2025-09-21,157089184,False,
UD Jailani (Persero) Tbk,organization,Cengkir Astuti,individual,2024-12-14,46605746,True,smurfing
"Rina Farida, S.E.I",individual,Partai Harapan Bangsa,political-party,2024-09-30,90990830,False,
PT Aryani Situmorang Tbk,corporation,Kamaria Hakim,individual,2025-05-28,59391776,True,smurfing
Shakila Hassanah,individual,Raharja Laksita,individual,2024-12-09,1455719157,True,self_funded
PD Wasita Maheswara Tbk,organization,Partai Demokrat,political-party,2025-12-29,990998631,True,proxy
UD Saefullah,corporation,Tgk. Banara Siregar,individual,2024-12-28,1396517303,True,proxy
UD Pranowo,corporation,Drs. Vicky Nasyiah,individual,2024-10-10,16416263308,False,
PT Pertiwi Mandala,corporation,Qori Widodo,individual,2024-12-20,1261355288,True,proxy
Dr. Rama Rahmawati,individual,Partai Nasional Demokrat,political-party,2025-12-21,158632342,False,
CV Setiawan Maulana Tbk,organization,Partai Amanat Rakyat,political-party,2025-01-04,99568623,True,smurfing
Perum Lazuardi Budiman,corporation,Partai Keadilan Indonesia,political-party,2025-07-12,38745911,True,smurfing
Edward Situmorang,individual,Zalindra Mandasari,individual,2024-03-01,1491407333,False,
CV Salahudin Najmudin,corporation,Teguh Narpati,individual,2024-08-10,15788083613,True,self_funded
Martani Pratama,individual,Partai Kebangkitan Rakyat,political-party,2025-11-02,23960628,False,
"Ihsan Fujiati, S.E.",individual,Upik Nababan,individual,2025-09-26,59740527,True,self_funded
Pemerintah Kota Surabaya,organization,"Dt. Sakti Yolanda, S.Psi",individual,2024-07-31,17035586969,True,illegal_source
Perum Manullang Tbk,corporation,Partai Kebangkitan Rakyat,political-party,2024-12-25,651884601,False,
Jessica Saptono,individual,Partai Indonesia Maju,political-party,2025-11-21,29093777,False,
"Digdaya Usamah, S.Sos",individual,Partai Harapan Bangsa,political-party,2024-04-14,124778675,False,
KH. Wawan Prasetyo,individual,"R. Nasrullah Rahmawati, S.Pt",individual,2025-06-15,1374732905,False,
CV Hidayanto (Persero) Tbk,corporation,Gantar Zulaika,individual,2025-03-02,7342038084,True,self_funded
Bakidin Kusmawati,individual,"R.M. Harsanto Prasetyo, S.H.",individual,2025-11-03,1985775809,False,
UD Gunawan,corporation,Partai Demokrat,political-party,2024-02-20,17558642,False,
Ir. Genta Widodo,individual,Partai Nasional Demokrat,political-party,2024-08-17,145265662,False,
"Galih Kuswandari, S.E.I",individual,dr. Latif Permadi,individual,2025-04-22,1421557754,False,
Ana Rahmawati,individual,"Unjani Puspita, M.Kom.",individual,2024-04-27,1497280338,True,self_funded
Siti Samosir,individual,Alika Halim,individual,2024-05-01,1788850137,False,
"Ella Megantara, S.H.",individual,Tgk. Agnes Lestari,individual,2025-10-11,1140545030,False,
UD Simbolon Yolanda,corporation,"Ir. Wirda Hasanah, S.H.",individual,2025-10-16,9049953966,False,
UD Siregar Nugroho,corporation,"drg. Gabriella Wacana, S.E.",individual,2025-09-13,18312207157,False,
CV Simanjuntak,organization,Partai Demokrat,political-party,2025-04-04,19284808,True,proxy
"Lasmono Utami, S.H.",individual,"Cut Eva Nainggolan, S.Farm",individual,2024-07-22,107038274,False,
UD Anggriawan Mandasari,organization,Partai Indonesia Maju,political-party,2025-09-21,11426826,True,smurfing
"Baktianto Siregar, M.M.",individual,Partai Rakyat Sejahtera,political-party,2025-11-02,27790333,False,
"drg. Natalia Sirait, S.Pd",individual,Maida Andriani,individual,2025-09-27,900035717,False,
Pemkab Toba,organization,Edi Hutasoit,individual,2025-08-15,24662215275,True,illegal_source
"Cahyanto Suartini, M.Kom.",individual,Tiara Setiawan,individual,2024-08-17,1055135150,False,
Wahyu Nasyiah,individual,Partai Keadilan Indonesia,political-party,2024-05-16,83853392,True,smurfing
PT Najmudin Wacana Tbk,corporation,Danu Waskita,individual,2025-11-06,19263532870,False,
PT Jailani,corporation,Partai Indonesia Maju,political-party,2025-06-06,280703562,False,
Umaya Handayani,individual,Bakijan Situmorang,individual,2025-10-15,516154284,True,self_funded
Kementerian Keuangan,organization,"T. Prayogo Wibowo, M.TI.",individual,2025-02-13,13156530434,True,illegal_source
Hana Hastuti,individual,Partai Rakyat Sejahtera,political-party,2024-08-04,177820824,False,
PD Laksita,corporation,Partai Persatuan,political-party,2024-12-02,284060381,True,proxy
R. Edward Hastuti,individual,Partai Persatuan,political-party,2025-12-29,153469358,False,
"Ir. Sarah Suartini, S.Gz",individual,Bakidin Saefullah,individual,2024-01-26,377557459,True,self_funded
Perum Susanti Tbk,corporation,Partai Solidaritas Indonesia,political-party,2024-03-18,1471826493,True,proxy
Perum Rahayu Nashiruddin (Persero) Tbk,organization,"Dadap Simanjuntak, S.H.",individual,2024-08-30,13124723435,False,
Ami Irawan,individual,"Samiah Widiastuti, S.Pd",individual,2025-03-16,1640958802,False,
"Cut Padma Handayani, M.Kom.",individual,Dr. Suci Mandala,individual,2024-07-21,796676721,True,self_funded
UD Halim,corporation,"Gilda Puspasari, S.Pd",individual,2025-12-22,8561450602,True,self_funded
PD Mansur Firmansyah Tbk,corporation,"Cut Maida Nurdiyanti, S.T.",individual,2025-07-09,22459825009,False,
CV Siregar,corporation,Tina Namaga,individual,2025-05-31,13648376583,True,self_funded
Tina Hutagalung,individual,Septi Megantara,individual,2024-04-07,1759095027,False,
Perum Dongoran Mardhiyah,corporation,Partai Harapan Bangsa,political-party,2025-05-28,510513019,False,
Kani Dabukke,individual,Elisa Irawan,individual,2024-02-20,1857598480,False,
CV Simbolon Irawan Tbk,organization,Gina Widodo,individual,2024-09-20,91850977,True,smurfing
Perum Sihombing Suryatmi (Persero) Tbk,organization,Partai Indonesia Maju,political-party,2025-06-02,923641125,True,over_limit
CV Susanti Rajata,corporation,Partai Indonesia Maju,political-party,2025-12-10,28333834,True,smurfing
CV Dongoran Tbk,corporation,Partai Indonesia Maju,political-party,2024-03-07,230725921,False,
PD Wahyuni Habibi,corporation,Partai Harapan Bangsa,political-party,2024-11-19,55825145,False,
UD Pradipta Siregar,corporation,Partai Keadilan Indonesia,political-party,2025-06-02,782350529,True,proxy
UD Usamah (Persero) Tbk,corporation,Partai Rakyat Sejahtera,political-party,2024-12-15,165658853,True,proxy
Perum Pratama Suryono,corporation,"Shania Nainggolan, S.Farm",individual,2024-05-20,16656995,True,smurfing
UD Lestari Tbk,organization,Puji Widodo,individual,2024-04-02,19304456768,False,
PD Saputra Tbk,corporation,Partai Nasional Demokrat,political-party,2024-12-06,1479681641,True,over_limit
Pemkot Bogor,organization,Malik Halim,individual,2024-05-02,2246217213,True,illegal_source
Nasrullah Saputra,individual,Maya Permata,individual,2025-10-10,1276719896,False,
PD Riyanti Hakim Tbk,corporation,Partai Rakyat Sejahtera,political-party,2024-05-21,568070347,False,
Dwi Tampubolon,individual,Gaduh Hartati,individual,2025-01-27,1794735947,False,
CV Putra Saragih,organization,Yuliana Widiastuti,individual,2025-01-03,41628061,True,smurfing
PD Utami Marpaung,organization,Partai Nasional Demokrat,political-party,2025-08-17,230105397,False,
"Ir. Natalia Situmorang, M.M.",individual,Dariati Astuti,individual,2025-03-07,606049379,False,
"R. Widya Nasyidah, M.Farm",individual,"Eko Ardianto, S.Pd",individual,2024-06-16,917790981,False,
Eka Siregar,individual,Partai Keadilan Indonesia,political-party,2025-10-04,145310433,False,
Atma Andriani,individual,Gandewa Purwanti,individual,2024-09-29,1123729074,True,self_funded
Perum Habibi Tbk,corporation,"Oni Novitasari, S.E.",individual,2025-01-30,51884134,True,proxy
Taufik Yulianti,individual,Partai Amanat Rakyat,political-party,2025-06-05,153539856,False,
CV Susanti Tbk,corporation,Edward Santoso,individual,2025-10-12,3309370978,True,self_funded
Lutfan Sihombing,individual,Partai Rakyat Sejahtera,political-party,2024-09-27,72779963,True,smurfing
Kasiyah Mandasari,individual,Syahrini Puspasari,individual,2024-02-10,1262058917,False,
"drg. Bala Kusumo, S.I.Kom",individual,Pia Hasanah,individual,2024-05-30,269216340,False,
Perum Riyanti Sihombing (Persero) Tbk,corporation,"Mahfud Wibisono, M.Ak",individual,2025-08-20,7909042068,False,
Baktianto Hariyah,individual,Partai Demokrat,political-party,2024-07-18,26222231,False,
Zelda Susanti,individual,Eva Wasita,individual,2025-04-01,995530109,True,self_funded
Perum Wulandari Santoso,corporation,Janet Mardhiyah,individual,2025-12-22,16804093754,False,
"Drs. Jamal Mayasari, S.IP",individual,Karen Rajata,individual,2024-04-30,443911440,True,self_funded
Vanesa Ardianto,individual,Partai Harapan Bangsa,political-party,2025-12-28,81890006,False,
PD Purnawati Iswahyudi Tbk,corporation,Hesti Mayasari,individual,2025-12-18,8254213328,True,self_funded
PT Setiawan Tbk,corporation,Partai Demokrat,political-party,2025-05-22,1570719775,True,proxy
Fitria Putra,individual,Partai Demokrat,political-party,2025-03-12,78349689,True,smurfing
Rika Samosir,individual,Partai Nasional Demokrat,political-party,2025-03-11,69222803,False,
CV Latupono Tbk,organization,Dewi Mardhiyah,individual,2025-08-17,275101117,True,proxy
Perum Laksmiwati Tbk,organization,Tgk. Azalea Gunawan,individual,2025-03-23,8505597043,False,
CV Prasetya Samosir,corporation,Zamira Kuswoyo,individual,2024-02-24,22235035117,True,self_funded
Soleh Padmasari,individual,Ami Latupono,individual,2024-10-15,1693914662,False,
"drg. Gantar Sirait, S.T.",individual,Partai Nasional Demokrat,political-party,2024-12-12,131763549,False,
CV Saragih,corporation,Partai Demokrat,political-party,2024-09-13,1352081868,True,proxy
PT Lestari Fujiati Tbk,corporation,Partai Kebangkitan Rakyat,political-party,2025-12-07,1277429433,True,proxy
Tirtayasa Dabukke,individual,Partai Solidaritas Indonesia,political-party,2025-10-05,79011496,False,
CV Kusumo (Persero) Tbk,corporation,Partai Harapan Bangsa,political-party,2025-09-29,197007563,False,
Elvin Uyainah,individual,Partai Solidaritas Indonesia,political-party,2024-01-16,157215736,False,
Perum Susanti Hutapea,corporation,"Kasim Nasyiah, S.E.",individual,2025-01-16,14047385621,True,self_funded
dr. Yusuf Hariyah,individual,Raditya Waskita,individual,2025-05-04,89932171,True,smurfing
Harsaya Lestari,individual,Raditya Mansur,individual,2025-06-19,993665305,False,
Perum Susanti,organization,Partai Keadilan Indonesia,political-party,2024-04-22,1707536985,True,proxy
Pemkab Toba,organization,Radika Fujiati,individual,2024-03-12,4282908998,True,illegal_source
UD Prasetyo Yuniar,corporation,Partai Persatuan,political-party,2025-09-18,92181105,False,
R.A. Kamaria Salahudin,individual,Salwa Pertiwi,individual,2025-06-06,55619424,True,smurfing
PD Rahayu Wibisono (Persero) Tbk,corporation,Partai Keadilan Indonesia,political-party,2025-07-17,174596708,False,
PD Riyanti Tbk,organization,Tira Maryadi,individual,2025-05-18,11485316334,False,
"Ir. Umaya Natsir, M.Ak",individual,Partai Nasional Demokrat,political-party,2024-07-31,18250058,False,
UD Puspita,corporation,Warsita Hutagalung,individual,2025-03-16,18118525376,False,
CV Novitasari Firmansyah (Persero) Tbk,corporation,Eva Laksita,individual,2024-05-01,20908443871,False,
Perum Hartati Kusumo,corporation,"Drs. Cahya Wijayanti, S.E.",individual,2025-02-05,1993075624,False,
PD Prasetya,organization,Partai Kebangkitan Rakyat,political-party,2024-06-04,921158996,True,over_limit
"Samiah Siregar, S.Sos",individual,Partai Keadilan Indonesia,political-party,2025-10-30,144340404,False,
Titi Nurdiyanti,individual,drg. Kunthara Simanjuntak,individual,2024-01-31,58165193,False,
PD Sihotang,organization,Warji Sihombing,individual,2024-05-05,269096669,True,proxy
UD Mayasari Laksmiwati,corporation,T. Wawan Yuliarti,individual,2024-08-20,300282690,True,proxy
Lurhur Wijaya,individual,Partai Nasional Demokrat,political-party,2024-05-18,37949006,True,smurfing
CV Halimah (Persero) Tbk,organization,Partai Nasional Demokrat,political-party,2025-02-15,56757246,False,
Legawa Yuniar,individual,Emas Riyanti,individual,2025-01-01,399853272,False,
PT Hidayanto,corporation,Tgk. Vicky Hassanah,individual,2024-01-15,95853096,True,smurfing
Zamira Simbolon,individual,Cut Uli Halimah,individual,2024-06-11,1045765919,False,
CV Nugroho (Persero) Tbk,corporation,"Dadap Prayoga, S.E.I",individual,2024-08-12,8535331902,False,
CV Utama Kusumo,organization,Partai Nasional Demokrat,political-party,2025-09-02,554557105,True,proxy
UD Hastuti Hartati (Persero) Tbk,corporation,"Gamblang Hidayanto, S.E.",individual,2025-05-18,1627607195,True,proxy
PD Mustofa Uwais,organization,Partai Rakyat Sejahtera,political-party,2025-07-14,1450177856,True,proxy
PT Gunarto Mansur Tbk,organization,Partai Keadilan Indonesia,political-party,2025-01-02,761344957,True,proxy
"Margana Rahimah, S.I.Kom",individual,Cemeti Marpaung,individual,2024-06-25,2385769641,True,self_funded
PT Budiman Tbk,corporation,Jaiman Natsir,individual,2024-06-04,15171018161,True,self_funded
"Almira Saptono, S.Ked",individual,R.A. Gina Wijaya,individual,2025-07-15,2182523823,False,
CV Iswahyudi (Persero) Tbk,organization,Partai Rakyat Sejahtera,political-party,2025-01-18,1862028549,True,proxy
Perum Melani Wasita,corporation,Partai Solidaritas Indonesia,political-party,2024-04-22,1851746272,True,proxy
UD Situmorang,corporation,Partai Kebangkitan Rakyat,political-party,2024-04-24,77081992,True,smurfing
Kezia Ramadan,individual,Partai Kebangkitan Rakyat,political-party,2024-08-06,172352822,False,
Ellis Sihombing,individual,Partai Amanat Rakyat,political-party,2025-10-09,100424714,False,
Bagya Safitri,individual,Partai Rakyat Sejahtera,political-party,2025-04-08,4882704,False,
PD Uwais Natsir,organization,Partai Solidaritas Indonesia,political-party,2024-07-21,11635667,True,smurfing
UD Winarno Yolanda Tbk,corporation,Partai Persatuan,political-party,2025-03-20,69870601,True,smurfing
Victoria Waskita,individual,Septi Yolanda,individual,2024-04-29,47086976,True,smurfing
Almira Haryanto,individual,"Cut Rahmi Nainggolan, S.E.I",individual,2024-04-04,933791059,False,
PT Kuswoyo Wijayanti,corporation,"Raisa Gunawan, S.Pt",individual,2024-03-29,13435677971,True,self_funded
UD Thamrin Safitri (Persero) Tbk,corporation,drg. Yunita Zulkarnain,individual,2025-03-30,2176308737,False,
"Hasna Mayasari, S.Kom",individual,"T. Kanda Pradana, S.I.Kom",individual,2025-05-23,1207513116,True,self_funded
Paramita Permadi,individual,Eka Andriani,individual,2025-02-15,812039247,True,self_funded
Ir. Prakosa Sirait,individual,Partai Demokrat,political-party,2025-07-05,10774774,False,
CV Mardhiyah Aryani Tbk,corporation,Partai Indonesia Maju,political-party,2024-03-22,486017131,False,
CV Suwarno (Persero) Tbk,organization,Gangsar Wulandari,individual,2025-01-09,2393917013,False,
R.A. Jessica Suryono,individual,Wulan Zulaika,individual,2025-11-28,1770885826,True,self_funded
PT Purnawati Nasyiah Tbk,corporation,Sabrina Sihombing,individual,2024-11-07,17997123,True,smurfing
CV Lazuardi Hartati,corporation,Putri Mulyani,individual,2025-07-26,1009586292,True,proxy
PD Nuraini,corporation,"dr. Eli Megantara, S.IP",individual,2024-03-02,713393763,True,self_funded
PD Yuliarti Tbk,corporation,"Cinta Sihombing, S.H.",individual,2024-12-19,15847151829,True,self_funded
PT Salahudin Tbk,corporation,Partai Harapan Bangsa,political-party,2025-02-27,855524597,True,proxy
"Tgk. Rina Wijayanti, S.Kom",individual,Ridwan Agustina,individual,2025-08-25,1737648544,True,self_funded
PT Januar Prasetyo Tbk,corporation,Partai Demokrat,political-party,2024-09-02,314012631,False,
CV Wijaya Palastri,corporation,Partai Keadilan Indonesia,political-party,2024-08-17,57126281,True,smurfing
"KH. Mahmud Anggriawan, M.Kom.",individual,Marsudi Natsir,individual,2025-04-11,91586317,True,smurfing
PT Namaga Tbk,corporation,Mahfud Kuswoyo,individual,2024-10-25,21678970468,False,
"Asirwanda Wijayanti, S.Gz",individual,Alika Prayoga,individual,2025-12-20,43417896,False,
"Drs. Paris Mandasari, S.Ked",individual,Cindy Sitorus,individual,2025-09-02,1035566805,False,
Perum Wulandari (Persero) Tbk,organization,Partai Kebangkitan Rakyat,political-party,2025-08-21,518095171,False,
Perum Haryanti Tbk,corporation,dr. Gabriella Haryanto,individual,2024-04-14,22680533558,True,self_funded
Perum Anggriawan Tbk,corporation,Partai Indonesia Maju,political-party,2025-10-30,796671643,True,proxy
Kariman Yuniar,individual,Partai Keadilan Indonesia,political-party,2024-09-18,36066013,False,
Lasmanto Hutagalung,individual,"Wisnu Haryanti, S.E.",individual,2024-10-25,1665597552,False,
Perum Nugroho (Persero) Tbk,corporation,Karen Mahendra,individual,2024-08-10,20766045836,False,
Perum Pertiwi Pradipta Tbk,corporation,"Ir. Genta Hartati, S.T.",individual,2024-08-21,1572072268,True,proxy
"Kamidin Mulyani, S.Gz",individual,H. Jumadi Riyanti,individual,2025-06-17,2378321551,True,self_funded
Irma Tampubolon,individual,"Calista Farida, S.H.",individual,2024-10-21,281671720,False,
PD Budiman Winarno,corporation,Partai Keadilan Indonesia,political-party,2024-12-07,190510097,False,
Kawaya Puspita,individual,Partai Demokrat,political-party,2025-11-29,107163376,False,
PT Yolanda Farida (Persero) Tbk,corporation,Partai Keadilan Indonesia,political-party,2024-10-04,1178760952,True,proxy
UD Wahyudin Santoso,organization,Partai Demokrat,political-party,2024-07-14,1685960529,True,proxy
Balamantri Andriani,individual,Partai Nasional Demokrat,political-party,2024-08-09,107268330,False,
Perum Rajasa Mangunsong,corporation,Partai Persatuan,political-party,2025-01-19,577234477,False,
UD Saptono Rahayu,organization,Mala Dabukke,individual,2025-01-17,1287040835,False,
Perum Salahudin (Persero) Tbk,corporation,Partai Keadilan Indonesia,political-party,2025-10-14,76050617,True,smurfing
PD Gunawan Tbk,organization,Partai Kebangkitan Rakyat,political-party,2025-11-29,55211835,True,proxy
Winda Safitri,individual,Partai Keadilan Indonesia,political-party,2025-08-07,158121735,False,
Puti Lili Wahyuni,individual,Ir. Putri Sihotang,individual,2025-12-27,2909429037,True,over_limit
Perum Dabukke (Persero) Tbk,organization,dr. Tugiman Rajata,individual,2024-08-24,1543294346,True,proxy
PD Widiastuti Pradipta Tbk,corporation,Partai Rakyat Sejahtera,political-party,2024-12-17,216153365,False,
Perum Najmudin Budiyanto (Persero) Tbk,corporation,Dr. Gabriella Wijayanti,individual,2025-10-01,86429584,True,smurfing
Juli Firmansyah,individual,"Julia Susanti, M.Farm",individual,2025-02-23,2366499817,True,self_funded
PD Rajata Kusumo,corporation,Sadina Melani,individual,2024-12-19,5259638242,False,
UD Padmasari,organization,Partai Persatuan,political-party,2025-01-28,1220972760,True,proxy
CV Puspasari Pradana (Persero) Tbk,corporation,Indah Mulyani,individual,2025-04-15,16770158047,False,
Hani Kuswandari,individual,Saadat Ramadan,individual,2024-10-28,1740071031,True,self_funded
Laras Hutasoit,individual,Partai Indonesia Maju,political-party,2025-06-04,16821138,False,
UD Winarsih,corporation,Partai Indonesia Maju,political-party,2024-03-16,535373141,False,
Caket Thamrin,individual,Partai Kebangkitan Rakyat,political-party,2025-02-03,67152367,False,
"Tgk. Endah Permadi, M.Pd",individual,Partai Amanat Rakyat,political-party,2024-11-25,153246368,False,
PD Pranowo,corporation,R. Anita Firmansyah,individual,2024-04-14,2140161046,False,
"Drs. Darman Uyainah, M.Farm",individual,Waluyo Mandasari,individual,2024-04-19,45657248,True,smurfing
PT Setiawan Hasanah (Persero) Tbk,corporation,R.M. Warta Halimah,individual,2024-04-23,348034332,True,proxy
UD Pangestu,corporation,Partai Amanat Rakyat,political-party,2025-02-02,223560544,False,
Ana Agustina,individual,Partai Harapan Bangsa,political-party,2024-10-24,39723408,False,
Jasmin Hasanah,individual,Partai Persatuan,political-party,2024-10-20,91736876,False,
Perum Rajasa,corporation,"Drs. Farhunnisa Laksita, M.M.",individual,2024-08-11,9770014918,True,self_funded
UD Wacana Gunawan,corporation,Partai Harapan Bangsa,political-party,2024-05-01,273036301,True,proxy
Perum Waluyo Pratama,organization,Fathonah Nainggolan,individual,2025-06-11,991047214,True,proxy
"Tgk. Patricia Ramadan, M.Kom.",individual,Fitriani Susanti,individual,2024-05-10,838702708,False,
UD Januar,organization,Olga Prastuti,individual,2025-01-13,91717019,True,smurfing
"Drs. Fitria Mandala, S.Sos",individual,"Asmadi Maryati, S.Ked",individual,2025-04-24,281227207,False,
PD Puspita Budiman Tbk,organization,Partai Persatuan,political-party,2024-09-21,502355456,True,proxy
R. Jaeman Hakim,individual,Padma Anggriawan,individual,2024-05-13,77768387,True,smurfing
Perum Pranowo Jailani (Persero) Tbk,corporation,Ir. Shania Laksita,individual,2025-08-04,3893373837,True,self_funded
Gaiman Samosir,individual,Partai Harapan Bangsa,political-party,2024-04-10,146320384,False,
"Ir. Taufan Mayasari, S.Gz",individual,Partai Keadilan Indonesia,political-party,2024-08-01,109604862,False,
Rahmi Sihombing,individual,Partai Kebangkitan Rakyat,political-party,2025-05-07,31629994,False,
"Yuni Maulana, S.H.",individual,Malika Hartati,individual,2024-04-12,231217623,True,self_funded
UD Prabowo Tbk,corporation,Harto Waluyo,individual,2024-03-04,19670366655,True,self_funded
"Yani Jailani, S.IP",individual,Kartika Salahudin,individual,2024-04-16,79770575,True,smurfing
PT Thamrin Padmasari,organization,Karna Permadi,individual,2025-10-07,1273197598,True,proxy
PT Pertiwi,corporation,"R.A. Paramita Rahayu, M.Farm",individual,2025-11-19,2511792517,True,self_funded
PT Prasetya Tbk,organization,Partai Nasional Demokrat,political-party,2024-06-29,44177242,True,smurfing
UD Tarihoran Astuti,corporation,Empluk Santoso,individual,2024-03-19,20631544364,False,
CV Simanjuntak Hidayanto,corporation,Partai Rakyat Sejahtera,political-party,2025-07-08,153376892,True,proxy
Labuh Yolanda,individual,Drs. Elisa Suryono,individual,2024-05-03,1161404597,True,self_funded
Nyoman Sihombing,individual,Partai Kebangkitan Rakyat,political-party,2024-09-20,101049646,False,
"KH. Eman Sitorus, M.TI.",individual,Safina Wibisono,individual,2024-10-26,2080451642,False,
Yoga Prabowo,individual,Partai Rakyat Sejahtera,political-party,2025-12-15,4250668,False,
CV Marpaung (Persero) Tbk,corporation,Dr. Juli Mulyani,individual,2025-04-01,8840945347,True,self_funded
Perum Anggriawan (Persero) Tbk,organization,"Ir. Gina Napitupulu, S.I.Kom",individual,2025-02-27,352713602,False,
Perum Wahyuni,organization,"Ir. Cici Wibowo, S.T.",individual,2025-11-06,26800915,True,smurfing
UD Tampubolon,corporation,KH. Makuta Prabowo,individual,2024-01-09,46972726,True,smurfing
"Tgk. Eva Winarsih, S.Ked",individual,Mustofa Setiawan,individual,2024-07-09,1767554001,True,self_funded
Dt. Gandi Dabukke,individual,"drg. Galih Gunawan, M.Kom.",individual,2025-07-10,1178034164,False,
Perum Sitorus Thamrin (Persero) Tbk,corporation,Lala Manullang,individual,2024-06-08,17239563656,True,self_funded
PD Gunawan,corporation,Partai Keadilan Indonesia,political-party,2024-01-30,505176821,False,
Dagel Palastri,individual,Partai Amanat Rakyat,political-party,2025-05-21,80274559,False,
UD Maulana Utama Tbk,corporation,Dr. Patricia Habibi,individual,2024-10-18,13058942607,False,
KH. Cemani Pratiwi,individual,"Panca Pradipta, M.TI.",individual,2024-09-07,1791468774,False,
PD Maulana,corporation,Partai Demokrat,political-party,2025-03-28,207410855,False,
"Puti Cornelia Hidayat, S.T.",individual,Nyoman Saptono,individual,2024-03-31,2207426036,False,
Cindy Iswahyudi,individual,Partai Solidaritas Indonesia,political-party,2024-02-18,38387807,True,smurfing
Puti Juli Suryono,individual,Syahrini Palastri,individual,2025-02-11,28463319,True,smurfing
"Febi Farida, S.Pd",individual,Puput Pratiwi,individual,2025-12-03,2138861686,False,
Elisa Wijaya,individual,Partai Harapan Bangsa,political-party,2024-04-04,78447672,False,
Soleh Narpati,individual,"R.M. Dipa Saefullah, S.Pt",individual,2024-08-11,2183531038,True,self_funded
"Tgk. Humaira Suryatmi, M.Farm",individual,Partai Harapan Bangsa,political-party,2024-05-11,93392277,False,
CV Habibi (Persero) Tbk,corporation,"Samiah Anggraini, S.E.",individual,2025-10-26,16606437900,True,self_funded
PT Hassanah,corporation,Lutfan Nasyidah,individual,2025-06-11,6444943191,False,
Perum Puspita Pradipta,corporation,Tari Wijaya,individual,2025-09-10,16401162476,False,
CV Irawan,organization,Rini Pertiwi,individual,2025-02-25,305185037,True,proxy
CV Napitupulu,corporation,Partai Harapan Bangsa,political-party,2024-06-21,343252963,False,
Wirda Nainggolan,individual,R.A. Vanya Pradipta,individual,2024-01-13,2220460806,False,
Karma Sudiati,individual,"Dr. Ikhsan Budiman, S.Sos",individual,2024-02-21,1252781805,True,self_funded
Perum Aryani Mulyani Tbk,corporation,Dariati Hariyah,individual,2024-10-21,10953275928,True,self_funded
CV Adriansyah Uyainah Tbk,organization,Partai Solidaritas Indonesia,political-party,2024-01-13,35745780,True,smurfing
PD Nababan Pratiwi (Persero) Tbk,organization,"Akarsana Waluyo, S.Ked",individual,2024-08-01,11214768944,False,
PD Wastuti,organization,Partai Nasional Demokrat,political-party,2024-10-20,1308520212,True,proxy
Perum Adriansyah,organization,Partai Nasional Demokrat,political-party,2025-09-30,1791154158,True,proxy
Winda Putra,individual,Radit Prastuti,individual,2024-12-11,70225166,True,smurfing
CV Ramadan,corporation,Partai Amanat Rakyat,political-party,2024-12-24,1030138238,True,proxy
UD Wijayanti Rahimah,corporation,"Rahman Marpaung, S.Kom",individual,2025-07-09,804864582,True,proxy
"Nova Rajata, M.TI.",individual,Tgk. Ella Saefullah,individual,2024-08-26,18512562,False,
"Dadap Oktaviani, S.Kom",individual,Partai Amanat Rakyat,political-party,2025-12-26,85698806,True,smurfing
Dartono Damanik,individual,Dalimin Ramadan,individual,2024-11-13,2494015661,True,self_funded
PT Lestari Yuliarti Tbk,organization,"Uli Lailasari, S.H.",individual,2024-05-05,1190221340,True,proxy
Laila Hutagalung,individual,Karsa Rahimah,individual,2025-01-21,658912452,False,
PD Mardhiyah Oktaviani,corporation,Partai Amanat Rakyat,political-party,2024-08-04,248194814,False,
Perum Jailani,corporation,Hari Jailani,individual,2025-12-13,4313429601,False,
Jayadi Narpati,individual,"Kasusra Halimah, S.I.Kom",individual,2025-10-29,289555029,False,
Sutan Embuh Najmudin,individual,Ayu Wahyudin,individual,2024-05-30,2181965285,False,
Perum Sinaga Habibi,corporation,"Paulin Prayoga, M.Pd",individual,2024-11-01,20565026860,False,
UD Dabukke Lailasari Tbk,organization,Jinawi Prabowo,individual,2024-10-02,39974280747,True,over_limit
Bakiman Yulianti,individual,"Hj. Uli Hakim, S.Psi",individual,2025-08-21,621228567,False,
PD Santoso,corporation,"Jaswadi Megantara, M.Ak",individual,2024-11-16,22501421442,True,self_funded
Kambali Yuniar,individual,Almira Natsir,individual,2024-02-05,1187704594,True,self_funded
UD Prastuti,corporation,Baktiono Kurniawan,individual,2025-11-30,21399421928,False,
"Lala Farida, M.Kom.",individual,T. Kamidin Hidayat,individual,2025-10-16,1800233652,True,self_funded
UD Uyainah Tbk,corporation,"Tgk. Hana Yolanda, S.Pd",individual,2024-05-26,77355012,True,smurfing
Taswir Fujiati,individual,"drg. Laras Dongoran, M.Farm",individual,2025-01-22,385388649,False,
Perum Wahyuni Melani,organization,Partai Demokrat,political-party,2024-07-24,80088472,True,smurfing
"Kartika Suryatmi, M.Kom.",individual,Partai Persatuan,political-party,2024-08-31,49288778,False,
CV Putra Fujiati,organization,Partai Demokrat,political-party,2024-03-11,167985382,True,proxy
Perum Siregar Gunarto,corporation,Zamira Wastuti,individual,2025-02-24,13173952547,False,
Pemkot Bogor,organization,Heryanto Habibi,individual,2024-11-03,3860328061,True,illegal_source
CV Hakim Prayoga,organization,Partai Solidaritas Indonesia,political-party,2024-01-26,45525225,True,smurfing
"Sutan Estiono Permata, S.I.Kom",individual,Partai Persatuan,political-party,2024-05-06,44724650,False,
Putri Halim,individual,Partai Indonesia Maju,political-party,2025-09-09,98865622,False,
PD Mulyani Wacana (Persero) Tbk,corporation,Partai Amanat Rakyat,political-party,2024-07-13,1754743140,True,proxy
"Dr. Hendri Rahmawati, S.H.",individual,Partai Kebangkitan Rakyat,political-party,2025-03-05,93393100,True,smurfing
"R. Salimah Ardianto, S.Pd",individual,"Humaira Melani, S.T.",individual,2025-12-17,95522407,False,
PT Narpati Damanik Tbk,corporation,Partai Harapan Bangsa,political-party,2025-03-10,1369093410,True,proxy
PT Anggraini,organization,Cecep Maryati,individual,2024-12-26,38871703807,True,over_limit
Danang Napitupulu,individual,"dr. Balijan Budiman, M.Ak",individual,2024-07-20,1218868011,True,self_funded
Maria Firmansyah,individual,Zamira Sitompul,individual,2024-01-26,1407644625,True,self_funded
CV Nainggolan Adriansyah (Persero) Tbk,corporation,Partai Rakyat Sejahtera,political-party,2025-01-19,542505159,True,proxy
PT Megantara Waskita,organization,Partai Kebangkitan Rakyat,political-party,2025-04-23,286510948,True,proxy
PD Marbun Samosir,corporation,Partai Solidaritas Indonesia,political-party,2024-12-07,524231647,False,
UD Salahudin Prakasa,organization,Zelda Widiastuti,individual,2025-12-09,1324619590,True,proxy
Perum Agustina Riyanti,organization,Titi Uwais,individual,2024-07-18,7551368283,False,
PD Yuniar,corporation,Partai Persatuan,political-party,2024-10-09,456673445,False,
Perum Sihombing Mardhiyah Tbk,corporation,Partai Demokrat,political-party,2024-11-01,573154167,False,
Ir. Kasiran Lailasari,individual,Partai Keadilan Indonesia,political-party,2025-08-02,35783132,False,
Ganep Maryati,individual,Partai Indonesia Maju,political-party,2025-03-11,155015406,False,
CV Permata (Persero) Tbk,organization,"Gangsa Waluyo, S.Sos",individual,2025-05-22,72863265,True,smurfing
CV Siregar,corporation,Banawi Pangestu,individual,2024-07-19,5129014014,True,self_funded
Perum Sudiati Pratiwi Tbk,corporation,Partai Nasional Demokrat,political-party,2025-04-16,576950530,True,proxy
CV Siregar,organization,"Tgk. Kayla Tamba, S.Pt",individual,2025-11-08,140261841,True,proxy
Raina Mandala,individual,Partai Demokrat,political-party,2025-05-26,60539726,False,
CV Mandala,organization,Partai Indonesia Maju,political-party,2025-03-31,297420169,True,proxy
Perum Hariyah,corporation,"Kunthara Hidayanto, S.Pd",individual,2025-06-05,85663851,True,smurfing
Yessi Salahudin,individual,Kenzie Wacana,individual,2025-03-18,68342198,True,smurfing
PT Hutasoit Hakim Tbk,corporation,Partai Solidaritas Indonesia,political-party,2025-10-06,1425189629,True,proxy
BUMN Mina Permai,corporation,Karta Utama,individual,2024-11-05,11482166756,True,illegal_source
Rina Habibi,individual,Partai Indonesia Maju,political-party,2025-08-23,33116146,True,smurfing
"Drs. Paiman Waskita, M.Ak",individual,Partai Solidaritas Indonesia,political-party,2025-05-04,93321939,False,
Luwes Pertiwi,individual,Prabowo Prasetyo,individual,2024-07-28,759617351,False,
Samiah Saputra,individual,Partai Amanat Rakyat,political-party,2024-03-05,57045544,False,
UD Andriani Tbk,corporation,Mumpuni Ardianto,individual,2025-12-28,8103026786,False,
Gabriella Lailasari,individual,Partai Nasional Demokrat,political-party,2025-01-13,104551936,False,
"Tgk. Gandewa Rahayu, S.Farm",individual,Indah Pradana,individual,2024-06-29,2246941384,False,
"Drs. Mutia Maheswara, S.Farm",individual,Slamet Nasyiah,individual,2025-03-20,1316472286,False,
"Siti Mandasari, M.Kom.",individual,Partai Solidaritas Indonesia,political-party,2025-09-19,23182673,True,smurfing
R.M. Aswani Wacana,individual,Partai Rakyat Sejahtera,political-party,2024-05-30,84001510,False,
PD Mustofa Tbk,corporation,"Ifa Yulianti, S.E.",individual,2025-09-16,21976801683,False,
Perum Mustofa,organization,Karen Tarihoran,individual,2025-07-31,3747388,True,smurfing
Cahyadi Kurniawan,individual,Kamal Widiastuti,individual,2024-03-26,2082903739,True,self_funded
"Ajeng Pertiwi, S.Psi",individual,"Ir. Ina Melani, S.Pt",individual,2025-09-24,1855174710,True,self_funded
PT Novitasari Mandala (Persero) Tbk,corporation,Partai Persatuan,political-party,2025-04-13,68688621,True,smurfing
Hilda Siregar,individual,"Tania Waskita, M.M.",individual,2024-07-04,840385684,True,self_funded
Perum Laksita,organization,Lega Riyanti,individual,2024-12-25,75499640,True,smurfing
UD Suryono Mardhiyah,corporation,"Yusuf Purwanti, S.E.I",individual,2024-03-07,684570786,True,proxy
PT Prabowo (Persero) Tbk,corporation,Partai Amanat Rakyat,political-party,2024-12-21,1377859982,True,proxy
PT Lestari,organization,Partai Harapan Bangsa,political-party,2024-08-25,1515554286,True,proxy
"Dt. Kasiran Suryono, S.E.",individual,Paiman Megantara,individual,2025-11-30,1783860798,True,self_funded
Gambira Maheswara,individual,Partai Nasional Demokrat,political-party,2025-08-13,81781256,False,
Elon Tamba,individual,Partai Rakyat Sejahtera,political-party,2025-02-02,79374990,False,
Saiful Hutapea,individual,R.A. Almira Wibowo,individual,2025-11-23,1176296452,False,
CV Fujiati Nurdiyanti (Persero) Tbk,corporation,"Ir. Kartika Firmansyah, M.M.",individual,2025-07-29,17752392135,False,
UD Budiman,organization,Partai Demokrat,political-party,2024-07-01,679216315,False,
UD Saefullah Simanjuntak Tbk,organization,Cindy Puspita,individual,2025-08-24,1698746359,True,proxy
PD Kuswandari,organization,Ajeng Astuti,individual,2025-09-11,80228455,True,smurfing
PT Uyainah Anggriawan (Persero) Tbk,organization,Jamil Fujiati,individual,2025-05-15,96778940,True,smurfing
Nasrullah Januar,individual,Kamaria Saefullah,individual,2025-11-29,168198292,True,self_funded
"T. Respati Sitorus, M.TI.",individual,Partai Rakyat Sejahtera,political-party,2025-05-17,28059182,False,
"Kacung Wacana, M.Pd",individual,Partai Indonesia Maju,political-party,2024-09-14,327106319,True,over_limit
CV Marbun Farida (Persero) Tbk,organization,Partai Nasional Demokrat,political-party,2024-04-21,422599622,False,
PT Mandasari Simanjuntak Tbk,organization,Dodo Kusmawati,individual,2025-10-30,1766886093,True,proxy
Eka Fujiati,individual,Rahmi Lailasari,individual,2024-10-22,2239078506,True,self_funded
Dt. Prabowo Dongoran,individual,Jumadi Namaga,individual,2024-03-10,660300169,False,
Almira Suryono,individual,"dr. Karimah Rahimah, S.Pd",individual,2025-03-01,1990464275,False,
"Cakrajiya Wahyuni, M.Ak",individual,Partai Demokrat,political-party,2024-04-10,100589674,False,
Endra Kurniawan,individual,"Samiah Sinaga, S.T.",individual,2025-05-11,305989948,False,
Jayeng Mulyani,individual,Dr. Kalim Januar,individual,2025-02-21,1500040652,False,
Perum Kuswandari,organization,Partai Indonesia Maju,political-party,2024-08-13,543400167,False,
PT Mustofa Najmudin (Persero) Tbk,organization,Partai Persatuan,political-party,2024-04-03,1917440363,True,proxy
Darman Zulkarnain,individual,"Drs. Daru Habibi, M.Ak",individual,2025-08-13,845672530,False,
PD Prayoga Setiawan Tbk,organization,Baktianto Hakim,individual,2025-05-11,1939756677,True,proxy
CV Setiawan Tbk,organization,Partai Nasional Demokrat,political-party,2024-03-23,564042464,False,
CV Handayani Megantara,corporation,Partai Kebangkitan Rakyat,political-party,2025-06-06,1781490590,True,proxy
Samiah Pradana,individual,Partai Keadilan Indonesia,political-party,2025-09-16,117583002,False,
UD Budiman Firgantoro,corporation,"Hj. Ulya Jailani, M.TI.",individual,2024-02-23,21528616437,True,self_funded
"Ir. Kayla Sitompul, M.M.",individual,Partai Persatuan,political-party,2025-06-18,54174989,False,
drg. Citra Pudjiastuti,individual,Partai Harapan Bangsa,political-party,2024-07-17,77471483,True,smurfing
CV Megantara,corporation,Hj. Lalita Hidayat,individual,2024-04-20,37349574430,True,over_limit
"R.A. Maida Agustina, S.Ked",individual,Partai Persatuan,political-party,2024-07-09,61330155,True,smurfing
Perum Usamah,corporation,Partai Indonesia Maju,political-party,2025-10-05,339078433,False,
PT Simbolon Tbk,organization,Tgk. Iriana Wahyuni,individual,2024-02-08,317338162,True,proxy
CV Nugroho Nainggolan Tbk,organization,"Elvina Yuliarti, S.Pd",individual,2024-01-17,84413758,True,smurfing
PT Nuraini Tbk,organization,Partai Harapan Bangsa,political-party,2024-12-25,193958107,True,proxy
PT Najmudin (Persero) Tbk,corporation,Partai Nasional Demokrat,political-party,2024-12-07,55098706,False,
Panji Dabukke,individual,Partai Kebangkitan Rakyat,political-party,2025-01-11,86038278,True,smurfing
Hardi Purnawati,individual,Partai Harapan Bangsa,political-party,2024-11-13,41934594,False,
UD Rajata,corporation,"Jono Thamrin, S.IP",individual,2024-02-07,84578168,True,smurfing
Wulan Wacana,individual,Partai Keadilan Indonesia,political-party,2024-07-18,133345533,False,
UD Waluyo,corporation,Kairav Wacana,individual,2025-10-25,1862818568,True,proxy
PD Uwais (Persero) Tbk,corporation,Partai Amanat Rakyat,political-party,2024-01-20,459147772,False,
UD Haryanti,organization,Partai Demokrat,political-party,2024-04-03,1332359601,True,proxy
R. Laswi Maulana,individual,Hesti Natsir,individual,2024-09-16,1190192514,False,
Pemkab Toba,organization,Partai Persatuan,political-party,2024-03-20,821593066,True,illegal_source
Yance Mahendra,individual,Partai Indonesia Maju,political-party,2024-12-12,75268178,False,
PT Napitupulu Nasyidah Tbk,corporation,"dr. Safina Susanti, S.I.Kom",individual,2024-09-09,16685326958,False,
Irsad Lestari,individual,Gina Hutapea,individual,2025-09-11,237364217,True,self_funded
CV Hutagalung,corporation,Kairav Agustina,individual,2024-04-26,428669117,True,proxy
CV Prasetya Nashiruddin Tbk,corporation,Partai Nasional Demokrat,political-party,2025-09-28,520387560,False,
UD Aryani Tbk,corporation,"Sutan Jais Wibisono, M.Farm",individual,2024-07-17,15291057375,True,self_funded
Mahdi Pudjiastuti,individual,Partai Keadilan Indonesia,political-party,2024-11-11,21707637,True,smurfing
Harsana Pratiwi,individual,Partai Persatuan,political-party,2024-05-06,41659500,True,smurfing
"H. Eja Mardhiyah, M.TI.",individual,Partai Harapan Bangsa,political-party,2025-02-18,21226745,False,
PT Irawan Damanik Tbk,corporation,Jamalia Mayasari,individual,2025-11-18,8530007357,False,
Hafshah Utami,individual,Partai Indonesia Maju,political-party,2025-02-14,92627246,False,
UD Wahyudin Hutapea,corporation,"Drs. Hartaka Narpati, M.Pd",individual,2024-05-03,11591132826,True,self_funded
PD Hartati Pradana,corporation,Partai Rakyat Sejahtera,political-party,2024-11-17,1052702927,True,over_limit
CV Salahudin,corporation,Partai Rakyat Sejahtera,political-party,2025-05-03,476013761,False,
Tgk. Jumari Mardhiyah,individual,Aslijan Saptono,individual,2025-09-03,186501872,False,
UD Anggriawan (Persero) Tbk,corporation,Hesti Prasasta,individual,2025-06-23,16908101377,False,
PD Waskita Aryani Tbk,organization,Agnes Firgantoro,individual,2025-02-18,31812591,True,smurfing
CV Andriani,corporation,Muni Saptono,individual,2024-08-05,16158561610,True,self_funded
Usman Yulianti,individual,Halim Kurniawan,individual,2024-01-20,1536540858,False,
UD Sitorus Thamrin,organization,"dr. Mila Samosir, S.Farm",individual,2025-03-13,1395788868,True,proxy
UD Kurniawan Prastuti,corporation,Partai Indonesia Maju,political-party,2024-01-20,1309531303,True,over_limit
CV Sihotang,corporation,Partai Demokrat,political-party,2024-11-17,528870141,False,
Zelaya Haryanto,individual,Safina Hardiansyah,individual,2025-03-10,869375601,False,
Ir. Karsa Purnawati,individual,"Tgk. Zelda Riyanti, S.Pt",individual,2025-09-14,720155249,False,
R. Eman Astuti,individual,"Emin Handayani, S.Gz",individual,2024-04-27,1592665749,False,
dr. Halima Rahimah,individual,Diana Widodo,individual,2024-02-02,437845572,False,
CV Hassanah Rahmawati Tbk,organization,"Dt. Prabu Manullang, S.Farm",individual,2024-09-21,32459913995,True,over_limit
Cager Puspasari,individual,drg. Ellis Nashiruddin,individual,2025-05-28,337685837,False,
CV Agustina,corporation,Partai Nasional Demokrat,political-party,2025-02-04,257658448,False,
drg. Laila Januar,individual,dr. Kenzie Sitorus,individual,2025-01-08,1341038727,True,self_funded
CV Sihombing (Persero) Tbk,organization,Partai Indonesia Maju,political-party,2024-01-01,13259832,True,smurfing
UD Agustina (Persero) Tbk,organization,Partai Amanat Rakyat,political-party,2024-06-12,917574820,True,proxy
Luthfi Uwais,individual,Partai Keadilan Indonesia,political-party,2025-05-16,127703181,False,
Raharja Natsir,individual,"Maryanto Hidayat, S.I.Kom",individual,2024-03-08,1862656112,True,self_funded
UD Pradana Astuti Tbk,corporation,"Rini Winarno, M.Pd",individual,2024-02-07,13799839390,True,self_funded
UD Suryono Waskita Tbk,corporation,dr. Banawa Kuswandari,individual,2024-05-08,2038127497,False,
CV Maheswara Hidayanto,corporation,"dr. Hana Kurniawan, S.Pt",individual,2024-03-29,21714572131,False,
CV Tamba,corporation,Partai Keadilan Indonesia,political-party,2025-03-24,50699853,False,
UD Suwarno Mayasari (Persero) Tbk,corporation,Emas Wahyudin,individual,2025-07-09,5082111,True,smurfing
UD Handayani,corporation,Partai Solidaritas Indonesia,political-party,2025-02-06,76047703,True,smurfing
"Latika Sitompul, S.H.",individual,Mahfud Puspita,individual,2025-07-05,1448296364,False,
PT Nuraini,corporation,Oliva Gunarto,individual,2024-07-02,15166089203,True,self_funded
Elisa Manullang,individual,Partai Kebangkitan Rakyat,political-party,2025-06-04,139315922,False,
dr. Jati Hidayat,individual,Partai Indonesia Maju,political-party,2024-10-29,70677057,True,smurfing
"Betania Nugroho, S.Pd",individual,"Kamal Halimah, M.M.",individual,2024-07-02,923340792,False,
Perum Narpati,organization,"Janet Uwais, S.Gz",individual,2024-04-21,1631153024,True,proxy
Perum Uyainah Januar,organization,Oliva Hutapea,individual,2024-09-19,815064968,True,proxy
CV Kurniawan Firmansyah,corporation,"Ani Hasanah, S.E.I",individual,2025-06-11,7972174103,False,
PD Maheswara Novitasari (Persero) Tbk,corporation,Partai Amanat Rakyat,political-party,2024-08-13,430006272,False,
Ami Susanti,individual,Cut Uchita Nainggolan,individual,2024-03-30,392586409,False,
PD Kuswandari (Persero) Tbk,corporation,Winda Natsir,individual,2024-01-14,10243900202,True,self_funded
R.A. Aisyah Pangestu,individual,Partai Indonesia Maju,political-party,2024-05-24,136603053,False,
"Drs. Kartika Latupono, S.T.",individual,Partai Rakyat Sejahtera,political-party,2025-03-21,362673141,True,over_limit
"Lega Maryadi, S.IP",individual,Endah Hartati,individual,2024-05-17,472544629,False,
PD Prasetyo (Persero) Tbk,organization,Partai Nasional Demokrat,political-party,2024-03-30,60564683,False,
PT Widiastuti (Persero) Tbk,organization,Partai Amanat Rakyat,political-party,2025-10-04,606722470,False,
Lanjar Pudjiastuti,individual,Nasim Ramadan,individual,2025-11-23,1474930984,True,self_funded
Viman Jailani,individual,Partai Persatuan,political-party,2024-06-11,41182617,False,
Salimah Wacana,individual,Ghani Utama,individual,2025-08-27,1093968500,True,self_funded
UD Hartati,organization,Pardi Hariyah,individual,2025-03-18,34839115359,True,over_limit
Zulfa Puspita,individual,Partai Indonesia Maju,political-party,2024-05-14,20382335,False,
Martani Budiman,individual,Rangga Zulaika,individual,2025-03-16,2202204062,False,
Perum Nashiruddin Kusumo (Persero) Tbk,organization,Partai Harapan Bangsa,political-party,2024-07-15,52578287,True,smurfing
UD Hassanah (Persero) Tbk,organization,Betania Laksmiwati,individual,2024-11-21,16671055,True,smurfing
Oliva Tamba,individual,Partai Solidaritas Indonesia,political-party,2024-08-24,69222924,False,
Kemal Permadi,individual,Partai Indonesia Maju,political-party,2024-05-04,26235735,False,
CV Nashiruddin,organization,Partai Demokrat,political-party,2024-04-26,710135474,False,
"Juli Dongoran, M.Farm",individual,Gasti Anggriawan,individual,2025-06-16,1531240078,False,
UD Latupono,organization,Partai Kebangkitan Rakyat,political-party,2024-03-14,1777175782,True,proxy
Kania Waskita,individual,Partai Keadilan Indonesia,political-party,2025-05-14,142979845,False,
"Dr. Zelaya Farida, S.Ked",individual,Partai Harapan Bangsa,political-party,2025-07-25,100787006,False,
PD Anggriawan,corporation,Hj. Raisa Dongoran,individual,2025-03-24,4197156848,False,
"Hamima Nugroho, M.TI.",individual,Partai Harapan Bangsa,political-party,2025-09-26,146846918,False,
Perum Putra,organization,"Mahesa Anggraini, M.Pd",individual,2025-07-27,459661156,True,proxy
PT Puspasari (Persero) Tbk,corporation,Mursinin Wibowo,individual,2025-06-06,12383939853,False,
PD Halimah Susanti,corporation,Dr. Mahfud Pradana,individual,2024-12-05,18271855120,False,
CV Nasyiah (Persero) Tbk,organization,Partai Demokrat,political-party,2025-06-22,669889407,False,
Jane Sitompul,individual,Eka Andriani,individual,2024-12-20,861960725,False,
CV Marpaung Tbk,corporation,Partai Solidaritas Indonesia,political-party,2025-05-08,523308758,True,proxy
CV Sihombing Hassanah,corporation,Partai Indonesia Maju,political-party,2024-05-17,54709155,True,smurfing
Perum Sudiati,corporation,Lalita Rahmawati,individual,2024-02-04,71180247,True,smurfing
UD Nainggolan Puspita,organization,Partai Demokrat,political-party,2024-12-25,66730036,False,
Perum Dabukke (Persero) Tbk,corporation,Partai Demokrat,political-party,2025-09-06,548413228,False,
PD Sihombing Aryani (Persero) Tbk,corporation,Puti Halima Puspasari,individual,2025-09-04,8832283976,True,self_funded
CV Maulana Zulaika,corporation,Partai Persatuan,political-party,2024-08-05,160710738,False,
PT PLN (Persero),corporation,Partai Amanat Rakyat,political-party,2025-01-23,262464839,True,illegal_source
UD Prabowo,organization,Qori Sinaga,individual,2025-11-29,1611235062,True,proxy
"Marwata Kusmawati, S.Sos",individual,Partai Demokrat,political-party,2025-10-09,127082531,False,
Halim Wahyudin,individual,Partai Amanat Rakyat,political-party,2025-12-01,73055901,False,
Farhunnisa Winarsih,individual,"Iriana Permadi, S.T.",individual,2024-11-03,4255200001,True,over_limit
PD Wastuti Rahmawati (Persero) Tbk,corporation,Partai Nasional Demokrat,political-party,2024-09-24,30004464,True,smurfing
Pemerintah Kota Surabaya,organization,Partai Solidaritas Indonesia,political-party,2025-06-26,371511837,True,illegal_source
Digdaya Haryanti,individual,Partai Indonesia Maju,political-party,2025-12-29,116819251,False,
Perum Habibi Wahyuni,organization,Yessi Oktaviani,individual,2024-01-22,69422244,True,smurfing
"Caraka Siregar, S.Sos",individual,"Malika Mayasari, M.Kom.",individual,2024-02-19,465099578,True,self_funded
Perum Kuswoyo Tbk,corporation,Prasetyo Kusumo,individual,2025-01-25,21764030728,True,self_funded
Mahmud Yolanda,individual,"Janet Zulkarnain, M.M.",individual,2024-02-14,1836868522,True,self_funded
Perum Marpaung Wahyudin Tbk,corporation,Partai Rakyat Sejahtera,political-party,2025-07-18,572101446,True,proxy
"Tgk. Ratna Wasita, S.I.Kom",individual,Ir. Ayu Sitorus,individual,2025-10-20,258335664,False,
Cut Nurul Palastri,individual,Tira Riyanti,individual,2024-05-18,386972526,False,
PT Handayani (Persero) Tbk,corporation,Partai Indonesia Maju,political-party,2025-08-30,553577356,False,
Mahesa Saefullah,individual,Uchita Wibowo,individual,2024-05-13,1450317169,False,
CV Mardhiyah,organization,"Ana Hakim, S.Pd",individual,2025-06-01,2857886399,False,
UD Tarihoran,organization,Partai Kebangkitan Rakyat,political-party,2024-08-28,1131647891,True,proxy
UD Permata Rahayu Tbk,organization,"H. Teddy Susanti, M.Kom.",individual,2024-06-11,411388430,True,proxy
UD Kuswandari Tampubolon Tbk,organization,Dewi Pertiwi,individual,2025-06-09,13735922,True,smurfing
Darmaji Damanik,individual,Partai Nasional Demokrat,political-party,2025-04-11,39386381,False,
Tgk. Mulyono Laksmiwati,individual,Partai Demokrat,political-party,2024-03-23,69488793,False,
Ida Kuswoyo,individual,drg. Fathonah Wahyuni,individual,2025-06-18,406230136,False,
UD Marbun Sihombing (Persero) Tbk,corporation,Dinda Mahendra,individual,2024-03-31,13460354118,True,self_funded
PD Utama Budiman,corporation,R.A. Talia Wasita,individual,2025-05-26,11520346266,False,
Drs. Talia Riyanti,individual,Amalia Jailani,individual,2025-12-30,1380251267,False,
PD Zulaika Tarihoran,corporation,"Nilam Kusmawati, S.Kom",individual,2024-02-16,9624874569,False,
PT Sitorus (Persero) Tbk,corporation,Hj. Suci Pertiwi,individual,2024-10-08,21038514020,False,
Safina Natsir,individual,Putri Widodo,individual,2025-04-08,151450159,False,
Perum Saefullah,corporation,"dr. Iriana Pranowo, M.M.",individual,2025-08-15,2580874694,False,
PT Saefullah Yolanda (Persero) Tbk,corporation,"Zelaya Mustofa, S.H.",individual,2024-04-23,26847995,True,smurfing
PD Siregar Oktaviani,corporation,"R. Langgeng Mustofa, S.E.",individual,2024-11-03,5457237431,True,self_funded
"Cut Mila Saptono, S.I.Kom",individual,"Puti Maida Lazuardi, S.H.",individual,2024-06-12,55426438,True,smurfing
PT Nababan (Persero) Tbk,organization,Jaeman Pradipta,individual,2024-03-10,958844570,True,proxy
PD Lestari Sihombing,organization,Partai Kebangkitan Rakyat,political-party,2025-06-18,16339252,True,smurfing
dr. Jabal Mustofa,individual,Partai Indonesia Maju,political-party,2024-01-15,20242960,False,
CV Napitupulu Laksmiwati (Persero) Tbk,corporation,Partai Nasional Demokrat,political-party,2024-11-27,330723301,False,
CV Prakasa Tbk,corporation,Warsa Astuti,individual,2024-12-25,4465241088,False,
PT Salahudin,corporation,Hamima Rajasa,individual,2024-10-23,8337870048,False,
Luhung Hasanah,individual,Ir. Nadia Wastuti,individual,2025-06-06,867488841,False,
UD Sirait Utama,corporation,Kadir Novitasari,individual,2024-05-25,12569528449,False,
Zalindra Hidayanto,individual,Partai Rakyat Sejahtera,political-party,2025-11-25,25287336,False,
Anita Saefullah,individual,Salimah Yolanda,individual,2024-10-03,248252099,False,
UD Nugroho Sinaga,organization,Partai Solidaritas Indonesia,political-party,2024-02-16,63487706,True,smurfing
"Dt. Pangeran Putra, S.Pd",individual,Partai Indonesia Maju,political-party,2024-06-24,167562771,False,
CV Suartini Puspasari,organization,Partai Nasional Demokrat,political-party,2024-06-16,30749758,True,smurfing
CV Prasetya Tbk,corporation,Carub Damanik,individual,2024-10-07,20382273212,True,self_funded
Pandu Yuliarti,individual,R.M. Banawa Prastuti,individual,2025-10-05,253191579,False,
UD Purnawati,corporation,Najwa Prayoga,individual,2025-02-06,2029886917,True,self_funded
CV Purnawati Kurniawan,corporation,Vicky Zulaika,individual,2024-01-21,9705718777,False,
Kayun Lailasari,individual,Partai Harapan Bangsa,political-party,2024-10-07,54137378,False,
Elvina Namaga,individual,"Puti Endah Pertiwi, S.IP",individual,2025-09-30,1841522309,True,self_funded
Saadat Permata,individual,Fitria Megantara,individual,2025-02-11,743053764,False,
UD Ardianto (Persero) Tbk,corporation,Jayeng Nurdiyanti,individual,2025-05-21,13952146128,True,self_funded
PD Hutapea,organization,Partai Solidaritas Indonesia,political-party,2024-10-13,1729959683,True,proxy
"Drs. Yahya Santoso, S.Gz",individual,Partai Indonesia Maju,political-party,2024-07-31,175382009,False,
UD Nasyidah Wacana,organization,H. Jais Pradana,individual,2025-04-21,1725716251,True,proxy
Perum Saputra,corporation,Partai Demokrat,political-party,2025-06-11,709041629,False,
PT Nasyidah (Persero) Tbk,organization,Partai Amanat Rakyat,political-party,2024-08-01,1235951561,True,over_limit
PD Nashiruddin Firmansyah (Persero) Tbk,organization,Luthfi Tampubolon,individual,2025-04-14,2308248278,False,
UD Napitupulu,corporation,Dodo Saefullah,individual,2024-09-03,4410787125,True,self_funded
PT Saputra Maryati (Persero) Tbk,corporation,Hendra Prasetya,individual,2025-05-27,1801414958,True,proxy
Jasmani Fujiati,individual,"Umaya Utama, S.Psi",individual,2025-03-09,630277755,False,
PD Habibi,corporation,Fathonah Permadi,individual,2024-11-14,534118483,True,proxy
UD Firgantoro,corporation,"Cahyadi Usada, S.Ked",individual,2024-08-20,22287938387,True,self_funded
"Yahya Andriani, S.E.",individual,Azalea Mulyani,individual,2024-12-11,2114910466,True,self_funded
Perum Purnawati Wibowo (Persero) Tbk,corporation,Karsana Nababan,individual,2025-05-05,845634550,False,
Catur Kurniawan,individual,"Rangga Nurdiyanti, M.TI.",individual,2025-11-12,430406474,False,
Kania Putra,individual,Salman Halim,individual,2025-08-15,1583041481,True,self_funded
CV Megantara Uyainah,corporation,Putri Hartati,individual,2024-11-16,88770303,True,smurfing
PD Yuniar Mustofa,corporation,Partai Rakyat Sejahtera,political-party,2024-06-27,14006322,False,
R.M. Edward Nainggolan,individual,Partai Harapan Bangsa,political-party,2025-07-22,103070759,False,
Okto Safitri,individual,Partai Persatuan,political-party,2024-10-05,17836313,False,
CV Hakim,corporation,Partai Kebangkitan Rakyat,political-party,2025-05-01,655405897,False,
Paramita Uwais,individual,Partai Indonesia Maju,political-party,2025-11-24,72860169,False,
T. Latif Wastuti,individual,Partai Rakyat Sejahtera,political-party,2025-04-12,144165825,False,
Halima Setiawan,individual,Rosman Firmansyah,individual,2024-04-14,1082421076,True,self_funded
UD Siregar,corporation,Wardaya Widodo,individual,2025-04-11,3398470409,True,self_funded
PD Sihotang Mangunsong,corporation,Kairav Widodo,individual,2025-07-26,19477320531,False,
CV Hartati Nasyidah,corporation,Partai Indonesia Maju,political-party,2024-08-14,74783941,True,smurfing
CV Maryadi Dabukke,corporation,Partai Rakyat Sejahtera,political-party,2025-09-22,609551843,True,proxy
PD Lestari Budiman,organization,Partai Solidaritas Indonesia,political-party,2024-08-27,237509604,True,proxy
PT Megantara (Persero) Tbk,corporation,"drg. Vivi Mahendra, M.M.",individual,2025-11-11,10835771007,True,self_funded
Perum Damanik Lazuardi (Persero) Tbk,corporation,R.A. Maya Adriansyah,individual,2025-04-01,1851806713,False,
"dr. Fitriani Hutapea, S.IP",individual,Caket Permadi,individual,2025-05-25,555280543,True,self_funded
Perum Hakim Lazuardi,corporation,Partai Persatuan,political-party,2025-11-07,7117842,False,
Gatra Waluyo,individual,Partai Amanat Rakyat,political-party,2025-04-09,69367795,False,
Gaman Hartati,individual,H. Purwanto Yolanda,individual,2025-12-12,2235314202,False,
drg. Cemeti Nababan,individual,Partai Solidaritas Indonesia,political-party,2025-11-26,32070175,True,smurfing
Laila Mustofa,individual,"drg. Elvina Prayoga, S.Psi",individual,2025-06-30,755823236,True,self_funded
PT Winarsih Uyainah,corporation,Partai Persatuan,political-party,2025-07-20,9343065,True,smurfing
Ajimat Iswahyudi,individual,Partai Persatuan,political-party,2025-03-04,129846286,False,
Rama Safitri,individual,Partai Keadilan Indonesia,political-party,2024-12-23,285120284,True,over_limit
Dinda Yuniar,individual,Partai Kebangkitan Rakyat,political-party,2024-09-23,79756114,False,
PT Zulkarnain Puspasari,organization,Baktianto Hartati,individual,2024-11-05,807471780,True,proxy
Jarwa Firgantoro,individual,Ira Usada,individual,2024-04-14,1441963416,True,self_funded
Perum Adriansyah Salahudin,corporation,Usyi Permadi,individual,2024-06-30,23354087535,True,self_funded
Kemal Anggraini,individual,"Cut Ani Setiawan, M.Ak",individual,2024-01-19,1815928516,False,
PD Rahimah Nurdiyanti (Persero) Tbk,organization,Zaenab Tampubolon,individual,2024-10-06,6685888705,False,
UD Winarno Maryadi (Persero) Tbk,corporation,Partai Nasional Demokrat,political-party,2025-12-24,20586390,True,smurfing
Karen Suartini,individual,Partai Keadilan Indonesia,political-party,2024-07-20,173230820,False,
Perum Astuti (Persero) Tbk,organization,"Vicky Zulaika, S.Sos",individual,2024-07-04,1656242329,True,proxy
"Hendra Anggraini, S.Ked",individual,Daru Ardianto,individual,2025-10-23,1117430145,False,
Perum Oktaviani Yuniar (Persero) Tbk,organization,Yosef Mangunsong,individual,2025-08-15,5235899581,False,
Kamaria Laksmiwati,individual,Zaenab Nugroho,individual,2025-01-13,1997581058,False,
CV Waskita,corporation,Drs. Yulia Puspasari,individual,2025-09-20,15136840173,True,self_funded
UD Mandala,corporation,"Indra Sudiati, S.H.",individual,2025-01-03,16656717863,True,self_funded
PT Padmasari,corporation,Partai Solidaritas Indonesia,political-party,2024-08-08,213073642,False,
CV Samosir Putra (Persero) Tbk,corporation,"Hj. Belinda Santoso, S.Farm",individual,2024-01-11,12766235408,False,
Padmi Simanjuntak,individual,Partai Demokrat,political-party,2024-12-30,58280001,False,
"Eli Lestari, S.Farm",individual,Galang Wibisono,individual,2025-01-13,39537927,True,smurfing
UD Winarno,corporation,Satya Napitupulu,individual,2025-11-12,7399023784,False,
UD Megantara,organization,"Limar Budiman, S.Ked",individual,2025-09-06,975910881,True,proxy
Kemal Salahudin,individual,Hani Gunarto,individual,2024-07-11,743826884,False,
PT PLN (Persero),corporation,Partai Keadilan Indonesia,political-party,2024-05-09,308848909,True,illegal_source
PT Pertamina (Persero),corporation,"R.M. Atma Haryanti, S.Gz",individual,2024-08-15,1544287365,True,illegal_source
PD Dongoran Purnawati,corporation,Partai Harapan Bangsa,political-party,2024-01-22,391573945,False,
Dalima Rahmawati,individual,Cici Mandasari,individual,2025-09-18,447170949,False,
UD Wahyudin Tbk,organization,Nova Dabukke,individual,2025-09-06,32747550,True,smurfing
Luluh Hardiansyah,individual,R.A. Michelle Uwais,individual,2025-10-10,327868877,False,
Cahyanto Wacana,individual,Putri Pertiwi,individual,2025-07-11,334574767,True,self_funded
UD Pangestu Usamah,corporation,Partai Solidaritas Indonesia,political-party,2025-09-06,683674363,False,
UD Najmudin,organization,Partai Demokrat,political-party,2024-03-06,586225053,False,
Galih Haryanto,individual,Elvina Maheswara,individual,2024-12-11,2198373853,True,self_funded
Cengkal Zulkarnain,individual,"Dr. Elvina Ramadan, S.T.",individual,2024-10-19,2015760408,True,self_funded
R. Garda Yolanda,individual,Partai Harapan Bangsa,political-party,2024-05-20,165316752,False,
PD Hartati,corporation,Partai Keadilan Indonesia,political-party,2025-05-02,281360388,False,
CV Napitupulu Tbk,corporation,Partai Kebangkitan Rakyat,political-party,2025-03-30,605411203,True,proxy
PD Pratiwi Laksmiwati (Persero) Tbk,organization,"Tgk. Yono Haryanti, M.M.",individual,2025-11-27,14330982,True,smurfing
Umay Gunawan,individual,Shania Mulyani,individual,2025-11-18,2248748605,False,
Kamidin Budiman,individual,Warsa Pranowo,individual,2025-06-28,485533946,False,
Perum Sihotang Winarno Tbk,corporation,Partai Rakyat Sejahtera,political-party,2025-04-30,462620381,False,
Raharja Nasyiah,individual,Uli Siregar,individual,2024-07-06,1085178602,False,
UD Damanik Tbk,corporation,Opan Mangunsong,individual,2024-06-16,1272581670,True,proxy
Perum Maheswara Waluyo (Persero) Tbk,corporation,Partai Kebangkitan Rakyat,political-party,2025-03-04,1490195943,True,over_limit
UD Ardianto Narpati Tbk,corporation,Partai Demokrat,political-party,2024-01-02,92413922,True,smurfing
CV Mandala,corporation,"Makara Aryani, M.TI.",individual,2024-02-21,20256959470,True,self_funded
PT Kereta Api Indonesia (Persero),corporation,Partai Rakyat Sejahtera,political-party,2024-09-15,572634762,True,illegal_source
UD Uyainah Ramadan,corporation,Lidya Widodo,individual,2024-03-22,17032205957,False,
"H. Eka Prayoga, S.Psi",individual,Partai Indonesia Maju,political-party,2025-03-26,57382023,False,
Perum Prakasa Tbk,organization,"Dt. Bakianto Utama, S.Kom",individual,2024-11-02,355804225,True,proxy
PD Usamah Winarsih,organization,"Dirja Suartini, S.Farm",individual,2024-10-10,19429269943,False,
"drg. Lidya Lailasari, M.Farm",individual,Drs. Icha Firgantoro,individual,2025-01-13,98362040,True,smurfing
PT Simanjuntak (Persero) Tbk,organization,Karma Hidayat,individual,2025-09-02,66063183,True,smurfing
UD Puspasari,corporation,Cager Oktaviani,individual,2024-01-09,100904419,True,proxy
"Timbul Lailasari, S.E.",individual,Partai Kebangkitan Rakyat,political-party,2025-11-03,25506711,False,
CV Gunawan Melani,organization,Partai Amanat Rakyat,political-party,2025-10-30,272050928,False,
PD Prakasa,corporation,Darsirah Prasetyo,individual,2024-05-17,12542090822,False,
Perum Simbolon,corporation,"Dartono Wasita, S.Gz",individual,2025-07-01,56800706,False,
"R. Maida Haryanti, S.E.I",individual,Zelda Nainggolan,individual,2025-07-19,382128399,False,
dr. Gatra Putra,individual,Partai Indonesia Maju,political-party,2025-03-02,47735371,False,
"Violet Zulkarnain, S.I.Kom",individual,Nadine Padmasari,individual,2024-04-12,1615565477,True,self_funded
Perum Hartati Tbk,corporation,Jarwadi Usada,individual,2024-08-11,23926608226,True,self_funded
Tomi Putra,individual,Yoga Oktaviani,individual,2024-12-31,149369780,True,self_funded
Widya Sihombing,individual,Hj. Usyi Nababan,individual,2024-05-16,16257801,True,smurfing
Lili Purwanti,individual,Putri Habibi,individual,2024-06-17,1060374485,False,
PD Nasyiah Tarihoran,corporation,Cakrabirawa Suwarno,individual,2025-05-09,843132666,True,proxy
CV Wibowo Firgantoro,corporation,Aditya Lestari,individual,2024-04-06,16709240728,True,self_funded
Elvina Putra,individual,Partai Demokrat,political-party,2025-04-30,151919069,False,
UD Utami Tbk,corporation,Malik Pradipta,individual,2025-11-15,14217743338,False,
"Karma Widodo, M.TI.",individual,"T. Balamantri Pertiwi, S.Farm",individual,2024-05-03,100501417,True,self_funded
Perum Usamah Tbk,organization,Latif Mandala,individual,2025-09-01,86373180,True,smurfing
UD Hutagalung Padmasari (Persero) Tbk,corporation,Putri Ramadan,individual,2025-04-01,541885214,False,
Wirda Laksmiwati,individual,Partai Kebangkitan Rakyat,political-party,2025-09-06,14176897,False,
Kajen Yuniar,individual,"Ir. Hasan Melani, M.Kom.",individual,2025-06-03,1037562312,False,
Perum Kusmawati Hariyah,corporation,Amalia Aryani,individual,2025-07-25,923168,True,smurfing
"Jaeman Waskita, S.E.",individual,Partai Indonesia Maju,political-party,2025-09-04,94566633,False,
Humaira Wahyuni,individual,Partai Nasional Demokrat,political-party,2024-02-19,131562090,False,
Gandewa Sinaga,individual,Mitra Wahyuni,individual,2024-03-03,1412720929,False,
Perum Yuniar Pangestu Tbk,organization,Partai Persatuan,political-party,2024-09-05,1943493362,True,proxy
PT Suryono Irawan,organization,Prayoga Thamrin,individual,2024-05-17,1796495580,True,proxy
Cahyono Mahendra,individual,Darsirah Narpati,individual,2025-12-04,1370143083,False,
PD Hutapea Gunawan,corporation,"Karen Pradana, M.M.",individual,2024-02-11,23537412438,True,self_funded
PT Kurniawan Lazuardi,corporation,Partai Nasional Demokrat,political-party,2025-12-07,98786161,False,
drg. Dono Wulandari,individual,Partai Demokrat,political-party,2024-02-23,100711206,False,
Perum Nainggolan,organization,Partai Nasional Demokrat,political-party,2024-05-14,316734494,True,proxy
UD Halim Uwais,organization,Partai Indonesia Maju,political-party,2025-11-30,82327313,True,smurfing
Taufik Namaga,individual,Partai Keadilan Indonesia,political-party,2025-06-28,125007459,False,
CV Nainggolan Tbk,corporation,Partai Persatuan,political-party,2024-12-05,449704790,False,
Dipa Tamba,individual,Arta Mangunsong,individual,2025-09-20,967865471,True,self_funded
Embuh Purwanti,individual,Wulan Dabukke,individual,2025-09-09,91912326,True,self_funded
CV Dongoran Suartini (Persero) Tbk,organization,"Drs. Indah Prayoga, S.I.Kom",individual,2024-12-17,90018445,True,smurfing
Wardaya Situmorang,individual,dr. Jatmiko Rahayu,individual,2024-08-15,1297408480,False,
PD Adriansyah Handayani Tbk,corporation,Partai Amanat Rakyat,political-party,2025-05-25,670962508,False,
PT Megantara,corporation,Partai Keadilan Indonesia,political-party,2024-08-07,690072246,True,proxy
CV Lazuardi (Persero) Tbk,organization,Devi Nasyiah,individual,2025-08-15,29601212001,True,over_limit
CV Utami Tbk,organization,Oni Rahimah,individual,2024-10-20,20094918476,False,
PT Winarsih,organization,Melinda Permadi,individual,2025-12-03,19975483,True,smurfing
CV Ramadan,corporation,Tgk. Tania Yuniar,individual,2024-08-01,82601439,True,smurfing
CV Hidayat (Persero) Tbk,corporation,Wani Napitupulu,individual,2024-07-26,14234116950,False,
PT Ramadan,corporation,Partai Indonesia Maju,political-party,2025-01-26,9128212,True,smurfing
UD Waluyo,corporation,Partai Nasional Demokrat,political-party,2025-05-01,7718051,True,smurfing
PT Purnawati Purwanti (Persero) Tbk,corporation,Puspa Suwarno,individual,2024-02-27,15151611,True,smurfing
CV Utami Pratiwi,corporation,Partai Kebangkitan Rakyat,political-party,2025-08-01,185623316,False,
CV Siregar Marpaung,corporation,H. Kasusra Nababan,individual,2025-01-06,1551027486,True,proxy
PT Prasetyo Gunawan (Persero) Tbk,corporation,Cayadi Siregar,individual,2024-09-30,15051684845,False,
Harjo Wulandari,individual,Partai Persatuan,political-party,2024-09-20,28537849,False,
"Puti Paris Sitorus, S.T.",individual,Partai Solidaritas Indonesia,political-party,2024-04-04,119959725,False,
Perum Najmudin,corporation,"Marwata Winarsih, M.Kom.",individual,2024-10-30,1212223038,False,
PT Napitupulu Maheswara,corporation,Harja Oktaviani,individual,2024-09-25,23922676961,True,self_funded
CV Anggriawan Habibi Tbk,corporation,Estiono Natsir,individual,2025-12-13,448854628,True,self_funded
Baktiono Waskita,individual,Tgk. Harjaya Suryono,individual,2024-12-13,566271039,True,self_funded
"Xanana Widiastuti, S.H.",individual,Mursita Prakasa,individual,2024-09-10,739753318,True,self_funded
Perum Megantara,corporation,Partai Solidaritas Indonesia,political-party,2024-05-20,429621146,False,
Padma Napitupulu,individual,Mahmud Hidayanto,individual,2025-03-11,653547048,False,
Rini Wahyudin,individual,Endah Haryanto,individual,2025-12-05,406896517,True,self_funded
Adhiarja Wasita,individual,Melinda Permadi,individual,2025-11-18,505240887,False,
CV Wibisono,organization,Ir. Lutfan Namaga,individual,2025-10-28,556600357,True,proxy
PD Manullang Hardiansyah,corporation,Tgk. Oliva Firmansyah,individual,2025-07-23,1636668948,False,
PT Pradana Tbk,corporation,Partai Indonesia Maju,political-party,2024-09-23,62049316,True,smurfing
PT Saputra Hutapea,corporation,Partai Keadilan Indonesia,political-party,2024-12-09,583976556,True,proxy
UD Sudiati Hardiansyah Tbk,organization,"Ir. Jamil Suryono, M.Farm",individual,2024-03-03,18747858865,False,
PD Prasetyo,corporation,R. Ami Lazuardi,individual,2025-07-17,126583823,True,proxy
Umi Irawan,individual,Sutan Daliono Mandasari,individual,2025-03-11,1481112326,False,
CV Aryani,corporation,Partai Amanat Rakyat,political-party,2024-09-19,61370240,True,smurfing
Prakosa Rahimah,individual,Chandra Mahendra,individual,2024-11-08,2374965089,True,self_funded
"Tedi Yolanda, M.M.",individual,Partai Rakyat Sejahtera,political-party,2025-10-27,166867529,False,
CV Prakasa Tbk,corporation,Partai Harapan Bangsa,political-party,2025-08-05,418209175,False,
Kardi Waluyo,individual,Okto Wasita,individual,2024-06-24,1515246520,False,
PD Palastri,corporation,Hasta Mangunsong,individual,2024-09-14,2056637188,False,
Mutia Januar,individual,Partai Persatuan,political-party,2024-08-17,49974416,False,
CV Agustina,corporation,Partai Keadilan Indonesia,political-party,2025-09-04,714926335,False,
"drg. Asmadi Nainggolan, S.E.I",individual,Dartono Najmudin,individual,2024-01-28,1230654,True,smurfing
Cut Mila Dongoran,individual,Partai Nasional Demokrat,political-party,2024-12-03,123232941,False,
Perum Haryanto,organization,Partai Keadilan Indonesia,political-party,2025-02-15,1444331237,True,proxy
Rangga Firmansyah,individual,"T. Caket Winarsih, S.Psi",individual,2025-04-28,1039689678,False,
"Dr. Shania Mandasari, S.Kom",individual,"Respati Najmudin, S.Farm",individual,2024-01-04,1692215391,False,
"R.A. Alika Nashiruddin, S.E.I",individual,Partai Persatuan,political-party,2024-02-12,73357126,True,smurfing
Perum Pertiwi (Persero) Tbk,organization,Hasta Palastri,individual,2024-04-20,3773617289,False,
Kani Purwanti,individual,Michelle Lailasari,individual,2024-03-28,23795456,True,smurfing
"Drs. Titi Pangestu, S.Pd",individual,"Nasab Purnawati, S.IP",individual,2024-05-18,2179446999,False,
PD Yuniar,organization,Lanjar Usada,individual,2025-04-22,297954565,True,proxy
Puti Febi Simanjuntak,individual,Partai Demokrat,political-party,2025-01-12,58797533,True,smurfing
Jail Laksmiwati,individual,"Ami Usada, M.Kom.",individual,2024-07-06,1390583581,False,
PD Usada,organization,Pranawa Thamrin,individual,2024-06-02,15579850702,False,
"Radit Yulianti, S.T.",individual,Hesti Astuti,individual,2025-04-08,1137926298,True,self_funded
"Rudi Pradipta, M.Farm",individual,Hilda Wulandari,individual,2025-05-07,143180152,False,
CV Astuti Suartini Tbk,corporation,Partai Kebangkitan Rakyat,political-party,2024-01-27,468961491,False,
PT Maulana Sitorus,corporation,"Ir. Uli Padmasari, M.Ak",individual,2025-07-14,2980072346,True,self_funded
Xanana Nababan,individual,Partai Solidaritas Indonesia,political-party,2024-01-09,80712528,False,
Kezia Rahayu,individual,Partai Kebangkitan Rakyat,political-party,2025-07-20,156458832,False,
"Dr. Umar Hardiansyah, S.Gz",individual,Partai Persatuan,political-party,2025-03-13,41962352,False,
UD Yulianti,corporation,Umi Samosir,individual,2024-04-22,18849134441,False,
PT Purnawati Saputra,corporation,Bella Widodo,individual,2025-01-14,303856213,True,self_funded
PD Najmudin (Persero) Tbk,corporation,Paulin Yuliarti,individual,2024-09-05,19051853732,False,
Taufik Marpaung,individual,Partai Persatuan,political-party,2025-07-24,143027817,False,
Wani Puspasari,individual,Partai Solidaritas Indonesia,political-party,2024-06-18,155447229,False,
Ellis Wibowo,individual,"Puti Hani Ramadan, M.M.",individual,2024-03-09,541882111,False,
CV Santoso Dabukke Tbk,corporation,Partai Indonesia Maju,political-party,2025-05-29,1128343082,True,proxy
UD Laksmiwati (Persero) Tbk,organization,"R. Ilyas Samosir, S.I.Kom",individual,2024-11-16,79991910,True,smurfing
Carub Nababan,individual,Partai Amanat Rakyat,political-party,2024-06-24,79679075,True,smurfing
PT Narpati Rahayu,corporation,"Rika Anggraini, S.Pd",individual,2024-05-10,13309574510,True,self_funded
Fitriani Nuraini,individual,Partai Nasional Demokrat,political-party,2024-06-27,8529238,False,
Perum Prakasa Ramadan,organization,"Cahyadi Kusmawati, S.IP",individual,2025-07-16,12002166865,False,
PD Prayoga Sitorus (Persero) Tbk,corporation,Tgk. Lidya Hidayanto,individual,2024-08-30,2386370808,False,
Rahman Dongoran,individual,"Raden Lestari, S.Ked",individual,2025-12-12,303406182,True,self_funded
Perum Mardhiyah,organization,Partai Nasional Demokrat,political-party,2025-10-31,126861196,False,
Elvina Permata,individual,R. Ani Usada,individual,2024-05-15,1862455488,True,self_funded
CV Waskita Haryanti (Persero) Tbk,organization,Ir. Martaka Hidayat,individual,2025-11-14,6953654690,False,
Perum Hardiansyah,corporation,Hardana Saefullah,individual,2024-08-18,18577855159,False,
"Sutan Margana Budiman, M.Kom.",individual,Irsad Lailasari,individual,2024-09-27,780418597,True,self_funded
PD Siregar Mustofa Tbk,corporation,"Hana Puspasari, S.Kom",individual,2025-01-14,1506166118,True,proxy
Perum Yolanda,organization,Partai Demokrat,political-party,2024-11-21,10184187,True,smurfing
CV Haryanti Uwais,corporation,Partai Harapan Bangsa,political-party,2025-07-15,539500692,True,proxy
UD Utama Setiawan Tbk,corporation,Tari Hakim,individual,2025-11-01,1903411454,True,self_funded
"Ciaobella Pratiwi, S.E.",individual,Cut Eli Nashiruddin,individual,2025-08-22,2295087426,True,self_funded
Tasnim Habibi,individual,Edison Uwais,individual,2025-02-05,2027891122,False,
CV Siregar,corporation,Sutan Prima Habibi,individual,2025-03-10,16545682068,False,
Pemerintah Kota Surabaya,organization,Partai Kebangkitan Rakyat,political-party,2025-01-21,680905202,True,illegal_source
Ir. Raisa Habibi,individual,Asmuni Prasetyo,individual,2025-05-31,816429346,False,
Dinda Hariyah,individual,Partai Nasional Demokrat,political-party,2024-09-13,22065451,False,
Kayla Riyanti,individual,Taufan Lazuardi,individual,2024-02-06,216857442,True,self_funded
Karimah Natsir,individual,Partai Harapan Bangsa,political-party,2025-05-18,96971924,True,smurfing
"Jasmani Suryatmi, M.Farm",individual,Partai Nasional Demokrat,political-party,2025-07-25,60091028,False,
Perum Waskita,corporation,Partai Amanat Rakyat,political-party,2024-01-06,451459059,False,
Dinda Halim,individual,Partai Nasional Demokrat,political-party,2024-12-17,84777473,False,
PT Susanti (Persero) Tbk,corporation,"KH. Aswani Zulkarnain, S.H.",individual,2024-05-23,24343063621,True,self_funded
PD Wacana (Persero) Tbk,organization,Partai Nasional Demokrat,political-party,2025-12-05,108822887,True,proxy
Perum Sihombing,organization,Partai Demokrat,political-party,2024-04-16,152054894,False,
UD Sitompul Saptono,corporation,"Tgk. Uli Prasetya, S.Pd",individual,2025-07-04,22343718620,True,self_funded
PT Napitupulu Hariyah,organization,Dr. Silvia Lazuardi,individual,2025-09-23,590727854,True,proxy
"Reza Hassanah, S.Ked",individual,Harsana Wibowo,individual,2024-07-07,2149597574,False,
Perum Latupono Natsir Tbk,corporation,Partai Harapan Bangsa,political-party,2025-07-17,419135205,False,
UD Narpati Mandala Tbk,corporation,Partai Persatuan,political-party,2024-04-03,1455156179,True,proxy
PT Hardiansyah,corporation,drg. Karen Susanti,individual,2025-03-02,6562278086,False,
Kasiran Wibisono,individual,Partai Demokrat,political-party,2024-10-19,120597698,False,
PT Widodo,organization,Adinata Narpati,individual,2025-05-24,76705589,True,smurfing
UD Yuniar (Persero) Tbk,corporation,"R. Baktianto Winarsih, M.Ak",individual,2025-01-17,5338628554,True,self_funded
PD Natsir Tbk,organization,Partai Kebangkitan Rakyat,political-party,2025-10-03,81404481,True,smurfing
PT Mangunsong (Persero) Tbk,corporation,"R. Saka Hutagalung, S.Ked",individual,2025-07-15,330833775,True,proxy
CV Wibowo Tbk,organization,Mahfud Pratiwi,individual,2024-07-08,791841995,True,proxy
UD Haryanto Dabukke,corporation,Koko Hariyah,individual,2024-12-22,1209939895,True,proxy
PD Hidayat Hidayanto,corporation,Paulin Wibowo,individual,2024-04-01,4568641201,False,
PD Hutasoit Agustina (Persero) Tbk,corporation,dr. Anastasia Agustina,individual,2024-08-06,21671481659,False,
Lukita Saputra,individual,"Samiah Nasyiah, S.IP",individual,2024-09-02,137656294,False,
"Kasiyah Haryanti, S.Pt",individual,Puti Ophelia Mansur,individual,2025-05-09,63553809,True,smurfing
Emong Nuraini,individual,"Cici Marbun, M.Farm",individual,2025-07-13,855596205,False,
"KH. Ega Nugroho, M.M.",individual,Partai Amanat Rakyat,political-party,2024-05-02,69458502,False,
Pemerintah Desa Sukamulya,organization,"drg. Anom Mahendra, S.Pt",individual,2024-07-02,125527110,True,illegal_source
PD Nasyiah Sudiati Tbk,corporation,Partai Demokrat,political-party,2025-12-17,25456284,False,
drg. Dina Wacana,individual,Partai Persatuan,political-party,2025-06-08,29500802,False,
Perum Jailani Ardianto Tbk,organization,Partai Rakyat Sejahtera,political-party,2025-03-12,22326274,True,smurfing
UD Tamba Narpati,corporation,Gangsar Wacana,individual,2024-03-25,671546594,True,proxy
Wira Damanik,individual,drg. Ratih Gunawan,individual,2024-11-20,1336196037,True,self_funded
Rachel Suryatmi,individual,Partai Demokrat,political-party,2025-04-08,129405165,False,
R.A. Azalea Purnawati,individual,Mursita Uwais,individual,2024-05-18,585338801,False,
PT Kereta Api Indonesia (Persero),corporation,Partai Keadilan Indonesia,political-party,2024-10-15,618256857,True,illegal_source
Sakura Sihombing,individual,Panji Dabukke,individual,2024-12-26,380570492,False,
UD Nashiruddin Siregar (Persero) Tbk,organization,Partai Amanat Rakyat,political-party,2024-09-03,23283655,False,
PD Zulkarnain Zulkarnain Tbk,organization,Partai Demokrat,political-party,2024-09-30,1996029065,True,proxy
CV Gunawan Nasyiah,organization,Partai Persatuan,political-party,2024-01-04,330666097,False,
Perum Mandasari Kusumo (Persero) Tbk,corporation,Titin Simbolon,individual,2024-04-17,11677986,True,proxy
Ir. Rahmi Siregar,individual,Partai Nasional Demokrat,political-party,2024-04-10,162403679,False,
Cut Widya Winarno,individual,Hj. Vanesa Wibowo,individual,2025-03-04,2252141828,True,self_funded
PD Waskita (Persero) Tbk,corporation,"R. Rina Uwais, S.E.I",individual,2024-04-05,5068263091,True,self_funded
PD Melani Pertiwi,corporation,Jarwi Saptono,individual,2024-11-22,9524435634,False,
Perum Pradipta (Persero) Tbk,organization,Tgk. Dacin Zulkarnain,individual,2025-11-16,18134243,True,smurfing
UD Mandala Sihotang,corporation,Halim Latupono,individual,2025-01-25,14350498235,True,self_funded
Perkasa Hidayat,individual,R. Balapati Purwanti,individual,2025-05-07,723418283,False,
"Tgk. Ciaobella Kuswoyo, S.Kom",individual,Safina Jailani,individual,2025-12-24,490445490,False,
Gara Hidayanto,individual,R. Aurora Lazuardi,individual,2025-10-20,1501865436,False,
dr. Ami Padmasari,individual,Partai Kebangkitan Rakyat,political-party,2024-07-07,156972923,False,
PD Maryati,corporation,Partai Kebangkitan Rakyat,political-party,2025-02-18,304082563,True,proxy
Vino Pangestu,individual,"Hj. Diah Zulkarnain, S.Farm",individual,2024-01-25,2086379784,False,
dr. Victoria Prakasa,individual,Wani Agustina,individual,2025-07-14,2041994879,True,self_funded
CV Sihombing Rajata,corporation,"Maida Saptono, S.Pt",individual,2025-01-15,652132356,True,proxy
PT Manullang Tbk,corporation,Partai Amanat Rakyat,political-party,2025-06-04,339453571,False,
PT Kuswandari,corporation,Partai Persatuan,political-party,2024-12-01,75550838,True,smurfing
Drs. Karna Sirait,individual,Silvia Mansur,individual,2024-09-23,30837688,True,smurfing
UD Laksmiwati,corporation,Partai Rakyat Sejahtera,political-party,2024-06-23,104147181,False,
Latika Yuniar,individual,Jasmin Prayoga,individual,2024-07-04,188522981,False,
PD Dabukke Prasasta (Persero) Tbk,corporation,Johan Laksmiwati,individual,2024-12-14,19087790143,False,
"Dr. Alika Puspita, S.Ked",individual,Partai Harapan Bangsa,political-party,2024-09-22,15726162,False,
Perum Hakim,corporation,Partai Demokrat,political-party,2025-07-15,1910657866,True,proxy
PD Palastri,corporation,Pangeran Hidayanto,individual,2025-11-11,576641713,True,self_funded
Calista Kusumo,individual,Drs. Yani Prastuti,individual,2024-09-13,1685969151,False,
UD Laksmiwati Firgantoro (Persero) Tbk,corporation,Irwan Santoso,individual,2024-05-12,12030293885,False,
PT Suryono Puspita Tbk,organization,Partai Persatuan,political-party,2024-07-01,1499972844,True,proxy
Adika Mardhiyah,individual,"Okto Siregar, S.E.I",individual,2025-03-31,622725326,False,
H. Mumpuni Wibisono,individual,Partai Persatuan,political-party,2025-08-23,102225710,False,
Perum Hidayat Gunarto (Persero) Tbk,corporation,Cut Fathonah Pradana,individual,2025-03-28,216313851,True,proxy
Karma Susanti,individual,Partai Solidaritas Indonesia,political-party,2025-04-12,159789817,False,
"Hj. Tiara Uwais, M.Kom.",individual,Gangsa Anggraini,individual,2024-05-14,2061393470,False,
"H. Ganda Hardiansyah, M.Pd",individual,Drs. Genta Dabukke,individual,2025-04-17,208328742,True,self_funded
"Hj. Titin Prasetya, S.Gz",individual,Partai Demokrat,political-party,2024-06-26,98643657,False,
Galiono Pudjiastuti,individual,Alika Palastri,individual,2024-03-09,317520690,False,
PT Prasetya (Persero) Tbk,organization,Partai Amanat Rakyat,political-party,2024-01-15,1853772325,True,proxy
Lalita Hidayat,individual,Partai Keadilan Indonesia,political-party,2024-10-24,84028303,False,
Perum Ardianto (Persero) Tbk,corporation,Violet Gunawan,individual,2024-03-27,1249166412,True,proxy
Nova Santoso,individual,Partai Amanat Rakyat,political-party,2025-12-24,106701671,False,
PT Laksmiwati Winarsih (Persero) Tbk,corporation,Nadine Hutapea,individual,2024-04-08,4626433846,False,
PD Suryatmi Ramadan,organization,Siska Hasanah,individual,2025-01-07,285060341,True,proxy
Qori Uwais,individual,Devi Zulkarnain,individual,2024-03-31,804253957,False,
Anastasia Kurniawan,individual,Siti Sitorus,individual,2025-04-13,1853703276,True,self_funded
Perum Hasanah (Persero) Tbk,corporation,Partai Indonesia Maju,political-party,2025-12-29,60386115,True,smurfing
"Drs. Kiandra Damanik, S.Pd",individual,Galih Zulkarnain,individual,2025-08-07,1221981212,True,self_funded
UD Nurdiyanti Puspita,corporation,"Karta Rahayu, M.Farm",individual,2024-09-13,1163982523,True,proxy
PD Prasasta,organization,Lala Widiastuti,individual,2025-05-11,14730963229,False,
Waluyo Aryani,individual,Gabriella Hakim,individual,2024-05-23,818193189,False,
Perum Yulianti Tamba Tbk,organization,Karen Mulyani,individual,2025-11-16,53198041,True,smurfing
UD Wacana Mangunsong (Persero) Tbk,corporation,Citra Oktaviani,individual,2025-11-13,11515077895,True,self_funded
PT Simbolon Simanjuntak,corporation,Partai Persatuan,political-party,2024-02-23,116137255,True,proxy
Perum Maryadi Astuti,corporation,Partai Amanat Rakyat,political-party,2025-01-03,606720096,False,
CV Hasanah Nainggolan (Persero) Tbk,corporation,"R. Kiandra Mansur, S.Farm",individual,2025-11-16,5734741566,True,self_funded
Perum Mahendra Prasetyo (Persero) Tbk,organization,"Dt. Emin Hariyah, M.Pd",individual,2024-11-25,7819491,True,smurfing
Maryanto Gunarto,individual,Partai Rakyat Sejahtera,political-party,2025-08-11,14456962,False,
"Aisyah Tampubolon, S.Pt",individual,"Sutan Simon Gunawan, S.Farm",individual,2025-04-15,570338909,False,
Perum Samosir Usamah (Persero) Tbk,organization,Dr. Hani Yolanda,individual,2025-08-31,61011557,True,smurfing
UD Manullang (Persero) Tbk,organization,"Pia Nurdiyanti, S.IP",individual,2024-07-15,8811105,True,smurfing
Drs. Wani Simanjuntak,individual,"Warsita Siregar, S.T.",individual,2025-08-07,96174157,True,smurfing
PT Megantara Tbk,organization,"Hasim Hassanah, S.Farm",individual,2025-11-27,16788131644,False,
PT Usada (Persero) Tbk,corporation,Partai Indonesia Maju,political-party,2024-02-29,89476517,True,smurfing
Lalita Sitompul,individual,Zelda Habibi,individual,2025-08-25,2095659373,False,
Perum Damanik Gunarto (Persero) Tbk,corporation,Partai Kebangkitan Rakyat,political-party,2025-12-17,51394331,True,smurfing
UD Suryatmi Firmansyah,corporation,"Eko Sinaga, M.Farm",individual,2025-08-10,440113197,True,proxy
Chelsea Anggriawan,individual,Partai Nasional Demokrat,political-party,2025-10-28,176362370,False,
PT Farida Hutapea (Persero) Tbk,corporation,Yance Maheswara,individual,2024-06-07,6493567102,False,
Calista Firgantoro,individual,Alika Wijaya,individual,2024-02-17,1487028726,False,
UD Najmudin (Persero) Tbk,corporation,Abyasa Zulaika,individual,2025-12-17,5951002691,False,
Perum Kusmawati (Persero) Tbk,corporation,Virman Setiawan,individual,2024-04-22,9095369692,False,
PD Waskita Tbk,organization,"Ani Padmasari, M.Farm",individual,2025-09-25,73960202,True,smurfing
Kayla Prastuti,individual,Partai Demokrat,political-party,2024-08-11,91372165,False,
PD Maryati Anggraini (Persero) Tbk,corporation,Kairav Pertiwi,individual,2024-12-31,1283112972,True,self_funded
R.M. Kenes Utami,individual,Partai Persatuan,political-party,2025-12-20,149753958,False,
Marsudi Suryatmi,individual,Partai Demokrat,political-party,2024-02-04,52650333,True,smurfing
Karen Suryatmi,individual,Calista Wahyuni,individual,2024-08-27,1745843186,True,self_funded
"R. Nrima Kuswandari, S.Pd",individual,Partai Amanat Rakyat,political-party,2024-06-05,101134731,False,
UD Budiman Dabukke (Persero) Tbk,corporation,Partai Solidaritas Indonesia,political-party,2025-03-18,484567318,False,
CV Pudjiastuti Nashiruddin,corporation,Cut Devi Pudjiastuti,individual,2025-12-06,8462020344,False,
Tri Suwarno,individual,Partai Solidaritas Indonesia,political-party,2025-09-22,113747613,False,
"Chelsea Simbolon, M.Ak",individual,"Dr. Maria Rajasa, S.Ked",individual,2024-09-01,2180228024,True,self_funded
Garan Januar,individual,Rahayu Winarno,individual,2024-03-08,521115470,False,
Samiah Dongoran,individual,Partai Amanat Rakyat,political-party,2025-02-09,33577410,False,
PT Agustina Rahayu,corporation,Wani Purnawati,individual,2025-06-10,91268574,True,smurfing
CV Anggraini Rajasa (Persero) Tbk,corporation,Parman Anggraini,individual,2024-01-23,14019307104,True,self_funded
CV Hassanah Winarno,corporation,Partai Kebangkitan Rakyat,political-party,2025-03-09,128496497,False,
"Hardi Hastuti, S.Kom",individual,Hj. Iriana Maryadi,individual,2024-07-03,1225997499,False,
Perum Napitupulu,organization,Partai Keadilan Indonesia,political-party,2025-07-10,1023163108,True,over_limit
Perum Wijaya (Persero) Tbk,corporation,Vera Gunarto,individual,2024-12-19,1806075542,True,proxy
Ilyas Ramadan,individual,Partai Rakyat Sejahtera,political-party,2024-09-09,26223476,False,
PT Samosir Anggraini,organization,Partai Persatuan,political-party,2024-07-14,72299137,True,proxy
Perum Siregar,corporation,Saka Manullang,individual,2025-08-18,13141369,True,proxy
Pangeran Marpaung,individual,Tgk. Dagel Palastri,individual,2024-11-03,1790004362,True,self_funded
Eka Marpaung,individual,"Tgk. Dina Wulandari, S.Sos",individual,2025-06-13,252548922,True,self_funded
UD Kuswandari Manullang (Persero) Tbk,organization,R.M. Saadat Rahmawati,individual,2025-10-14,17645792168,False,
Kayla Novitasari,individual,Partai Indonesia Maju,political-party,2024-12-12,46129939,False,
Hamima Riyanti,individual,Lanang Situmorang,individual,2024-06-19,1079824071,False,
PT Budiyanto Tbk,organization,"Hj. Kiandra Pradipta, S.Sos",individual,2025-01-29,51435763,True,smurfing
CV Rajasa Putra Tbk,corporation,"Bahuwirya Hartati, S.I.Kom",individual,2024-03-12,86963332,True,smurfing
Perum Saputra Wasita,corporation,Anita Novitasari,individual,2025-08-12,17708818127,True,self_funded
CV Najmudin Tbk,corporation,Satya Waskita,individual,2025-08-05,9710539980,True,self_funded
CV Mustofa Prabowo,organization,"Ayu Rahmawati, M.TI.",individual,2024-05-11,82640404,True,smurfing
PD Yulianti,corporation,Cinta Hidayat,individual,2025-04-19,18344234299,False,
"KH. Raden Manullang, S.T.",individual,Partai Persatuan,political-party,2025-05-21,146222887,False,
PT Wijaya (Persero) Tbk,corporation,Diana Hutagalung,individual,2024-07-20,17363520472,False,
Zalindra Wastuti,individual,"Ihsan Damanik, M.Farm",individual,2024-05-30,550349555,False,
Perum Kuswoyo Pradipta Tbk,corporation,Prabu Marpaung,individual,2025-04-14,1798779739,False,
UD Sudiati Hasanah (Persero) Tbk,corporation,Nasab Sihotang,individual,2024-02-04,13934654485,True,self_funded
Hj. Kamila Suryatmi,individual,Partai Demokrat,political-party,2025-04-21,94530090,False,
"KH. Liman Lailasari, S.E.I",individual,Wirda Hariyah,individual,2025-09-16,1298952956,False,
UD Palastri Kurniawan Tbk,organization,Koko Dongoran,individual,2024-11-04,687912548,True,proxy
UD Suryono,corporation,Salsabila Prasasta,individual,2024-11-23,12316719204,True,self_funded
Jamalia Siregar,individual,Partai Demokrat,political-party,2025-05-26,114149045,False,
UD Kurniawan,organization,Dr. Embuh Mahendra,individual,2025-08-31,1737038986,True,proxy
Timbul Widodo,individual,Tari Damanik,individual,2024-06-17,573130534,False,
"H. Bakidin Andriani, S.E.",individual,Anom Wijaya,individual,2025-10-27,1145478954,False,
"Ghani Kusmawati, M.TI.",individual,Partai Keadilan Indonesia,political-party,2025-07-25,158978542,False,
Niyaga Mansur,individual,Jinawi Najmudin,individual,2025-01-25,57456771,True,smurfing
UD Ramadan,corporation,"R. Hairyanto Farida, S.E.",individual,2025-02-26,14597188952,False,
CV Mayasari Hastuti Tbk,organization,Rusman Kusumo,individual,2024-09-13,88927103,True,smurfing
UD Waskita Hariyah Tbk,corporation,Partai Indonesia Maju,political-party,2024-12-17,588414594,True,proxy
PT Wahyudin Hardiansyah,corporation,Gantar Widiastuti,individual,2024-08-12,7274423203,False,
CV Nuraini Sihombing,corporation,"Harimurti Pertiwi, M.Ak",individual,2024-02-09,1714066876,False,
Perum Namaga Hardiansyah (Persero) Tbk,corporation,Partai Rakyat Sejahtera,political-party,2025-06-15,636526593,False,
Perum Yolanda,corporation,Daliman Thamrin,individual,2025-04-11,20474046367,False,
UD Puspasari,corporation,Digdaya Maryati,individual,2024-01-25,16356790105,False,
UD Widiastuti,corporation,Partai Harapan Bangsa,political-party,2024-09-10,546787162,False,
CV Habibi Tarihoran (Persero) Tbk,corporation,Partai Indonesia Maju,political-party,2024-11-28,89660328,True,smurfing
PD Hidayat Tbk,organization,Partai Harapan Bangsa,political-party,2025-03-27,83520983,True,smurfing
Perum Gunarto,corporation,Partai Demokrat,political-party,2025-11-21,1153874340,True,over_limit
Melinda Najmudin,individual,Purwadi Mahendra,individual,2025-02-19,743858995,False,
Perum Nababan Agustina (Persero) Tbk,organization,Pia Purnawati,individual,2024-07-17,804236069,True,proxy
UD Saragih Haryanto,corporation,Partai Nasional Demokrat,political-party,2025-05-01,57779961,True,smurfing
"Dr. Elvina Waluyo, M.Ak",individual,Daniswara Wulandari,individual,2024-05-21,2375572476,True,self_funded
Estiawan Rahimah,individual,Partai Amanat Rakyat,political-party,2024-02-19,12890845,False,
"R. Abyasa Hutagalung, S.Kom",individual,Mujur Mayasari,individual,2025-09-06,2083286664,True,self_funded
CV Siregar,organization,"Tgk. Ellis Tampubolon, M.M.",individual,2024-06-04,1203226854,True,proxy
PT Wijaya Puspita Tbk,organization,Karja Padmasari,individual,2025-02-22,82333248,True,smurfing
Cinthia Nugroho,individual,Partai Keadilan Indonesia,political-party,2024-04-28,11632327,False,
"Irsad Puspita, M.Kom.",individual,Partai Demokrat,political-party,2024-02-06,7312222,True,smurfing
Perum Sihombing Mansur (Persero) Tbk,corporation,Partai Harapan Bangsa,political-party,2025-07-13,85773260,False,
Puspa Wacana,individual,Nrima Mustofa,individual,2025-06-28,1036674791,False,
"Nadia Saragih, S.E.",individual,Partai Kebangkitan Rakyat,political-party,2025-07-14,23870884,True,smurfing
"Sutan Dimas Prasetya, M.TI.",individual,Partai Solidaritas Indonesia,political-party,2025-02-11,4354826,False,
PT Sihombing Pertiwi,organization,Partai Amanat Rakyat,political-party,2024-05-29,1609065011,True,proxy
CV Natsir,corporation,Partai Solidaritas Indonesia,political-party,2024-10-11,1278581529,True,proxy
Kezia Siregar,individual,Tirta Pratiwi,individual,2025-04-13,485814210,False,
Halima Wastuti,individual,Ida Putra,individual,2025-03-20,1654506745,False,
PD Maryadi Tbk,corporation,Partai Persatuan,political-party,2024-04-20,1763702479,True,proxy
Eka Najmudin,individual,Partai Demokrat,political-party,2025-02-05,77985215,True,smurfing
PD Pertiwi Tamba,corporation,Tgk. Tira Sihombing,individual,2024-01-18,31591396786,True,over_limit
"R.M. Balidin Aryani, M.Kom.",individual,Unjani Ardianto,individual,2025-09-29,769472319,False,
CV Puspasari,corporation,Julia Tarihoran,individual,2025-09-19,13907431695,False,
Perum Zulaika (Persero) Tbk,corporation,"drg. Xanana Hidayanto, S.Ked",individual,2025-04-01,10603395,True,smurfing
Perum Palastri Samosir,corporation,"Zelaya Agustina, S.Psi",individual,2024-02-21,13377285639,False,
Perum Sitompul Winarno (Persero) Tbk,organization,Partai Solidaritas Indonesia,political-party,2025-09-05,20896819,True,smurfing
Kementerian Keuangan,organization,"Caket Tampubolon, S.Pd",individual,2025-05-24,31086516355,True,illegal_source
PT Lestari (Persero) Tbk,corporation,Padma Gunarto,individual,2025-02-26,1445971977,True,proxy
Drs. Lurhur Natsir,individual,Partai Keadilan Indonesia,political-party,2024-04-01,122755812,False,
"Drs. Humaira Pudjiastuti, M.M.",individual,Partai Amanat Rakyat,political-party,2024-04-14,40031020,True,smurfing
PD Najmudin (Persero) Tbk,corporation,"Shakila Mulyani, M.Farm",individual,2025-04-07,1117314579,True,proxy
"Paiman Nasyidah, S.T.",individual,Fitriani Hidayat,individual,2024-05-21,44074381,True,smurfing
UD Riyanti,corporation,Partai Nasional Demokrat,political-party,2024-03-16,916310423,True,proxy
Cindy Fujiati,individual,KH. Aswani Utami,individual,2024-10-28,330788467,False,
Perum Waluyo Tbk,corporation,Karna Prasetya,individual,2024-04-21,21196536248,False,
PT Wijayanti Hutapea,corporation,Partai Amanat Rakyat,political-party,2024-01-24,601838190,False,
PT Saptono,corporation,"Wage Thamrin, M.TI.",individual,2025-06-23,21226282306,False,
CV Natsir Puspita,corporation,Edi Budiman,individual,2025-02-20,11328067684,True,self_funded
Perum Napitupulu (Persero) Tbk,corporation,Partai Solidaritas Indonesia,political-party,2024-09-25,551412997,False,
Banara Nugroho,individual,Maya Gunawan,individual,2025-01-19,478341217,False,
PD Melani,corporation,Lalita Hakim,individual,2024-06-23,18721775040,False,
Betania Sudiati,individual,Budi Hidayanto,individual,2025-08-22,1247188062,False,
Raden Aryani,individual,Partai Solidaritas Indonesia,political-party,2025-10-24,114784149,False,
Unjani Manullang,individual,Partai Harapan Bangsa,political-party,2025-01-13,154865018,False,
Adikara Nugroho,individual,Cahyadi Yuliarti,individual,2024-10-20,1363715831,True,self_funded
PD Wacana Tbk,organization,Partai Rakyat Sejahtera,political-party,2025-07-20,881926520,True,over_limit
UD Lestari Manullang (Persero) Tbk,organization,Partai Keadilan Indonesia,political-party,2025-07-11,1549083901,True,proxy
Ulva Pradana,individual,Cengkir Nugroho,individual,2025-04-29,409696952,False,
PD Mahendra Suryono,corporation,drg. Gaiman Mardhiyah,individual,2024-09-13,84470423,False,
Perum Puspasari Hidayat,organization,Partai Keadilan Indonesia,political-party,2025-09-29,1398473475,True,proxy
CV Halim,corporation,"drg. Asman Sihombing, M.Ak",individual,2025-05-01,67852555,True,smurfing
Ella Lestari,individual,Partai Keadilan Indonesia,political-party,2025-01-27,163795610,False,
Koko Permata,individual,"Martaka Nasyiah, S.E.",individual,2025-08-29,83151567,True,smurfing
PT Hidayat Saptono (Persero) Tbk,corporation,Zizi Wijayanti,individual,2024-04-18,1218172268,True,proxy
PT Kusmawati,organization,Partai Keadilan Indonesia,political-party,2024-09-11,238104223,False,
UD Sinaga Maryati (Persero) Tbk,corporation,"Hasta Sinaga, M.Pd",individual,2025-12-25,9216354403,False,
Gawati Hidayat,individual,Ikhsan Gunawan,individual,2024-04-05,216189979,False,
drg. Ayu Melani,individual,Wakiman Namaga,individual,2025-04-15,409315208,True,self_funded
PD Simbolon Haryanti Tbk,corporation,"Drs. Violet Prasetyo, S.Kom",individual,2024-09-19,1671405313,True,self_funded
UD Hartati Sihombing,organization,Partai Solidaritas Indonesia,political-party,2024-06-16,67526190,True,smurfing
"Tgk. Lanang Nashiruddin, S.H.",individual,Samiah Lazuardi,individual,2025-09-25,2187870571,False,
Hj. Amelia Prastuti,individual,Clara Rajata,individual,2024-04-10,1072065883,False,
"R.M. Arta Saptono, S.Pt",individual,"Slamet Narpati, S.H.",individual,2025-11-25,2310856277,True,self_funded
"Mumpuni Nasyidah, M.Ak",individual,Ciaobella Najmudin,individual,2024-06-17,10300629,True,self_funded
Perum Irawan (Persero) Tbk,corporation,Partai Kebangkitan Rakyat,political-party,2024-01-02,530062046,False,
Rini Mustofa,individual,Jaya Maulana,individual,2025-04-02,1661937733,True,self_funded
Margana Lailasari,individual,Iriana Riyanti,individual,2025-08-10,282355197,False,
R.A. Agnes Lailasari,individual,Partai Harapan Bangsa,political-party,2024-08-06,12343110,False,
"Gadang Prasetya, S.Ked",individual,drg. Olga Puspita,individual,2024-01-07,84392044,False,
CV Prasetya Tbk,corporation,Zaenab Tarihoran,individual,2024-04-14,65482219,True,smurfing
CV Lazuardi Usada (Persero) Tbk,corporation,Partai Demokrat,political-party,2025-11-14,1418076068,True,proxy
"Drs. Vicky Mardhiyah, M.TI.",individual,Upik Mahendra,individual,2024-06-08,168487599,True,self_funded
PT Winarsih,corporation,"Oliva Aryani, S.Pt",individual,2024-09-18,37314535,True,self_funded
PD Maryadi Winarno Tbk,organization,Partai Persatuan,political-party,2024-01-18,387004771,True,proxy
Perum Tamba Tbk,corporation,Maria Hastuti,individual,2024-11-22,1356876661,True,proxy
Perum Hassanah Manullang Tbk,corporation,Hana Prayoga,individual,2025-10-14,40120404457,True,over_limit
Murti Melani,individual,Yulia Irawan,individual,2025-11-11,1991311847,False,
Perum Mardhiyah Farida,corporation,Partai Amanat Rakyat,political-party,2025-10-27,1901292327,True,proxy
Sakti Wastuti,individual,"Drs. Kenes Wulandari, S.H.",individual,2025-01-28,1274521821,False,
Nugraha Rajasa,individual,"Raditya Wulandari, S.Psi",individual,2025-06-28,1423433620,True,self_funded
Jabal Irawan,individual,Partai Amanat Rakyat,political-party,2024-07-24,167570256,False,
PD Firgantoro Tbk,organization,Ade Pertiwi,individual,2025-08-01,11151323551,False,
Hamima Iswahyudi,individual,Partai Solidaritas Indonesia,political-party,2024-03-30,13915495,True,smurfing
UD Megantara Sudiati Tbk,corporation,Gaduh Megantara,individual,2025-05-31,14136549766,False,
CV Astuti Tbk,corporation,"R. Febi Pangestu, M.Ak",individual,2025-04-16,14930686700,False,
Julia Siregar,individual,"Artanto Zulaika, S.Psi",individual,2024-12-07,506915718,True,self_funded
Kayla Dabukke,individual,T. Darmanto Maryadi,individual,2024-09-22,64659650,True,smurfing
PD Aryani Pudjiastuti,corporation,Bambang Farida,individual,2024-04-01,100514613,True,proxy
PD Gunarto Mayasari Tbk,corporation,Aisyah Gunawan,individual,2025-04-10,1574745242,True,proxy
Kartika Setiawan,individual,Saiful Namaga,individual,2025-04-21,1291568039,False,
"Kamila Prastuti, S.I.Kom",individual,Partai Nasional Demokrat,political-party,2024-05-11,95741776,False,
UD Zulkarnain Tbk,corporation,"Karja Zulaika, S.T.",individual,2024-12-10,1413457820,True,proxy
"Cut Icha Budiman, M.Farm",individual,Irma Prasasta,individual,2024-12-08,871934525,True,self_funded
Kamal Nasyiah,individual,"Dimaz Yuliarti, S.Psi",individual,2025-04-23,872192315,False,
Perum Sudiati Hutagalung,organization,Partai Nasional Demokrat,political-party,2024-04-28,1429991786,True,proxy
UD Napitupulu (Persero) Tbk,organization,Irfan Simanjuntak,individual,2024-07-29,653637943,False,
Perum Tarihoran Prastuti (Persero) Tbk,corporation,Partai Kebangkitan Rakyat,political-party,2025-07-31,305951190,False,
Cici Habibi,individual,Partai Kebangkitan Rakyat,political-party,2024-06-27,81046511,False,
PT Kereta Api Indonesia (Persero),corporation,R. Vanya Yolanda,individual,2024-02-28,15876379576,True,illegal_source
Perum Utami Aryani,corporation,Gara Irawan,individual,2024-04-07,24978512874,True,self_funded
Ir. Prayoga Prabowo,individual,Partai Solidaritas Indonesia,political-party,2024-08-12,129828886,False,
Siska Kurniawan,individual,Partai Solidaritas Indonesia,political-party,2025-01-13,19212466,False,
Vanya Yuniar,individual,Drs. Unggul Najmudin,individual,2024-07-14,633851849,False,
"Puti Prastuti, S.T.",individual,Partai Keadilan Indonesia,political-party,2025-10-15,70550410,False,
Dr. Kezia Melani,individual,"Opung Pradipta, M.TI.",individual,2025-04-01,29586084,True,smurfing
Najwa Uyainah,individual,Nalar Putra,individual,2024-10-23,664503713,True,self_funded
PD Hidayat Ardianto,organization,Partai Solidaritas Indonesia,political-party,2024-08-30,124331829,True,proxy
CV Agustina,corporation,Pia Wahyudin,individual,2025-07-09,21535207236,False,
Balidin Adriansyah,individual,Partai Amanat Rakyat,political-party,2025-10-22,136958833,False,
CV Kusmawati Jailani (Persero) Tbk,organization,Sabar Rahayu,individual,2025-05-03,47596346,True,smurfing
UD Nashiruddin Pradana Tbk,corporation,Partai Demokrat,political-party,2024-08-30,710765853,True,proxy
"Ir. Widya Nuraini, S.Gz",individual,"Tgk. Cengkir Nuraini, S.Kom",individual,2025-09-20,1505210576,False,
Rusman Nababan,individual,Partai Kebangkitan Rakyat,political-party,2024-07-20,97802476,True,smurfing
CV Padmasari (Persero) Tbk,corporation,Partai Rakyat Sejahtera,political-party,2024-12-27,55452002,True,smurfing
PD Mandasari,organization,Partai Keadilan Indonesia,political-party,2024-10-11,442752205,True,proxy
Jinawi Rahmawati,individual,Partai Keadilan Indonesia,political-party,2024-02-06,66642620,False,
UD Usamah,corporation,Partai Amanat Rakyat,political-party,2025-04-15,40236072,True,smurfing
"Dr. Bala Simanjuntak, S.Farm",individual,Partai Solidaritas Indonesia,political-party,2025-01-19,157227996,False,
Cut Yulia Puspita,individual,Martani Hastuti,individual,2024-02-08,1375815436,False,
R. Widya Kuswoyo,individual,Partai Amanat Rakyat,political-party,2024-12-15,72923826,False,
PD Manullang Sihombing Tbk,corporation,Dadap Laksita,individual,2025-04-16,1538751134,True,proxy
Perum Mayasari Yolanda Tbk,organization,Silvia Lestari,individual,2024-11-18,79807536,True,smurfing
UD Zulkarnain Wahyuni,organization,Partai Harapan Bangsa,political-party,2024-09-20,1207799261,True,proxy
Perum Agustina Pudjiastuti,corporation,Martana Sihombing,individual,2025-10-08,6899460296,True,self_funded
Rahmi Damanik,individual,R. Edi Sihombing,individual,2025-04-16,1773052944,False,
"Tgk. Kariman Puspita, S.Gz",individual,Partai Amanat Rakyat,political-party,2024-08-12,2049583,False,
Jamil Pertiwi,individual,Partai Demokrat,political-party,2025-08-09,145823918,False,
UD Wasita,corporation,Partai Keadilan Indonesia,political-party,2025-08-21,40734149,True,smurfing
Tgk. Ida Purnawati,individual,Partai Indonesia Maju,political-party,2024-09-15,59988430,False,
UD Sirait Latupono Tbk,corporation,Caket Prasetyo,individual,2025-10-30,45340989532,True,over_limit
Pia Utama,individual,Ami Sinaga,individual,2025-07-20,742408578,False,
CV Yuniar,organization,Partai Rakyat Sejahtera,political-party,2024-02-01,185153272,True,proxy
CV Usamah Jailani (Persero) Tbk,corporation,Puji Rahimah,individual,2025-10-20,11730098502,False,
Perum Nasyiah,organization,Partai Harapan Bangsa,political-party,2025-09-12,406254511,True,proxy
Amelia Waluyo,individual,Uchita Utama,individual,2024-06-15,1495524643,True,self_funded
UD Zulaika Hariyah Tbk,organization,Bakiman Januar,individual,2024-04-13,8908932791,False,
Kawaya Safitri,individual,Cahyanto Marpaung,individual,2024-08-19,978837818,True,self_funded
PD Sihombing,organization,"Hasan Latupono, S.E.I",individual,2024-02-05,35415736871,True,over_limit
PT Nugroho,corporation,Titin Januar,individual,2024-03-12,13832558737,True,self_funded
PD Sitompul,corporation,R.A. Indah Haryanto,individual,2024-02-03,18465971299,True,self_funded
PT Prasetya,corporation,Cindy Setiawan,individual,2024-03-13,4198871682,False,
Mustofa Mulyani,individual,Partai Demokrat,political-party,2025-08-28,126739704,False,
PD Situmorang,organization,Partai Indonesia Maju,political-party,2024-05-31,85645518,True,smurfing
Maida Nuraini,individual,Partai Keadilan Indonesia,political-party,2025-04-10,141252005,False,
Bahuraksa Saputra,individual,Asirwada Suartini,individual,2024-12-29,531651365,False,
PT Hariyah Anggriawan,organization,Partai Indonesia Maju,political-party,2025-10-05,242784185,False,
Tgk. Ella Irawan,individual,Nasrullah Salahudin,individual,2024-05-06,1702339655,False,
PT Hastuti Dabukke,corporation,Partai Amanat Rakyat,political-party,2025-05-25,169151006,False,
Puti Kayla Nababan,individual,"Ikhsan Prastuti, S.Psi",individual,2024-01-17,931230921,False,
UD Yulianti,organization,Partai Nasional Demokrat,political-party,2025-09-07,83594115,True,smurfing
UD Uyainah,corporation,"Dono Sudiati, S.Pd",individual,2025-11-22,19675516809,True,self_funded
UD Simanjuntak,organization,Harsanto Purnawati,individual,2024-11-22,96681445,True,smurfing
Perum Hassanah (Persero) Tbk,corporation,T. Galiono Manullang,individual,2024-06-11,856535083,True,self_funded
PT Maheswara Pudjiastuti Tbk,corporation,Tedi Gunawan,individual,2024-11-20,39004366,True,smurfing
PT Purwanti Sitorus,corporation,Vega Yulianti,individual,2025-05-31,15728936700,False,
"Sarah Halimah, S.H.",individual,Saka Mansur,individual,2024-04-30,968715271,False,
PT Wibisono Namaga Tbk,corporation,Jaya Haryanto,individual,2024-02-15,21410229653,True,self_funded
PD Wulandari Permadi (Persero) Tbk,organization,Tgk. Murti Najmudin,individual,2024-08-31,61386559,True,smurfing
CV Winarsih,organization,Gabriella Sihombing,individual,2025-05-12,15682385823,False,
Hj. Sakura Kusmawati,individual,Partai Persatuan,political-party,2025-02-03,2489311,True,smurfing
Queen Siregar,individual,Karja Pratama,individual,2025-01-22,662243123,False,
PD Zulkarnain Wulandari,corporation,Irsad Salahudin,individual,2024-07-01,21457521612,True,self_funded
PD Namaga Maryadi Tbk,corporation,Partai Rakyat Sejahtera,political-party,2025-01-27,956173360,True,proxy
UD Sitompul,organization,Partai Amanat Rakyat,political-party,2025-10-08,24043677,True,smurfing
CV Halim Yuniar,corporation,Partai Solidaritas Indonesia,political-party,2024-11-26,582471101,False,
Harja Winarno,individual,Balapati Budiman,individual,2025-08-15,23855957,True,smurfing
Perum Melani Kusumo (Persero) Tbk,corporation,Vicky Palastri,individual,2025-10-01,76137035,True,smurfing
Perum Iswahyudi,corporation,"Prasetya Wibowo, S.Psi",individual,2024-08-27,7676453106,True,self_funded
Titi Kuswandari,individual,Wahyu Handayani,individual,2024-01-03,637538190,True,self_funded
"KH. Bakiman Mardhiyah, M.Farm",individual,Partai Demokrat,political-party,2025-10-09,150110691,False,
Empluk Mayasari,individual,Partai Amanat Rakyat,political-party,2025-01-19,24423193,False,
Hj. Kamaria Hutapea,individual,Dr. Kacung Thamrin,individual,2025-08-14,21802667,False,
Dr. Ratih Rahimah,individual,Partai Persatuan,political-party,2024-04-25,32165493,False,
UD Puspasari,corporation,"Dr. Hasan Purnawati, S.Pd",individual,2025-02-07,14540581756,False,
Drs. Julia Mulyani,individual,Partai Amanat Rakyat,political-party,2024-11-07,25109444,False,
UD Megantara Tbk,corporation,Partai Nasional Demokrat,political-party,2025-09-07,707804889,False,
UD Wijaya Permata,corporation,Partai Amanat Rakyat,political-party,2024-01-03,70074255,True,smurfing
Perum Hariyah Ramadan Tbk,corporation,Partai Amanat Rakyat,political-party,2024-11-20,70154503,False,
"KH. Reza Kusumo, S.Gz",individual,Partai Nasional Demokrat,political-party,2024-03-05,157556766,False,
Kania Napitupulu,individual,Partai Persatuan,political-party,2024-11-13,16984492,False,
Radika Mandala,individual,"Puti Setiawan, S.Farm",individual,2024-06-12,70491205,True,smurfing
CV Yuliarti Wulandari,corporation,Jasmin Wijaya,individual,2024-08-25,1900702785,False,
Mulya Mahendra,individual,Bakti Wibisono,individual,2024-04-16,759642014,False,
Fitria Suwarno,individual,Jagaraga Nasyiah,individual,2024-07-16,455002881,True,self_funded
UD Kuswoyo Zulaika,organization,Limar Wahyudin,individual,2025-03-21,1108780332,True,proxy
Mahesa Zulaika,individual,Partai Harapan Bangsa,political-party,2024-10-09,127859490,False,
PT Purwanti (Persero) Tbk,corporation,Partai Solidaritas Indonesia,political-party,2025-04-29,333752546,False,
CV Gunawan Aryani,organization,Partai Rakyat Sejahtera,political-party,2025-01-15,742920807,True,proxy
"Nadia Hakim, S.I.Kom",individual,Rahman Halimah,individual,2025-10-25,1879209016,False,
Alambana Firmansyah,individual,"Garda Simbolon, M.Kom.",individual,2024-12-28,81498279,True,smurfing
Carla Prasetya,individual,Reza Waluyo,individual,2025-01-30,548622796,True,self_funded
UD Purwanti Pradana,organization,Drs. Darmaji Simbolon,individual,2025-06-04,1536015680,True,proxy
Perum Pradana Tbk,organization,Samsul Wastuti,individual,2024-01-18,27528959,True,smurfing
"Dr. Nyoman Mandasari, S.Pd",individual,Partai Nasional Demokrat,political-party,2024-02-22,83076753,False,
"Karen Manullang, S.Kom",individual,Partai Keadilan Indonesia,political-party,2025-10-09,89321762,False,
Wirda Rahmawati,individual,Partai Indonesia Maju,political-party,2025-11-08,70951694,False,
CV Napitupulu,corporation,Partai Kebangkitan Rakyat,political-party,2024-02-23,55345238,True,smurfing
"Narji Oktaviani, S.Pd",individual,Partai Demokrat,political-party,2025-05-09,44399992,False,
PD Pertiwi (Persero) Tbk,corporation,Partai Persatuan,political-party,2025-08-02,172709498,False,
CV Prabowo Hassanah Tbk,organization,Partai Demokrat,political-party,2025-06-29,77604145,False,
Cakrajiya Utama,individual,Karna Agustina,individual,2024-05-14,1138155369,False,
CV Iswahyudi,corporation,"Cornelia Adriansyah, S.Farm",individual,2025-09-06,588774763,True,proxy
Calista Kurniawan,individual,Partai Indonesia Maju,political-party,2025-01-21,19783056,True,smurfing
PT Hastuti Pradipta (Persero) Tbk,corporation,Prabu Sirait,individual,2025-08-24,3595974778,False,
UD Fujiati Zulkarnain,corporation,Partai Kebangkitan Rakyat,political-party,2024-09-04,48471368,True,smurfing
PD Lailasari Suartini,organization,Partai Keadilan Indonesia,political-party,2025-09-01,66114754,False,
R.M. Rizki Kuswandari,individual,Partai Harapan Bangsa,political-party,2024-01-08,157910754,False,
PD Lailasari Namaga,corporation,Sutan Kuncara Lestari,individual,2024-05-31,2163018534,False,
Dr. Wira Melani,individual,Partai Amanat Rakyat,political-party,2024-12-09,165084309,False,
Perum Wasita Setiawan (Persero) Tbk,corporation,"Kartika Pratama, M.M.",individual,2024-12-11,43803162524,True,over_limit
Waluyo Usamah,individual,"Ir. Luhung Dabukke, S.Psi",individual,2025-07-27,657676166,True,self_funded
UD Agustina (Persero) Tbk,corporation,Argono Kuswoyo,individual,2024-10-30,6685963196,False,
PT Purnawati,corporation,Partai Kebangkitan Rakyat,political-party,2025-12-02,484348709,False,
"Naradi Puspasari, S.I.Kom",individual,"Azalea Agustina, M.Ak",individual,2024-05-12,1308741378,False,
PD Mansur,organization,Partai Harapan Bangsa,political-party,2025-11-16,57261301,True,smurfing
CV Salahudin Oktaviani,corporation,Dina Setiawan,individual,2025-08-20,21395346814,False,
Karsa Anggraini,individual,Puput Firmansyah,individual,2025-01-25,94846852,True,smurfing
Ajeng Jailani,individual,"Drs. Balapati Nuraini, S.Psi",individual,2024-07-22,1598989892,True,self_funded
Ulya Hutapea,individual,Jono Kusumo,individual,2024-05-12,2003042233,False,
Rahman Samosir,individual,Partai Rakyat Sejahtera,political-party,2025-03-30,44046441,False,
"Dt. Halim Wijayanti, S.T.",individual,"Sidiq Saptono, M.Farm",individual,2024-02-01,2188033210,False,
Queen Simbolon,individual,"Jono Puspita, M.Kom.",individual,2024-02-16,124234289,False,
PD Riyanti Gunarto,organization,Partai Kebangkitan Rakyat,political-party,2025-05-29,1847406018,True,proxy
PD Putra Prasetyo (Persero) Tbk,organization,"R. Jessica Nurdiyanti, S.IP",individual,2024-04-11,12681454466,False,
PT Rajata Andriani (Persero) Tbk,corporation,Hasta Zulaika,individual,2025-02-05,149269990,True,proxy
Shania Hidayat,individual,Partai Kebangkitan Rakyat,political-party,2024-08-29,105390208,False,
CV Prayoga,organization,Partai Kebangkitan Rakyat,political-party,2025-08-01,705838253,True,proxy
Yuni Wacana,individual,Partai Rakyat Sejahtera,political-party,2025-03-18,68086458,False,
CV Siregar Tbk,corporation,Drs. Cornelia Kusumo,individual,2025-02-08,12224820496,False,
Perum Zulkarnain Prastuti Tbk,organization,Hilda Susanti,individual,2025-10-26,395354801,True,proxy
Siska Kurniawan,individual,drg. Zelda Pudjiastuti,individual,2024-02-07,214591853,False,
Perum Purnawati Pratiwi Tbk,corporation,Harsanto Sudiati,individual,2024-12-22,16337612253,True,self_funded
PD Yuliarti Tbk,corporation,Karsana Wijaya,individual,2025-10-15,11431517273,False,
PT PLN (Persero),corporation,Partai Keadilan Indonesia,political-party,2024-04-06,318636843,True,illegal_source
Tami Mardhiyah,individual,Partai Amanat Rakyat,political-party,2025-11-10,89194965,False,
PD Hutasoit Sitorus Tbk,corporation,Partai Harapan Bangsa,political-party,2025-06-29,278974747,False,
"Cut Oliva Natsir, S.Psi",individual,Warta Winarsih,individual,2024-11-18,1698911820,False,
CV Wulandari Sihombing (Persero) Tbk,corporation,Partai Amanat Rakyat,political-party,2024-02-20,400458822,False,
PT Oktaviani Firgantoro (Persero) Tbk,organization,Partai Rakyat Sejahtera,political-party,2025-09-18,1884671541,True,proxy
PD Mandala Nuraini,corporation,"Ifa Halimah, S.Farm",individual,2025-07-15,1266391878,True,proxy
"Tgk. Mulyanto Yulianti, S.Farm",individual,Dr. Michelle Hutagalung,individual,2024-08-25,1316996024,False,
CV Lazuardi,corporation,Partai Demokrat,political-party,2025-05-13,1150233998,True,proxy
PD Waluyo (Persero) Tbk,corporation,Kalim Novitasari,individual,2024-06-25,19843526966,False,
Perum Lestari Tbk,corporation,Partai Indonesia Maju,political-party,2025-12-04,1199054136,True,over_limit
Perum Hastuti Kurniawan (Persero) Tbk,corporation,Partai Persatuan,political-party,2024-05-20,1014038575,True,proxy
PD Anggriawan Napitupulu,corporation,Partai Rakyat Sejahtera,political-party,2024-01-02,231163603,False,
PD Zulkarnain Mandasari Tbk,corporation,"drg. Jaeman Permadi, S.Farm",individual,2024-09-22,7118747833,False,
PD Hariyah Wacana (Persero) Tbk,organization,Partai Harapan Bangsa,political-party,2025-06-24,97851252,False,
"Danang Setiawan, S.Farm",individual,"Tgk. Shania Santoso, S.E.I",individual,2025-04-01,1693784830,False,
CV Nasyidah Wahyudin,corporation,Partai Harapan Bangsa,political-party,2025-12-19,204769679,False,
Perum Dabukke Tbk,corporation,"R. Lalita Tamba, S.E.",individual,2025-11-18,5975260230,True,self_funded
PD Megantara,corporation,"Luwes Hutasoit, S.Gz",individual,2025-07-21,3036854646,True,self_funded
Agus Hutasoit,individual,Partai Demokrat,political-party,2024-12-12,156525872,False,
Carla Zulkarnain,individual,Partai Kebangkitan Rakyat,political-party,2024-12-08,59715664,True,smurfing
PD Rahmawati Sinaga Tbk,organization,Partai Amanat Rakyat,political-party,2024-05-17,199031854,False,
Bahuwarna Sinaga,individual,"Dr. Zulfa Susanti, M.Farm",individual,2025-01-20,1458388088,False,
CV Hasanah Tbk,organization,Bagya Manullang,individual,2024-08-04,14265763925,False,
"drg. Laila Mayasari, S.T.",individual,"Yulia Suartini, S.Ked",individual,2025-12-07,1096991440,False,
Puti Cornelia Kurniawan,individual,Zaenab Putra,individual,2024-05-14,583081465,False,
PD Winarsih Agustina,corporation,Partai Persatuan,political-party,2024-01-02,468503069,False,
PD Latupono,organization,Partai Indonesia Maju,political-party,2024-07-19,48763208,True,smurfing
PT Oktaviani Wastuti Tbk,corporation,Bagya Mayasari,individual,2025-12-10,20558455626,False,
Perum Budiyanto Irawan,organization,Partai Keadilan Indonesia,political-party,2025-10-30,211075929,False,
UD Nasyiah Tbk,organization,Partai Harapan Bangsa,political-party,2025-03-14,80544927,True,smurfing
"Tgk. Azalea Thamrin, S.I.Kom",individual,Nalar Anggraini,individual,2024-07-17,1307428678,True,self_funded
UD Latupono Tbk,corporation,Partai Indonesia Maju,political-party,2025-11-02,1342779746,True,over_limit
Xanana Samosir,individual,Partai Solidaritas Indonesia,political-party,2025-01-20,95715813,False,
"Jono Permata, S.I.Kom",individual,Partai Demokrat,political-party,2025-09-03,170310583,False,
Wani Zulkarnain,individual,Drs. Yoga Megantara,individual,2025-06-19,850279000,False,
Perum Maryadi Siregar (Persero) Tbk,corporation,Partai Kebangkitan Rakyat,political-party,2024-04-05,500593261,False,
Maimunah Uyainah,individual,drg. Dipa Sihotang,individual,2025-02-08,662436299,True,self_funded
PT Puspasari (Persero) Tbk,corporation,Iriana Thamrin,individual,2024-06-18,42908254,True,smurfing
PT Siregar Tbk,corporation,"KH. Ian Jailani, M.TI.",individual,2025-08-25,378755668,True,proxy
"KH. Muni Hakim, S.Farm",individual,Partai Kebangkitan Rakyat,political-party,2024-10-25,68406553,False,
Yessi Januar,individual,"T. Putu Putra, S.Farm",individual,2025-01-20,873285999,True,self_funded
PD Latupono Lailasari Tbk,corporation,Partai Kebangkitan Rakyat,political-party,2024-12-14,45196113,True,smurfing
PT Pradana Nasyidah,corporation,Partai Nasional Demokrat,political-party,2025-10-27,658320201,True,proxy
"Zelda Saefullah, M.Kom.",individual,Rachel Fujiati,individual,2024-11-20,1558635023,False,
Winda Permata,individual,Partai Demokrat,political-party,2025-05-20,22626824,True,smurfing
Latika Halim,individual,"Fitria Mandala, S.Kom",individual,2024-10-20,511031920,False,
Ina Sitompul,individual,Wardi Laksmiwati,individual,2025-11-06,64595311,False,
"Drs. Jessica Lestari, S.IP",individual,Partai Harapan Bangsa,political-party,2024-03-06,39367262,False,
CV Uyainah Sinaga,corporation,Partai Nasional Demokrat,political-party,2024-06-06,196124608,False,
PD Latupono Lazuardi (Persero) Tbk,organization,Betania Novitasari,individual,2024-05-11,389615952,False,
"Ir. Darimin Wastuti, S.Pt",individual,Vivi Ardianto,individual,2025-04-06,118696748,False,
PD Winarsih Tbk,corporation,"R.M. Gamanto Anggraini, S.I.Kom",individual,2025-05-28,1972630088,True,proxy
"Karta Siregar, S.IP",individual,Partai Persatuan,political-party,2025-07-12,65312213,False,
Hairyanto Dabukke,individual,Partai Rakyat Sejahtera,political-party,2024-12-10,32187566,False,
Perum Hutasoit,corporation,Partai Persatuan,political-party,2024-08-15,365221510,False,
Bahuwarna Aryani,individual,Partai Harapan Bangsa,political-party,2025-10-16,140431124,False,
PT Purwanti,corporation,"Marsudi Wahyudin, M.Pd",individual,2025-01-19,3148879925,False,
Perum Riyanti Kusmawati,corporation,Zahra Kurniawan,individual,2025-03-05,13975342041,True,self_funded
Hasna Iswahyudi,individual,Adinata Yuliarti,individual,2024-11-01,1427950057,True,self_funded
Perum Rajasa Hidayanto (Persero) Tbk,organization,Partai Amanat Rakyat,political-party,2025-03-08,41361794,True,smurfing
CV Mardhiyah Santoso Tbk,corporation,Drs. Ghani Firmansyah,individual,2024-01-30,66969508,True,smurfing
Kuncara Nugroho,individual,Partai Amanat Rakyat,political-party,2025-04-17,108090812,False,
Martani Marpaung,individual,Partai Keadilan Indonesia,political-party,2024-03-09,61346701,True,smurfing
"Latika Riyanti, M.Farm",individual,Galuh Sitompul,individual,2025-03-05,1334609696,True,self_funded
Perum Pratiwi,organization,Partai Indonesia Maju,political-party,2025-01-27,1429262227,True,proxy
PD Wibowo,organization,Partai Persatuan,political-party,2024-04-28,1253268961,True,proxy
PD Ramadan Tbk,organization,"Tgk. Faizah Winarno, M.Kom.",individual,2024-03-23,35068923947,True,over_limit
"Ir. Mutia Haryanti, M.Farm",individual,Gasti Waluyo,individual,2024-02-23,1877073310,False,
CV Gunarto Tbk,corporation,Titin Namaga,individual,2025-10-23,176399265,True,proxy
PD Mustofa Tbk,corporation,Partai Harapan Bangsa,political-party,2024-08-13,1439981013,True,proxy
Tugiman Budiyanto,individual,Partai Solidaritas Indonesia,political-party,2024-06-27,126038234,False,
PT Hutagalung (Persero) Tbk,organization,Partai Harapan Bangsa,political-party,2024-05-04,201134986,True,proxy
Gasti Zulkarnain,individual,Partai Solidaritas Indonesia,political-party,2024-01-17,16228628,False,
PT Kuswoyo Tbk,corporation,Partai Harapan Bangsa,political-party,2024-07-11,521557760,False,
Waluyo Mulyani,individual,Kamal Anggraini,individual,2025-07-19,1894617304,False,
UD Yolanda Melani (Persero) Tbk,corporation,Luwar Napitupulu,individual,2025-12-09,730938072,True,proxy
PD Sihombing (Persero) Tbk,corporation,Vanya Hasanah,individual,2025-10-13,4749961294,True,self_funded
Padmi Wahyuni,individual,"R. Elisa Maulana, S.E.",individual,2025-08-20,80771899,True,smurfing
Wardaya Suryono,individual,Partai Nasional Demokrat,political-party,2025-09-26,136964152,False,
"Indra Utama, S.H.",individual,Partai Harapan Bangsa,political-party,2024-09-22,36132267,False,
PD Mardhiyah Tbk,corporation,Partai Nasional Demokrat,political-party,2025-12-05,575339885,False,
Perum Sinaga Wahyudin Tbk,organization,"Lanjar Firmansyah, S.Psi",individual,2025-06-28,97438496,True,proxy
CV Mulyani Habibi,organization,Partai Persatuan,political-party,2025-10-26,611843785,False,
PT Prakasa Tbk,corporation,Partai Rakyat Sejahtera,political-party,2024-09-05,88215954,True,smurfing
CV Anggraini,corporation,Vero Prayoga,individual,2024-06-01,23802364,True,smurfing
UD Ardianto,corporation,Prayogo Saragih,individual,2024-07-09,14788303767,False,
UD Hutapea,corporation,Partai Amanat Rakyat,political-party,2025-12-19,242948772,False,
UD Pratama Mahendra (Persero) Tbk,corporation,"Gawati Rahayu, S.T.",individual,2025-11-24,6046591909,True,self_funded
BUMD Energi Nusantara,organization,Partai Demokrat,political-party,2024-03-13,178675831,True,illegal_source
"dr. Kala Hariyah, S.Pd",individual,Nadine Mandasari,individual,2024-07-17,1348794980,False,
PT Maryadi Firgantoro (Persero) Tbk,organization,Calista Halimah,individual,2024-07-14,876611423,False,
"Zulaikha Salahudin, M.Ak",individual,Partai Nasional Demokrat,political-party,2025-03-21,3673024,False,
PT Santoso Permata (Persero) Tbk,organization,Partai Amanat Rakyat,political-party,2025-08-08,465047520,False,
Mujur Nurdiyanti,individual,Partai Harapan Bangsa,political-party,2024-07-28,6176301,True,smurfing
Maras Thamrin,individual,Partai Persatuan,political-party,2025-01-15,53203015,False,
